transaction_id,date,posting_time,day_of_week,department,vendor,category,amount,approval_limit,approver,invoice_number
TXN-000160,2025-01-01,10:05,Wednesday,Marketing,Vendor_053,Supplies,-2944.12,25000,Approver_12,INV-100000
TXN-000287,2025-01-01,09:12,Wednesday,HR,Vendor_035,Supplies,5873.85,15000,Approver_15,INV-100001
TXN-004563,2025-01-01,18:51,Wednesday,Procurement,Vendor_043,Equipment,3782.83,50000,Approver_09,INV-100002
TXN-002558,2025-01-01,16:09,Wednesday,Marketing,Vendor_027,Misc,5595.42,25000,Approver_07,INV-100003
TXN-003074,2025-01-01,16:08,Wednesday,Marketing,Vendor_038,Travel,15000.0,25000,Approver_14,INV-100004
TXN-003356,2025-01-01,11:11,Wednesday,HR,Vendor_056,Misc,286.76,15000,Approver_09,INV-100005
TXN-004193,2025-01-01,10:45,Wednesday,Sales,Vendor_057,Software,11684.28,20000,Approver_13,INV-100006
TXN-004157,2025-01-01,12:00,Wednesday,HR,Vendor_005,Utilities,51135.37,15000,Approver_01,INV-100007
TXN-005475,2025-01-01,13:04,Wednesday,Marketing,Vendor_024,Misc,41.03,25000,Approver_04,INV-100008
TXN-002983,2025-01-01,11:46,Wednesday,Marketing,Vendor_021,Supplies,31366.13,25000,Approver_02,INV-100009
TXN-000883,2025-01-01,10:21,Wednesday,Sales,Vendor_013,Consulting,2415.85,20000,Approver_14,INV-100010
TXN-004418,2025-01-01,13:22,Wednesday,HR,Vendor_043,Utilities,1423.16,15000,Approver_12,INV-100011
TXN-004334,2025-01-01,15:14,Wednesday,Procurement,Vendor_004,Software,3257.88,50000,Approver_11,INV-100012
TXN-001379,2025-01-01,14:37,Wednesday,Marketing,Vendor_017,Misc,11.84,25000,Approver_14,INV-100013
TXN-003632,2025-01-01,11:46,Wednesday,HR,Vendor_045,Consulting,14725.72,15000,Approver_08,INV-100014
TXN-003288,2025-01-01,15:06,Wednesday,HR,Vendor_040,Software,644.49,15000,Approver_11,INV-100015
TXN-000854,2025-01-01,12:40,Wednesday,HR,Vendor_054,Equipment,5307.78,15000,Approver_02,INV-100016
TXN-000061,2025-01-01,18:12,Wednesday,Finance,Vendor_008,Misc,75.55,60000,Approver_02,INV-100017
TXN-001694,2025-01-01,16:26,Wednesday,Finance,Vendor_028,Utilities,110.76,60000,Approver_02,INV-100018
TXN-001534,2025-01-02,08:33,Thursday,Finance,Vendor_030,Misc,59180.67,60000,Approver_03,INV-100019
TXN-002321,2025-01-02,15:40,Thursday,Operations,Vendor_047,Utilities,954.75,30000,Approver_03,INV-100020
TXN-004868,2025-01-02,18:42,Thursday,Sales,Vendor_035,Travel,8774.1,20000,Approver_15,INV-100021
TXN-002602,2025-01-02,16:39,Thursday,Marketing,Vendor_036,Software,1000.0,25000,Approver_15,INV-100022
TXN-003929,2025-01-02,17:23,Thursday,Sales,Vendor_021,Travel,382.35,20000,Approver_01,INV-100023
TXN-001027,2025-01-02,17:44,Thursday,Finance,Vendor_012,Misc,1669.74,60000,Approver_07,INV-100024
TXN-005681,2025-01-02,15:49,Thursday,Operations,Vendor_030,Misc,12.69,30000,Approver_10,INV-100025
TXN-004983,2025-01-02,17:09,Thursday,Finance,Vendor_010,Software,546.63,60000,Approver_01,INV-100026
TXN-005387,2025-01-02,10:53,Thursday,Marketing,Vendor_047,Software,23466.79,25000,Approver_04,INV-100027
TXN-000829,2025-01-02,14:07,Thursday,HR,Vendor_030,Software,40.2,15000,Approver_07,INV-100028
TXN-003466,2025-01-02,16:44,Thursday,HR,Vendor_048,Supplies,510.95,15000,Approver_07,INV-100029
TXN-004736,2025-01-02,10:29,Thursday,Operations,Vendor_032,Software,256.15,30000,Approver_13,INV-100030
TXN-003471,2025-01-02,12:58,Thursday,IT,Vendor_057,Supplies,4009.3,40000,Approver_01,INV-100031
TXN-004276,2025-01-02,15:08,Thursday,Finance,Vendor_003,Consulting,-3355.56,60000,Approver_14,INV-100032
TXN-003128,2025-01-02,15:11,Thursday,Finance,Vendor_009,Utilities,9327.8,60000,Approver_13,INV-100033
TXN-005691,2025-01-02,11:58,Thursday,Operations,Vendor_042,Misc,1324.84,30000,Approver_04,INV-100034
TXN-002649,2025-01-02,12:00,Thursday,HR,Vendor_054,Misc,820.17,15000,Approver_05,INV-100035
TXN-000266,2025-01-02,14:02,Thursday,HR,Vendor_055,Equipment,14101.4,15000,Approver_03,INV-100036
TXN-000821,2025-01-02,16:16,Thursday,Operations,Vendor_050,Consulting,188.24,30000,Approver_12,INV-100037
TXN-003246,2025-01-02,14:38,Thursday,HR,Vendor_059,Misc,52220.84,15000,Approver_06,INV-100038
TXN-002886,2025-01-02,11:13,Thursday,Procurement,Vendor_021,Software,92.31,50000,Approver_02,INV-100039
TXN-005913,2025-01-03,10:43,Friday,Marketing,Vendor_040,Consulting,6329.9,25000,Approver_05,INV-100040
TXN-001063,2025-01-03,16:29,Friday,HR,Vendor_032,Travel,329.2,15000,Approver_07,INV-100041
TXN-001569,2025-01-03,15:47,Friday,Operations,Vendor_005,Equipment,243.29,30000,Approver_13,INV-100042
TXN-004663,2025-01-03,16:46,Friday,HR,Vendor_005,Misc,215.82,15000,Approver_05,INV-100043
TXN-004082,2025-01-03,17:44,Friday,HR,Vendor_056,Equipment,565.61,15000,Approver_11,INV-100044
TXN-004084,2025-01-03,12:35,Friday,Sales,Vendor_028,Misc,128.92,20000,Approver_10,INV-100045
TXN-001099,2025-01-03,16:36,Friday,IT,Vendor_003,Utilities,4023.58,40000,Approver_05,INV-100046
TXN-001223,2025-01-03,18:49,Friday,Sales,Vendor_015,Software,925.57,20000,Approver_14,INV-100047
TXN-000387,2025-01-03,15:20,Friday,Marketing,Vendor_002,Supplies,10000.0,25000,Approver_15,INV-100048
TXN-005859,2025-01-03,17:50,Friday,Sales,Vendor_012,Misc,280.1,20000,Approver_06,INV-100049
TXN-004242,2025-01-03,16:12,Friday,HR,Vendor_042,Consulting,8791.28,15000,Approver_01,INV-100050
TXN-005060,2025-01-03,14:14,Friday,Sales,Vendor_024,Equipment,70.96,20000,Approver_02,INV-100051
TXN-001961,2025-01-03,18:01,Friday,HR,Vendor_001,Consulting,10.72,15000,Approver_01,INV-100052
TXN-004581,2025-01-03,11:22,Friday,Marketing,Vendor_034,Travel,17.84,25000,Approver_01,INV-100053
TXN-003958,2025-01-03,14:45,Friday,IT,Vendor_010,Misc,2189.98,40000,Approver_07,INV-100054
TXN-005342,2025-01-03,09:23,Friday,HR,Vendor_038,Misc,14466.25,15000,Approver_08,INV-100055
TXN-000148,2025-01-03,09:59,Friday,Sales,Vendor_045,Consulting,20000.0,20000,Approver_12,INV-100056
TXN-002300,2025-01-03,11:21,Friday,IT,Vendor_047,Software,116.5,40000,Approver_12,INV-100057
TXN-004706,2025-01-04,02:34,Saturday,Sales,Vendor_019,Software,16.37,20000,Approver_09,INV-100058
TXN-004206,2025-01-06,11:00,Monday,Procurement,Vendor_046,Equipment,49.85,50000,Approver_07,INV-100059
TXN-001256,2025-01-06,14:19,Monday,Finance,Vendor_006,Misc,180.3,60000,Approver_10,INV-100060
TXN-005576,2025-01-06,15:38,Monday,HR,Vendor_011,Travel,221.88,15000,Approver_11,INV-100061
TXN-002531,2025-01-06,10:36,Monday,IT,Vendor_042,Utilities,165.19,40000,Approver_10,INV-100062
TXN-004291,2025-01-06,11:16,Monday,IT,Vendor_055,Utilities,3630.8,40000,Approver_06,INV-100063
TXN-005560,2025-01-06,10:42,Monday,Finance,Vendor_035,Utilities,821.35,60000,Approver_07,INV-100064
TXN-005937,2025-01-06,16:46,Monday,HR,Vendor_002,Software,837.11,15000,Approver_14,INV-100065
TXN-001827,2025-01-06,15:47,Monday,Operations,Vendor_058,Software,366.28,30000,Approver_06,INV-100066
TXN-004991,2025-01-06,14:26,Monday,Finance,Vendor_017,Travel,904.91,60000,Approver_07,INV-100067
TXN-005180,2025-01-06,18:48,Monday,Marketing,Vendor_022,Utilities,11131.89,25000,Approver_07,INV-100068
TXN-002687,2025-01-06,11:17,Monday,Operations,Vendor_031,Equipment,25.07,30000,Approver_01,INV-100069
TXN-005814,2025-01-06,18:09,Monday,Procurement,Vendor_016,Consulting,9326.35,50000,Approver_08,INV-100070
TXN-005748,2025-01-06,15:20,Monday,Sales,Vendor_046,Utilities,3996.31,20000,Approver_11,INV-100071
TXN-001958,2025-01-06,16:36,Monday,Sales,Vendor_049,Supplies,19391.5,20000,Approver_03,INV-100072
TXN-002726,2025-01-06,15:07,Monday,Marketing,Vendor_059,Supplies,6422.89,25000,Approver_11,INV-100073
TXN-000706,2025-01-06,10:39,Monday,Sales,Vendor_032,Equipment,7500.0,20000,Approver_01,INV-100074
TXN-003337,2025-01-06,15:57,Monday,HR,Vendor_028,Consulting,34856.49,15000,Approver_09,INV-100075
TXN-000694,2025-01-06,14:02,Monday,Marketing,Vendor_017,Misc,3729.74,25000,Approver_15,INV-100076
TXN-005215,2025-01-06,10:44,Monday,Sales,Vendor_007,Travel,8698.1,20000,Approver_03,INV-100077
TXN-002635,2025-01-06,10:11,Monday,Operations,Vendor_060,Misc,97.21,30000,Approver_10,INV-100078
TXN-003038,2025-01-06,08:16,Monday,Procurement,Vendor_047,Supplies,36783.04,50000,Approver_10,INV-100079
TXN-002067,2025-01-06,11:30,Monday,IT,Vendor_034,Misc,3192.06,40000,Approver_06,INV-100080
TXN-003565,2025-01-06,15:30,Monday,IT,Vendor_052,Utilities,678.3,40000,Approver_12,INV-100081
TXN-003646,2025-01-06,12:47,Monday,IT,Vendor_020,Misc,77.51,40000,Approver_04,INV-100082
TXN-005750,2025-01-07,12:00,Tuesday,Operations,Vendor_050,Misc,1819.98,30000,Approver_02,INV-100083
TXN-004296,2025-01-07,11:21,Tuesday,Marketing,Vendor_055,Consulting,-2872.01,25000,Approver_05,INV-100084
TXN-000228,2025-01-07,09:14,Tuesday,Marketing,Vendor_021,Supplies,46.11,25000,Approver_15,INV-100085
TXN-003268,2025-01-07,17:11,Tuesday,Marketing,Vendor_001,Software,154.11,25000,Approver_04,INV-100086
TXN-004250,2025-01-07,09:00,Tuesday,Sales,Vendor_006,Software,2621.37,20000,Approver_07,INV-100087
TXN-003870,2025-01-07,09:56,Tuesday,Procurement,Vendor_013,Travel,2613.59,50000,Approver_06,INV-100088
TXN-000135,2025-01-07,09:32,Tuesday,HR,Vendor_034,Utilities,308.07,15000,,INV-100089
TXN-005592,2025-01-07,08:26,Tuesday,Procurement,Vendor_040,Travel,1443.93,50000,Approver_09,INV-100090
TXN-002443,2025-01-07,09:15,Tuesday,Finance,Vendor_058,Equipment,20.89,60000,Approver_07,INV-100091
TXN-002433,2025-01-07,11:17,Tuesday,HR,Vendor_036,Misc,5000.0,15000,Approver_15,INV-100092
TXN-004214,2025-01-07,12:30,Tuesday,Sales,Vendor_020,Supplies,10.66,20000,Approver_14,INV-100093
TXN-004209,2025-01-07,09:40,Tuesday,Sales,Vendor_003,Travel,19125.27,20000,Approver_10,INV-100094
TXN-004062,2025-01-07,13:25,Tuesday,IT,Vendor_013,Travel,5117.23,40000,Approver_11,INV-100095
TXN-000395,2025-01-07,13:58,Tuesday,IT,Vendor_009,Consulting,1572.73,40000,Approver_08,INV-100096
TXN-004158,2025-01-07,11:11,Tuesday,Procurement,Vendor_047,Misc,35.41,50000,Approver_12,INV-100097
TXN-001993,2025-01-07,16:06,Tuesday,Finance,Vendor_025,Utilities,36.97,60000,Approver_01,INV-100098
TXN-003527,2025-01-07,15:24,Tuesday,Marketing,Vendor_035,Software,5000.0,25000,Approver_10,INV-100099
TXN-003000,2025-01-07,10:52,Tuesday,Procurement,Vendor_010,Software,139.09,50000,Approver_01,INV-100100
TXN-005559,2025-01-07,15:10,Tuesday,IT,Vendor_044,Travel,5097.67,40000,Approver_06,INV-100101
TXN-004764,2025-01-07,18:28,Tuesday,Sales,Vendor_024,Consulting,2082.42,20000,Approver_15,INV-100102
TXN-004939,2025-01-07,18:05,Tuesday,Marketing,Vendor_023,Travel,105.37,25000,Approver_03,INV-100103
TXN-004953,2025-01-07,11:50,Tuesday,Operations,Vendor_057,Software,1088.04,30000,Approver_03,INV-100104
TXN-003158,2025-01-07,18:29,Tuesday,Finance,Vendor_030,Supplies,8537.27,60000,Approver_09,INV-100105
TXN-004962,2025-01-07,16:14,Tuesday,Sales,Vendor_032,Utilities,178.53,20000,Approver_03,INV-100106
TXN-004596,2025-01-07,10:23,Tuesday,Marketing,Vendor_051,Consulting,2681.39,25000,Approver_05,INV-100107
TXN-005015,2025-01-07,16:39,Tuesday,Finance,Vendor_035,Utilities,176.39,60000,Approver_12,INV-100108
TXN-002750,2025-01-07,18:47,Tuesday,IT,Vendor_003,Travel,4074.07,40000,Approver_08,INV-100109
TXN-002753,2025-01-07,12:29,Tuesday,Operations,Vendor_033,Consulting,124.81,30000,Approver_09,INV-100110
TXN-002965,2025-01-07,11:09,Tuesday,Operations,Vendor_045,Equipment,192.03,30000,Approver_13,INV-100106
TXN-001336,2025-01-07,15:45,Tuesday,Marketing,Vendor_057,Misc,23909.92,25000,Approver_06,INV-100112
TXN-000714,2025-01-07,09:54,Tuesday,Sales,Vendor_045,Equipment,2797.59,20000,Approver_09,INV-100113
TXN-001885,2025-01-08,10:53,Wednesday,IT,Vendor_025,Software,3030.77,40000,Approver_01,INV-100114
TXN-001085,2025-01-08,15:23,Wednesday,Sales,Vendor_038,Supplies,281.5,20000,Approver_02,INV-100115
TXN-003628,2025-01-08,17:35,Wednesday,Finance,Vendor_025,Consulting,98407.31,60000,Approver_06,INV-100116
TXN-004091,2025-01-08,11:07,Wednesday,Finance,Vendor_049,Consulting,2057.04,60000,Approver_07,INV-100117
TXN-001052,2025-01-08,15:26,Wednesday,Procurement,Vendor_027,Utilities,41.33,50000,Approver_05,INV-100118
TXN-004077,2025-01-08,10:33,Wednesday,Marketing,Vendor_005,Software,23643.03,25000,Approver_08,INV-100119
TXN-001686,2025-01-08,11:03,Wednesday,Sales,Vendor_011,Utilities,862.58,20000,Approver_14,INV-100120
TXN-002233,2025-01-08,17:38,Wednesday,Operations,Vendor_019,Misc,1470.72,30000,Approver_06,INV-100121
TXN-002891,2025-01-08,09:30,Wednesday,Finance,Vendor_010,Equipment,179.88,60000,Approver_02,INV-100122
TXN-005290,2025-01-08,16:48,Wednesday,IT,Vendor_032,Software,5000.0,40000,Approver_13,INV-100123
TXN-003353,2025-01-08,12:52,Wednesday,Operations,Vendor_047,Misc,83.42,30000,Approver_09,INV-100124
TXN-001103,2025-01-08,15:05,Wednesday,IT,Vendor_057,Equipment,1849.57,40000,Approver_01,INV-100125
TXN-002937,2025-01-08,16:02,Wednesday,Sales,Vendor_009,Utilities,1000.0,20000,Approver_06,INV-100126
TXN-003808,2025-01-08,10:26,Wednesday,Finance,Vendor_011,Travel,753.46,60000,Approver_12,INV-100127
TXN-003412,2025-01-08,13:51,Wednesday,Sales,Vendor_057,Equipment,10.76,20000,Approver_06,INV-100128
TXN-000067,2025-01-08,10:03,Wednesday,IT,Vendor_058,Consulting,788.48,40000,Approver_13,INV-100129
TXN-004031,2025-01-08,15:51,Wednesday,IT,Vendor_016,Supplies,906.33,40000,Approver_15,INV-100130
TXN-003265,2025-01-08,11:29,Wednesday,HR,Vendor_008,Equipment,13611.34,15000,Approver_01,INV-100131
TXN-001262,2025-01-08,11:18,Wednesday,Marketing,Vendor_044,Misc,46.48,25000,Approver_09,INV-100132
TXN-001506,2025-01-08,18:39,Wednesday,Procurement,Vendor_030,Supplies,346.7,50000,Approver_04,INV-100133
TXN-001195,2025-01-08,13:16,Wednesday,Sales,Vendor_060,Misc,3000.27,20000,Approver_05,INV-100134
TXN-000471,2025-01-08,11:50,Wednesday,Finance,Vendor_045,Software,547.65,60000,Approver_12,INV-100135
TXN-005557,2025-01-08,11:09,Wednesday,Procurement,Vendor_005,Utilities,40.82,50000,Approver_05,INV-100136
TXN-000449,2025-01-08,17:15,Wednesday,HR,Vendor_016,Utilities,11.23,15000,Approver_05,INV-100137
TXN-001770,2025-01-09,12:38,Thursday,Procurement,Vendor_016,Consulting,386.05,50000,,INV-100138
TXN-002708,2025-01-09,10:50,Thursday,Operations,Vendor_044,Supplies,13.97,30000,Approver_10,INV-100139
TXN-005785,2025-01-09,12:25,Thursday,HR,Vendor_045,Travel,111.63,15000,Approver_11,INV-100140
TXN-000777,2025-01-09,13:20,Thursday,IT,Vendor_011,Software,11.43,40000,Approver_05,INV-100141
TXN-003438,2025-01-09,10:55,Thursday,Procurement,Vendor_045,Misc,131.65,50000,Approver_07,INV-100142
TXN-000760,2025-01-09,11:48,Thursday,Sales,Vendor_058,Utilities,2500.0,20000,Approver_09,INV-100143
TXN-005173,2025-01-09,10:23,Thursday,Finance,Vendor_054,Equipment,2097.64,60000,Approver_14,INV-100144
TXN-000009,2025-01-09,16:43,Thursday,Procurement,Vendor_033,Consulting,103.3,50000,Approver_08,INV-100145
TXN-001454,2025-01-09,11:23,Thursday,Marketing,Vendor_038,Software,12.59,25000,Approver_02,INV-100146
TXN-000702,2025-01-09,16:17,Thursday,Marketing,Vendor_055,Misc,22717.14,25000,Approver_09,INV-100147
TXN-004279,2025-01-09,16:18,Thursday,Marketing,Vendor_012,Utilities,243.42,25000,Approver_05,INV-100148
TXN-001235,2025-01-09,11:49,Thursday,Finance,Vendor_015,Consulting,88955.03,60000,Approver_11,INV-100149
TXN-003197,2025-01-09,17:56,Thursday,Marketing,Vendor_002,Utilities,952.25,25000,Approver_01,INV-100150
TXN-002327,2025-01-09,15:36,Thursday,IT,Vendor_060,Software,6990.53,40000,Approver_11,INV-100151
TXN-003082,2025-01-09,12:51,Thursday,Sales,Vendor_057,Consulting,56.29,20000,Approver_06,INV-100152
TXN-000970,2025-01-09,12:00,Thursday,Procurement,Vendor_008,Software,2620.37,50000,Approver_07,INV-100153
TXN-000141,2025-01-09,10:56,Thursday,Operations,Vendor_011,Equipment,44.82,30000,Approver_02,INV-100154
TXN-001288,2025-01-10,10:03,Friday,Procurement,Vendor_007,Travel,66.49,50000,Approver_13,INV-100155
TXN-000176,2025-01-10,10:56,Friday,Procurement,Vendor_004,Supplies,7943.71,50000,Approver_10,INV-100156
TXN-003821,2025-01-10,15:24,Friday,Operations,Vendor_018,Supplies,1945.69,30000,Approver_14,INV-100157
TXN-001204,2025-01-10,15:13,Friday,Marketing,Vendor_009,Utilities,388.1,25000,Approver_10,INV-100158
TXN-003789,2025-01-10,14:18,Friday,Finance,Vendor_048,Travel,1735.43,60000,Approver_06,INV-100159
TXN-005782,2025-01-10,15:16,Friday,IT,Vendor_044,Utilities,6016.06,40000,Approver_02,INV-100160
TXN-005549,2025-01-10,15:40,Friday,IT,Vendor_026,Misc,13.61,40000,Approver_05,INV-100161
TXN-003712,2025-01-10,17:33,Friday,HR,Vendor_009,Travel,16961.64,15000,Approver_10,INV-100162
TXN-005398,2025-01-10,18:22,Friday,Marketing,Vendor_048,Misc,22601.05,25000,Approver_01,INV-100163
TXN-005130,2025-01-10,12:53,Friday,Operations,Vendor_001,Travel,65824.56,30000,Approver_11,INV-100164
TXN-005275,2025-01-10,16:43,Friday,Marketing,Vendor_021,Software,219.75,25000,Approver_15,INV-100165
TXN-004691,2025-01-10,17:20,Friday,Procurement,Vendor_040,Consulting,637.18,50000,Approver_10,INV-100166
TXN-001457,2025-01-10,16:25,Friday,Procurement,Vendor_029,Misc,244.1,50000,Approver_06,INV-100167
TXN-002178,2025-01-10,11:13,Friday,HR,Vendor_054,Software,5258.76,15000,Approver_07,INV-100168
TXN-000214,2025-01-10,16:45,Friday,Marketing,Vendor_036,Utilities,154.18,25000,Approver_13,INV-100169
TXN-001679,2025-01-10,15:43,Friday,HR,Vendor_008,Travel,55090.77,15000,Approver_07,INV-100170
TXN-001501,2025-01-10,14:55,Friday,HR,Vendor_004,Utilities,7630.44,15000,Approver_06,INV-100171
TXN-003564,2025-01-10,10:11,Friday,Marketing,Vendor_005,Supplies,4441.87,25000,Approver_11,INV-100172
TXN-000814,2025-01-10,14:30,Friday,Sales,Vendor_015,Supplies,138.94,20000,Approver_14,INV-100173
TXN-003862,2025-01-10,15:58,Friday,IT,Vendor_054,Supplies,50.26,40000,Approver_11,INV-100174
TXN-000864,2025-01-10,16:28,Friday,Marketing,Vendor_035,Misc,184.88,25000,Approver_03,INV-100175
TXN-000565,2025-01-10,15:16,Friday,Procurement,Vendor_013,Supplies,6479.96,50000,Approver_07,INV-100176
TXN-001726,2025-01-10,11:33,Friday,Marketing,Vendor_001,Equipment,8323.39,25000,Approver_10,INV-100177
TXN-003224,2025-01-10,12:06,Friday,IT,Vendor_008,Software,3051.47,40000,Approver_06,INV-100178
TXN-005685,2025-01-10,13:50,Friday,IT,Vendor_030,Utilities,272.24,40000,Approver_13,INV-100179
TXN-001775,2025-01-10,15:50,Friday,Marketing,Vendor_020,Travel,1178.29,25000,Approver_09,INV-100180
TXN-001020,2025-01-10,18:29,Friday,Finance,Vendor_054,Supplies,946.39,60000,Approver_12,INV-100181
TXN-002322,2025-01-10,16:44,Friday,IT,Vendor_050,Supplies,3276.23,40000,Approver_02,INV-100182
TXN-005615,2025-01-10,12:18,Friday,Procurement,Vendor_027,Software,376.26,50000,Approver_09,INV-100183
TXN-001219,2025-01-11,09:46,Saturday,Marketing,Vendor_031,Software,580.29,25000,Approver_07,INV-100184
TXN-000711,2025-01-12,09:24,Sunday,Finance,Vendor_011,Utilities,228.78,60000,Approver_01,INV-100185
TXN-004163,2025-01-13,12:26,Monday,Procurement,Vendor_059,Misc,18.39,50000,Approver_03,INV-100186
TXN-005272,2025-01-13,14:53,Monday,Marketing,Vendor_007,Misc,1670.67,25000,Approver_01,INV-100187
TXN-001165,2025-01-13,11:11,Monday,Sales,Vendor_043,Supplies,817.9,20000,Approver_05,INV-100188
TXN-004741,2025-01-13,14:39,Monday,Operations,Vendor_042,Travel,14.0,30000,Approver_08,INV-100189
TXN-003670,2025-01-13,15:39,Monday,Operations,Vendor_049,Utilities,63.1,30000,Approver_13,INV-100190
TXN-005010,2025-01-13,15:37,Monday,Marketing,Vendor_008,Software,10000.0,25000,Approver_04,INV-100191
TXN-005486,2025-01-13,10:39,Monday,Marketing,Vendor_035,Travel,-1236.09,25000,Approver_09,INV-100192
TXN-004865,2025-01-13,15:46,Monday,Procurement,Vendor_017,Software,48397.15,50000,Approver_04,INV-100193
TXN-001338,2025-01-13,12:13,Monday,Sales,Vendor_002,Utilities,619.75,20000,Approver_13,INV-100190
TXN-000772,2025-01-13,11:01,Monday,Sales,Vendor_032,Utilities,907.78,20000,Approver_13,INV-100195
TXN-003884,2025-01-13,13:38,Monday,Marketing,Vendor_013,Utilities,115.29,25000,Approver_10,INV-100196
TXN-004054,2025-01-13,14:19,Monday,HR,Vendor_058,Equipment,7133.84,15000,Approver_09,INV-100197
TXN-004221,2025-01-13,13:04,Monday,Marketing,Vendor_039,Travel,9160.87,25000,Approver_15,INV-100198
TXN-001866,2025-01-13,10:20,Monday,Marketing,Vendor_044,Utilities,188.18,25000,Approver_11,INV-100199
TXN-001066,2025-01-13,09:40,Monday,Finance,Vendor_040,Utilities,136.37,60000,Approver_09,INV-100200
TXN-005595,2025-01-13,11:53,Monday,Marketing,Vendor_028,Supplies,107.74,25000,,INV-100201
TXN-001692,2025-01-13,15:46,Monday,Marketing,Vendor_033,Misc,285.28,25000,Approver_14,INV-100202
TXN-003266,2025-01-13,11:21,Monday,Operations,Vendor_048,Consulting,6540.33,30000,Approver_09,INV-100203
TXN-002849,2025-01-13,11:52,Monday,Finance,Vendor_004,Consulting,123.85,60000,Approver_12,INV-100200
TXN-005883,2025-01-13,11:10,Monday,Operations,Vendor_036,Utilities,500.85,30000,Approver_07,INV-100201
TXN-002761,2025-01-13,16:39,Monday,Marketing,Vendor_056,Software,4020.64,25000,Approver_06,INV-100206
TXN-002591,2025-01-13,11:59,Monday,Procurement,Vendor_054,Equipment,-1786.71,50000,Approver_13,INV-100207
TXN-002217,2025-01-13,09:33,Monday,Marketing,Vendor_040,Supplies,489.19,25000,Approver_04,INV-100208
TXN-000073,2025-01-13,14:03,Monday,Operations,Vendor_034,Misc,445.47,30000,Approver_04,INV-100209
TXN-001862,2025-01-14,14:11,Tuesday,Marketing,Vendor_031,Travel,11.87,25000,Approver_10,INV-100210
TXN-003445,2025-01-14,15:08,Tuesday,Marketing,Vendor_044,Consulting,84979.71,25000,Approver_01,INV-100211
TXN-005603,2025-01-14,17:51,Tuesday,Finance,Vendor_018,Misc,-1786.01,60000,Approver_15,INV-100212
TXN-000071,2025-01-14,10:50,Tuesday,Marketing,Vendor_018,Supplies,7856.1,25000,Approver_15,INV-100213
TXN-004474,2025-01-14,13:29,Tuesday,IT,Vendor_060,Travel,701.6,40000,Approver_08,INV-100214
TXN-001318,2025-01-14,10:58,Tuesday,Marketing,Vendor_031,Travel,342.06,25000,Approver_02,INV-100215
TXN-005353,2025-01-14,18:37,Tuesday,Procurement,Vendor_052,Consulting,144.46,50000,Approver_09,INV-100216
TXN-001225,2025-01-14,15:39,Tuesday,Procurement,Vendor_022,Supplies,-3829.34,50000,Approver_04,INV-100217
TXN-001000,2025-01-14,16:07,Tuesday,Finance,Vendor_012,Misc,445.74,60000,Approver_03,INV-100218
TXN-000794,2025-01-14,14:25,Tuesday,Marketing,Vendor_029,Misc,87762.73,25000,Approver_12,INV-100219
TXN-001792,2025-01-14,17:13,Tuesday,IT,Vendor_052,Supplies,3426.93,40000,Approver_08,INV-100220
TXN-003360,2025-01-14,10:44,Tuesday,IT,Vendor_001,Supplies,5615.68,40000,Approver_12,INV-100221
TXN-003417,2025-01-14,18:37,Tuesday,Finance,Vendor_034,Supplies,55513.84,60000,Approver_12,INV-100222
TXN-005379,2025-01-14,18:15,Tuesday,Sales,Vendor_053,Consulting,951.5,20000,Approver_01,INV-100223
TXN-005784,2025-01-14,10:16,Tuesday,Operations,Vendor_015,Supplies,-1207.75,30000,Approver_04,INV-100224
TXN-001466,2025-01-14,14:13,Tuesday,Marketing,Vendor_036,Equipment,24.18,25000,Approver_08,INV-100225
TXN-000634,2025-01-14,18:56,Tuesday,Finance,Vendor_049,Consulting,394.77,60000,Approver_10,INV-100226
TXN-001427,2025-01-14,11:20,Tuesday,HR,Vendor_044,Travel,16.0,15000,Approver_08,INV-100227
TXN-003029,2025-01-14,15:11,Tuesday,Marketing,Vendor_050,Supplies,20.04,25000,Approver_09,INV-100228
TXN-004768,2025-01-14,15:53,Tuesday,IT,Vendor_053,Equipment,27.29,40000,Approver_13,INV-100229
TXN-005957,2025-01-14,11:06,Tuesday,IT,Vendor_015,Software,31.77,40000,Approver_12,INV-100230
TXN-003072,2025-01-15,11:15,Wednesday,Marketing,Vendor_023,Misc,600.62,25000,Approver_02,INV-100231
TXN-001600,2025-01-15,10:24,Wednesday,Procurement,Vendor_040,Utilities,119.48,50000,Approver_04,INV-100232
TXN-005438,2025-01-15,12:34,Wednesday,Marketing,Vendor_027,Supplies,250.23,25000,Approver_02,INV-100233
TXN-003432,2025-01-15,16:58,Wednesday,Finance,Vendor_038,Misc,-1953.08,60000,Approver_09,INV-100234
TXN-001655,2025-01-15,18:25,Wednesday,Operations,Vendor_010,Consulting,969.7,30000,Approver_07,INV-100235
TXN-000255,2025-01-15,15:25,Wednesday,Finance,Vendor_029,Consulting,14.81,60000,Approver_06,INV-100236
TXN-004665,2025-01-15,13:08,Wednesday,HR,Vendor_047,Travel,35.52,15000,Approver_11,INV-100237
TXN-005673,2025-01-15,15:42,Wednesday,Operations,Vendor_002,Supplies,655.8,30000,Approver_12,INV-100238
TXN-000495,2025-01-15,16:33,Wednesday,HR,Vendor_016,Utilities,34.78,15000,Approver_01,INV-100239
TXN-001887,2025-01-15,11:43,Wednesday,HR,Vendor_006,Consulting,210.81,15000,Approver_03,INV-100240
TXN-000768,2025-01-15,14:07,Wednesday,HR,Vendor_053,Consulting,23084.61,15000,Approver_06,INV-100241
TXN-004720,2025-01-15,16:09,Wednesday,Finance,Vendor_035,Misc,739.18,60000,Approver_14,INV-100242
TXN-005155,2025-01-15,10:59,Wednesday,Marketing,Vendor_021,Equipment,362.51,25000,Approver_01,INV-100243
TXN-004725,2025-01-15,09:50,Wednesday,Operations,Vendor_012,Software,3670.53,30000,Approver_07,INV-100244
TXN-005935,2025-01-15,14:15,Wednesday,Sales,Vendor_002,Travel,2847.63,20000,Approver_04,INV-100245
TXN-000117,2025-01-15,16:03,Wednesday,Operations,Vendor_002,Misc,2083.3,30000,Approver_13,INV-100246
TXN-004727,2025-01-15,15:19,Wednesday,IT,Vendor_021,Travel,4540.03,40000,Approver_10,INV-100247
TXN-000965,2025-01-15,12:03,Wednesday,Finance,Vendor_057,Software,6733.06,60000,Approver_15,INV-100248
TXN-001358,2025-01-15,11:37,Wednesday,Operations,Vendor_034,Equipment,173.09,30000,Approver_07,INV-100249
TXN-003178,2025-01-15,10:37,Wednesday,Procurement,Vendor_010,Utilities,563.86,50000,Approver_04,INV-100250
TXN-005378,2025-01-15,17:51,Wednesday,Marketing,Vendor_033,Supplies,7317.68,25000,Approver_03,INV-100251
TXN-000301,2025-01-16,12:37,Thursday,Marketing,Vendor_045,Supplies,758.85,25000,Approver_13,INV-100252
TXN-001067,2025-01-16,10:59,Thursday,Finance,Vendor_031,Supplies,47.12,60000,Approver_11,INV-100253
TXN-001800,2025-01-16,11:34,Thursday,IT,Vendor_054,Software,18.17,40000,Approver_02,INV-100254
TXN-001695,2025-01-16,14:35,Thursday,HR,Vendor_057,Travel,553.08,15000,Approver_11,INV-100255
TXN-001720,2025-01-16,16:18,Thursday,Finance,Vendor_020,Supplies,335.03,60000,Approver_04,INV-100256
TXN-003302,2025-01-16,08:12,Thursday,Finance,Vendor_050,Consulting,72.0,60000,Approver_13,INV-100257
TXN-001677,2025-01-16,18:58,Thursday,Finance,Vendor_008,Utilities,116.73,60000,Approver_02,INV-100254
TXN-002261,2025-01-16,17:13,Thursday,IT,Vendor_033,Misc,18.97,40000,Approver_06,INV-100259
TXN-001071,2025-01-16,13:35,Thursday,Operations,Vendor_005,Travel,110.51,30000,Approver_06,INV-100260
TXN-001110,2025-01-16,12:01,Thursday,Operations,Vendor_036,Utilities,785.98,30000,Approver_10,INV-100261
TXN-002302,2025-01-16,12:41,Thursday,Finance,Vendor_038,Consulting,167.38,60000,Approver_13,INV-100262
TXN-003815,2025-01-16,16:05,Thursday,IT,Vendor_050,Consulting,494.38,40000,Approver_01,INV-100263
TXN-004333,2025-01-16,16:20,Thursday,IT,Vendor_017,Software,428.38,40000,Approver_05,INV-100264
TXN-000683,2025-01-16,14:11,Thursday,IT,Vendor_006,Consulting,470.29,40000,Approver_01,INV-100265
TXN-002795,2025-01-16,12:40,Thursday,Sales,Vendor_057,Travel,189.99,20000,Approver_11,INV-100266
TXN-000720,2025-01-16,09:18,Thursday,Operations,Vendor_026,Misc,105.58,30000,Approver_13,INV-100267
TXN-002782,2025-01-16,15:00,Thursday,HR,Vendor_059,Travel,-3436.78,15000,Approver_02,INV-100268
TXN-000354,2025-01-16,09:47,Thursday,IT,Vendor_013,Utilities,767.3,40000,Approver_04,INV-100269
TXN-003701,2025-01-16,13:58,Thursday,Marketing,Vendor_020,Consulting,99680.36,25000,Approver_07,INV-100270
TXN-002006,2025-01-16,10:18,Thursday,Marketing,Vendor_021,Equipment,894.4,25000,Approver_14,INV-100271
TXN-002904,2025-01-16,17:33,Thursday,Procurement,Vendor_042,Utilities,6643.39,50000,Approver_09,INV-100272
TXN-005593,2025-01-16,17:52,Thursday,IT,Vendor_021,Travel,480.49,40000,Approver_11,INV-100273
TXN-003434,2025-01-16,16:22,Thursday,Finance,Vendor_006,Utilities,1474.55,60000,,INV-100274
TXN-004633,2025-01-16,12:19,Thursday,Procurement,Vendor_007,Travel,614.63,50000,Approver_12,INV-100275
TXN-000470,2025-01-16,18:45,Thursday,Marketing,Vendor_029,Software,208.94,25000,Approver_01,INV-100276
TXN-004601,2025-01-16,16:06,Thursday,HR,Vendor_027,Equipment,15.99,15000,Approver_11,INV-100277
TXN-002074,2025-01-17,09:56,Friday,Operations,Vendor_007,Travel,87.44,30000,Approver_10,INV-100278
TXN-005386,2025-01-17,16:34,Friday,Procurement,Vendor_002,Supplies,49361.69,50000,Approver_14,INV-100279
TXN-005735,2025-01-17,17:05,Friday,Operations,Vendor_040,Supplies,8655.09,30000,Approver_06,INV-100280
TXN-005399,2025-01-17,15:09,Friday,Finance,Vendor_045,Consulting,501.98,60000,Approver_11,INV-100281
TXN-002192,2025-01-17,17:17,Friday,Sales,Vendor_017,Utilities,13.71,20000,Approver_10,INV-100282
TXN-002243,2025-01-17,11:55,Friday,IT,Vendor_003,Supplies,23.25,40000,Approver_11,INV-100283
TXN-003047,2025-01-17,11:28,Friday,Procurement,Vendor_057,Misc,96.14,50000,Approver_02,INV-100284
TXN-000826,2025-01-17,14:29,Friday,Sales,Vendor_046,Travel,41.65,20000,Approver_03,INV-100285
TXN-004355,2025-01-17,15:44,Friday,IT,Vendor_041,Travel,45.3,40000,Approver_04,INV-100286
TXN-001669,2025-01-17,13:03,Friday,Sales,Vendor_035,Supplies,93103.96,20000,Approver_09,INV-100287
TXN-002068,2025-01-17,11:49,Friday,Marketing,Vendor_021,Software,86.02,25000,Approver_04,INV-100288
TXN-003135,2025-01-17,09:00,Friday,Procurement,Vendor_003,Misc,3375.21,50000,Approver_05,INV-100289
TXN-003423,2025-01-17,10:44,Friday,Procurement,Vendor_037,Utilities,12.38,50000,Approver_02,INV-100290
TXN-000849,2025-01-17,16:37,Friday,Finance,Vendor_008,Travel,-2884.78,60000,Approver_08,INV-100291
TXN-002573,2025-01-17,18:24,Friday,Procurement,Vendor_015,Equipment,1764.44,50000,Approver_04,INV-100292
TXN-001976,2025-01-17,11:57,Friday,IT,Vendor_044,Software,1523.05,40000,Approver_10,INV-100293
TXN-001593,2025-01-17,09:44,Friday,Finance,Vendor_031,Consulting,115.7,60000,Approver_02,INV-100294
TXN-000671,2025-01-17,17:39,Friday,HR,Vendor_022,Misc,164.29,15000,Approver_02,INV-100295
TXN-002119,2025-01-17,18:24,Friday,Marketing,Vendor_048,Equipment,1103.45,25000,Approver_01,INV-100296
TXN-003301,2025-01-20,12:51,Monday,Procurement,Vendor_032,Travel,41.86,50000,Approver_03,INV-100297
TXN-002579,2025-01-20,17:16,Monday,Finance,Vendor_055,Equipment,30757.73,60000,Approver_13,INV-100298
TXN-004402,2025-01-20,16:55,Monday,Marketing,Vendor_048,Travel,542.19,25000,Approver_08,INV-100299
TXN-000152,2025-01-20,13:49,Monday,Finance,Vendor_036,Supplies,3790.32,60000,Approver_05,INV-100300
TXN-000374,2025-01-20,18:58,Monday,Sales,Vendor_004,Consulting,15000.0,20000,Approver_08,INV-100301
TXN-000103,2025-01-20,15:37,Monday,Sales,Vendor_022,Software,2305.46,20000,Approver_03,INV-100302
TXN-004662,2025-01-20,16:48,Monday,IT,Vendor_058,Misc,732.58,40000,Approver_03,INV-100303
TXN-004326,2025-01-20,15:09,Monday,IT,Vendor_015,Consulting,23.38,40000,Approver_10,INV-100304
TXN-000766,2025-01-20,16:01,Monday,Finance,Vendor_022,Misc,17.2,60000,Approver_09,INV-100305
TXN-005391,2025-01-20,15:20,Monday,Procurement,Vendor_032,Utilities,-502.75,50000,Approver_05,INV-100306
TXN-002652,2025-01-20,15:43,Monday,Operations,Vendor_054,Travel,10106.49,30000,Approver_06,INV-100307
TXN-002793,2025-01-20,16:42,Monday,IT,Vendor_051,Misc,53.91,40000,Approver_10,INV-100308
TXN-005277,2025-01-20,18:37,Monday,Sales,Vendor_001,Misc,19465.21,20000,Approver_07,INV-100309
TXN-005265,2025-01-20,10:20,Monday,HR,Vendor_055,Consulting,19657.68,15000,Approver_13,INV-100310
TXN-002085,2025-01-20,16:27,Monday,Marketing,Vendor_004,Travel,18407.41,25000,Approver_05,INV-100311
TXN-000619,2025-01-20,11:49,Monday,Sales,Vendor_023,Consulting,358.08,20000,Approver_13,INV-100312
TXN-005791,2025-01-20,14:14,Monday,Marketing,Vendor_012,Consulting,1740.08,25000,Approver_10,INV-100313
TXN-004888,2025-01-21,15:36,Tuesday,Procurement,Vendor_006,Consulting,3019.56,50000,Approver_05,INV-100314
TXN-001852,2025-01-21,10:55,Tuesday,HR,Vendor_022,Equipment,2500.0,15000,Approver_06,INV-100315
TXN-005745,2025-01-21,16:27,Tuesday,Sales,Vendor_029,Travel,846.11,20000,Approver_14,INV-100316
TXN-000904,2025-01-21,10:22,Tuesday,Marketing,Vendor_034,Equipment,6329.25,25000,Approver_04,INV-100317
TXN-001524,2025-01-21,17:02,Tuesday,Marketing,Vendor_046,Equipment,45.33,25000,Approver_04,INV-100318
TXN-004231,2025-01-21,11:50,Tuesday,Finance,Vendor_053,Software,2927.51,60000,Approver_11,INV-100319
TXN-003236,2025-01-21,09:01,Tuesday,HR,Vendor_015,Travel,12.02,15000,Approver_11,INV-100320
TXN-005083,2025-01-21,15:08,Tuesday,Marketing,Vendor_016,Misc,56.18,25000,Approver_05,INV-100321
TXN-000597,2025-01-21,17:15,Tuesday,IT,Vendor_005,Equipment,32281.9,40000,Approver_06,INV-100322
TXN-000451,2025-01-21,16:26,Tuesday,Marketing,Vendor_022,Supplies,35270.76,25000,Approver_15,INV-100323
TXN-002507,2025-01-21,15:35,Tuesday,Sales,Vendor_023,Supplies,62.61,20000,Approver_13,INV-100324
TXN-004170,2025-01-21,14:18,Tuesday,Operations,Vendor_024,Software,12688.64,30000,Approver_10,INV-100325
TXN-002058,2025-01-21,10:26,Tuesday,HR,Vendor_048,Utilities,2314.39,15000,Approver_12,INV-100326
TXN-002570,2025-01-21,08:27,Tuesday,Procurement,Vendor_009,Consulting,12.35,50000,Approver_09,INV-100327
TXN-000299,2025-01-21,13:18,Tuesday,Finance,Vendor_041,Consulting,111.73,60000,Approver_07,INV-100328
TXN-003167,2025-01-21,15:11,Tuesday,Procurement,Vendor_049,Supplies,249.54,50000,Approver_07,INV-100329
TXN-004829,2025-01-21,10:48,Tuesday,Finance,Vendor_030,Software,522.68,60000,Approver_04,INV-100330
TXN-002124,2025-01-21,14:03,Tuesday,HR,Vendor_060,Travel,2658.8,15000,Approver_14,INV-100331
TXN-000506,2025-01-21,15:47,Tuesday,Sales,Vendor_017,Software,27.58,20000,Approver_06,INV-100332
TXN-001424,2025-01-21,10:08,Tuesday,Operations,Vendor_042,Software,4394.24,30000,Approver_08,INV-100333
TXN-002500,2025-01-21,14:05,Tuesday,Sales,Vendor_010,Equipment,5000.0,20000,Approver_10,INV-100334
TXN-004408,2025-01-21,10:13,Tuesday,Finance,Vendor_052,Utilities,52.4,60000,Approver_09,INV-100335
TXN-004040,2025-01-21,13:40,Tuesday,Finance,Vendor_006,Supplies,131.16,60000,Approver_05,INV-100336
TXN-004855,2025-01-21,17:54,Tuesday,Procurement,Vendor_056,Travel,135.74,50000,Approver_14,INV-100337
TXN-000171,2025-01-21,10:54,Tuesday,HR,Vendor_015,Software,1178.37,15000,Approver_04,INV-100338
TXN-004384,2025-01-21,14:59,Tuesday,Operations,Vendor_001,Misc,89.82,30000,Approver_08,INV-100339
TXN-004394,2025-01-21,16:15,Tuesday,IT,Vendor_024,Utilities,903.02,40000,Approver_07,INV-100340
TXN-000962,2025-01-21,15:39,Tuesday,Procurement,Vendor_057,Supplies,12442.51,50000,Approver_11,INV-100341
TXN-000277,2025-01-21,18:38,Tuesday,Operations,Vendor_047,Supplies,146.3,30000,Approver_13,INV-100342
TXN-002529,2025-01-22,15:41,Wednesday,Sales,Vendor_024,Travel,18536.69,20000,Approver_08,INV-100343
TXN-003453,2025-01-22,09:25,Wednesday,Marketing,Vendor_014,Utilities,230.85,25000,Approver_11,INV-100344
TXN-002488,2025-01-22,10:24,Wednesday,Finance,Vendor_017,Misc,402.31,60000,Approver_06,INV-100345
TXN-004229,2025-01-22,17:18,Wednesday,Operations,Vendor_053,Utilities,20.64,30000,Approver_13,INV-100346
TXN-000211,2025-01-22,14:12,Wednesday,Procurement,Vendor_015,Consulting,13.54,50000,Approver_11,INV-100347
TXN-000616,2025-01-22,11:54,Wednesday,IT,Vendor_039,Equipment,6547.75,40000,Approver_05,INV-100348
TXN-001354,2025-01-22,11:53,Wednesday,Finance,Vendor_057,Travel,4786.14,60000,Approver_10,INV-100349
TXN-005768,2025-01-22,15:45,Wednesday,Marketing,Vendor_042,Equipment,21.02,25000,Approver_05,INV-100350
TXN-002847,2025-01-22,16:32,Wednesday,Operations,Vendor_027,Supplies,148.07,30000,Approver_01,INV-100351
TXN-000232,2025-01-22,16:01,Wednesday,Marketing,Vendor_024,Misc,72.78,25000,Approver_07,INV-100352
TXN-004457,2025-01-22,15:24,Wednesday,Sales,Vendor_040,Equipment,431.37,20000,Approver_02,INV-100353
TXN-001369,2025-01-22,11:09,Wednesday,Marketing,Vendor_010,Equipment,75.64,25000,Approver_11,INV-100354
TXN-000134,2025-01-22,15:58,Wednesday,Operations,Vendor_035,Software,9775.71,30000,Approver_12,INV-100355
TXN-005296,2025-01-22,16:20,Wednesday,Operations,Vendor_038,Consulting,152.46,30000,Approver_14,INV-100356
TXN-004916,2025-01-22,10:20,Wednesday,HR,Vendor_002,Equipment,3179.01,15000,Approver_07,INV-100357
TXN-004942,2025-01-22,09:14,Wednesday,Procurement,Vendor_012,Travel,12.32,50000,Approver_14,INV-100358
TXN-003795,2025-01-22,16:57,Wednesday,HR,Vendor_058,Travel,1076.46,15000,Approver_05,INV-100359
TXN-001633,2025-01-22,16:18,Wednesday,IT,Vendor_045,Supplies,12208.96,40000,Approver_10,INV-100360
TXN-005456,2025-01-22,10:12,Wednesday,Procurement,Vendor_037,Equipment,7183.63,50000,Approver_11,INV-100361
TXN-004064,2025-01-22,12:17,Wednesday,IT,Vendor_059,Travel,343.13,40000,Approver_06,INV-100362
TXN-004730,2025-01-22,15:33,Wednesday,HR,Vendor_050,Software,86.98,15000,Approver_15,INV-100363
TXN-004067,2025-01-22,17:12,Wednesday,HR,Vendor_048,Equipment,20067.3,15000,Approver_03,INV-100364
TXN-001009,2025-01-22,16:44,Wednesday,Finance,Vendor_033,Utilities,6046.77,60000,Approver_12,INV-100365
TXN-005469,2025-01-22,10:15,Wednesday,Marketing,Vendor_039,Equipment,13.41,25000,Approver_05,INV-100366
TXN-004806,2025-01-22,11:18,Wednesday,Procurement,Vendor_027,Equipment,5000.0,50000,Approver_09,INV-100367
TXN-004584,2025-01-22,10:33,Wednesday,Procurement,Vendor_051,Supplies,97.84,50000,Approver_12,INV-100368
TXN-005904,2025-01-22,14:04,Wednesday,IT,Vendor_050,Software,550.2,40000,Approver_15,INV-100369
TXN-000978,2025-01-23,08:18,Thursday,Sales,Vendor_055,Misc,13675.17,20000,Approver_02,INV-100370
TXN-003889,2025-01-23,08:56,Thursday,Operations,Vendor_048,Equipment,37.83,30000,Approver_04,INV-100371
TXN-003026,2025-01-23,12:25,Thursday,Procurement,Vendor_053,Equipment,6611.24,50000,Approver_01,INV-100372
TXN-003152,2025-01-23,15:48,Thursday,HR,Vendor_053,Supplies,240.26,15000,Approver_07,INV-100373
TXN-001837,2025-01-23,16:51,Thursday,IT,Vendor_053,Consulting,4011.38,40000,Approver_03,INV-100374
TXN-005702,2025-01-23,16:26,Thursday,IT,Vendor_045,Utilities,36811.01,40000,Approver_03,INV-100375
TXN-003399,2025-01-23,14:56,Thursday,Marketing,Vendor_041,Consulting,15.47,25000,Approver_10,INV-100376
TXN-004869,2025-01-23,09:07,Thursday,Marketing,Vendor_018,Equipment,8994.25,25000,Approver_01,INV-100377
TXN-004412,2025-01-23,16:42,Thursday,Procurement,Vendor_060,Travel,96263.16,50000,Approver_14,INV-100378
TXN-004198,2025-01-23,14:48,Thursday,Sales,Vendor_014,Misc,2119.21,20000,Approver_08,INV-100379
TXN-002417,2025-01-23,12:30,Thursday,Procurement,Vendor_059,Misc,707.47,50000,Approver_03,INV-100380
TXN-002577,2025-01-23,15:13,Thursday,Operations,Vendor_044,Software,1341.43,30000,Approver_13,INV-100381
TXN-003498,2025-01-23,15:37,Thursday,Marketing,Vendor_048,Software,152.81,25000,Approver_07,INV-100382
TXN-005501,2025-01-23,15:15,Thursday,Operations,Vendor_041,Travel,85.87,30000,Approver_04,INV-100383
TXN-002940,2025-01-23,13:26,Thursday,Marketing,Vendor_006,Consulting,132.44,25000,Approver_08,INV-100384
TXN-004992,2025-01-23,22:01,Thursday,Finance,Vendor_060,Misc,360.28,60000,Approver_02,INV-100385
TXN-000563,2025-01-23,16:08,Thursday,HR,Vendor_057,Consulting,157.21,15000,Approver_05,INV-100386
TXN-001191,2025-01-23,13:18,Thursday,Sales,Vendor_027,Misc,27.25,20000,Approver_14,INV-100387
TXN-005111,2025-01-23,16:01,Thursday,Operations,Vendor_051,Travel,618.0,30000,Approver_13,INV-100388
TXN-005007,2025-01-23,10:59,Thursday,Marketing,Vendor_043,Supplies,847.44,25000,Approver_01,INV-100389
TXN-004999,2025-01-24,15:23,Friday,IT,Vendor_018,Travel,95592.46,40000,Approver_08,INV-100390
TXN-002605,2025-01-24,11:08,Friday,Sales,Vendor_050,Equipment,513.64,20000,Approver_08,INV-100391
TXN-002803,2025-01-24,15:54,Friday,Finance,Vendor_017,Software,5000.0,60000,Approver_12,INV-100392
TXN-002576,2025-01-24,09:10,Friday,Marketing,Vendor_059,Software,147.56,25000,Approver_09,INV-100393
TXN-003049,2025-01-24,10:18,Friday,HR,Vendor_030,Supplies,497.82,15000,Approver_04,INV-100394
TXN-002147,2025-01-24,13:47,Friday,IT,Vendor_056,Supplies,12.71,40000,Approver_01,INV-100395
TXN-001343,2025-01-24,15:36,Friday,Operations,Vendor_052,Utilities,2614.91,30000,Approver_03,INV-100396
TXN-000305,2025-01-24,15:24,Friday,Operations,Vendor_016,Misc,33039.41,30000,Approver_04,INV-100397
TXN-004127,2025-01-24,13:19,Friday,HR,Vendor_003,Software,16.5,15000,Approver_06,INV-100398
TXN-003673,2025-01-24,14:02,Friday,IT,Vendor_040,Travel,47.09,40000,Approver_08,INV-100399
TXN-003324,2025-01-24,10:45,Friday,Finance,Vendor_033,Consulting,327.82,60000,Approver_10,INV-100400
TXN-003344,2025-01-24,14:50,Friday,Operations,Vendor_025,Utilities,676.54,30000,Approver_05,INV-100401
TXN-004052,2025-01-24,15:40,Friday,Finance,Vendor_056,Utilities,804.91,60000,Approver_09,INV-100402
TXN-001970,2025-01-24,18:19,Friday,Operations,Vendor_025,Equipment,125.57,30000,Approver_10,INV-100403
TXN-003883,2025-01-24,10:02,Friday,Marketing,Vendor_050,Utilities,162.51,25000,Approver_15,INV-100404
TXN-003878,2025-01-24,10:47,Friday,Marketing,Vendor_007,Consulting,23907.72,25000,Approver_10,INV-100405
TXN-002270,2025-01-24,18:41,Friday,Sales,Vendor_036,Equipment,8978.75,20000,Approver_06,INV-100406
TXN-004297,2025-01-24,16:50,Friday,IT,Vendor_013,Equipment,1062.87,40000,Approver_09,INV-100407
TXN-002503,2025-01-26,08:18,Sunday,IT,Vendor_022,Utilities,116.22,40000,Approver_12,INV-100408
TXN-002254,2025-01-26,14:51,Sunday,Marketing,Vendor_009,Utilities,17.52,25000,Approver_02,INV-100409
TXN-005359,2025-01-27,16:39,Monday,HR,Vendor_034,Utilities,198.74,15000,Approver_04,INV-100410
TXN-000137,2025-01-27,17:43,Monday,IT,Vendor_006,Consulting,53.86,40000,Approver_05,INV-100411
TXN-003662,2025-01-27,13:08,Monday,HR,Vendor_041,Misc,45.99,15000,Approver_14,INV-100412
TXN-005460,2025-01-27,10:03,Monday,Operations,Vendor_034,Software,22.15,30000,Approver_12,INV-100413
TXN-004115,2025-01-27,11:05,Monday,HR,Vendor_001,Misc,34.06,15000,Approver_15,INV-100410
TXN-001192,2025-01-27,15:32,Monday,Operations,Vendor_031,Utilities,936.05,30000,Approver_03,INV-100415
TXN-001188,2025-01-27,17:10,Monday,Finance,Vendor_053,Utilities,67.09,60000,Approver_14,INV-100416
TXN-003678,2025-01-27,15:56,Monday,Operations,Vendor_050,Consulting,392.99,30000,Approver_03,INV-100417
TXN-004679,2025-01-27,15:30,Monday,Procurement,Vendor_053,Software,10.08,50000,Approver_07,INV-100418
TXN-001146,2025-01-27,16:51,Monday,Marketing,Vendor_024,Software,773.91,25000,Approver_06,INV-100419
TXN-001143,2025-01-27,18:15,Monday,Operations,Vendor_014,Utilities,10000.0,30000,Approver_14,INV-100420
TXN-003715,2025-01-27,14:11,Monday,HR,Vendor_009,Software,2361.2,15000,Approver_12,INV-100421
TXN-000824,2025-01-27,16:57,Monday,IT,Vendor_035,Equipment,12.53,40000,Approver_09,INV-100422
TXN-005418,2025-01-27,15:32,Monday,Marketing,Vendor_031,Supplies,963.18,25000,Approver_11,INV-100423
TXN-004014,2025-01-27,17:40,Monday,Finance,Vendor_042,Travel,15000.0,60000,Approver_04,INV-100424
TXN-003995,2025-01-27,17:34,Monday,Sales,Vendor_013,Utilities,14.98,20000,Approver_15,INV-100425
TXN-003118,2025-01-27,11:20,Monday,Marketing,Vendor_001,Software,32.3,25000,Approver_05,INV-100426
TXN-003897,2025-01-27,11:42,Monday,IT,Vendor_044,Software,221.43,40000,Approver_05,INV-100427
TXN-000182,2025-01-27,15:07,Monday,Operations,Vendor_022,Utilities,4475.87,30000,Approver_13,INV-100428
TXN-004875,2025-01-27,09:59,Monday,Procurement,Vendor_026,Equipment,432.41,50000,Approver_13,INV-100429
TXN-004509,2025-01-27,18:33,Monday,Procurement,Vendor_039,Misc,46698.58,50000,Approver_12,INV-100430
TXN-005239,2025-01-27,15:41,Monday,Sales,Vendor_006,Supplies,42.76,20000,Approver_15,INV-100431
TXN-001452,2025-01-27,17:32,Monday,IT,Vendor_012,Travel,92.37,40000,Approver_05,INV-100432
TXN-002495,2025-01-27,10:28,Monday,Procurement,Vendor_046,Travel,31672.12,50000,Approver_07,INV-100433
TXN-004294,2025-01-27,10:50,Monday,Finance,Vendor_027,Utilities,30878.96,60000,Approver_07,INV-100434
TXN-001423,2025-01-27,11:23,Monday,Finance,Vendor_054,Travel,54.72,60000,Approver_01,INV-100435
TXN-001491,2025-01-27,10:40,Monday,Marketing,Vendor_019,Utilities,119.87,25000,Approver_11,INV-100436
TXN-003177,2025-01-27,08:26,Monday,Marketing,Vendor_004,Consulting,711.56,25000,Approver_01,INV-100437
TXN-002461,2025-01-27,00:36,Monday,Sales,Vendor_029,Software,370.51,20000,,INV-100438
TXN-003148,2025-01-27,14:11,Monday,Procurement,Vendor_053,Equipment,40.59,50000,Approver_13,INV-100439
TXN-003800,2025-01-28,18:42,Tuesday,Marketing,Vendor_013,Supplies,198.71,25000,Approver_14,INV-100440
TXN-001144,2025-01-28,12:17,Tuesday,Procurement,Vendor_057,Utilities,42.07,50000,Approver_04,INV-100441
TXN-000400,2025-01-28,12:12,Tuesday,Marketing,Vendor_038,Misc,16.24,25000,Approver_15,INV-100442
TXN-002133,2025-01-28,12:59,Tuesday,Finance,Vendor_001,Travel,29.99,60000,Approver_13,INV-100443
TXN-005503,2025-01-28,17:16,Tuesday,Marketing,Vendor_014,Consulting,10.83,25000,Approver_04,INV-100444
TXN-004443,2025-01-28,14:10,Tuesday,Finance,Vendor_049,Software,1382.25,60000,Approver_04,INV-100445
TXN-005875,2025-01-28,17:09,Tuesday,Operations,Vendor_008,Supplies,251.09,30000,Approver_12,INV-100446
TXN-001202,2025-01-28,11:21,Tuesday,Procurement,Vendor_039,Consulting,7041.76,50000,Approver_05,INV-100447
TXN-000758,2025-01-28,15:38,Tuesday,Marketing,Vendor_035,Travel,987.56,25000,Approver_12,INV-100448
TXN-004025,2025-01-28,11:25,Tuesday,IT,Vendor_008,Misc,19.65,40000,Approver_01,INV-100449
TXN-004737,2025-01-28,11:29,Tuesday,HR,Vendor_002,Misc,1143.66,15000,Approver_07,INV-100450
TXN-004125,2025-01-28,16:04,Tuesday,Sales,Vendor_004,Misc,1081.54,20000,Approver_09,INV-100451
TXN-003874,2025-01-28,08:38,Tuesday,Operations,Vendor_055,Misc,29.25,30000,Approver_02,INV-100452
TXN-000366,2025-01-28,11:38,Tuesday,Marketing,Vendor_024,Consulting,24.61,25000,Approver_15,INV-100453
TXN-000980,2025-01-28,12:21,Tuesday,Marketing,Vendor_033,Software,16.71,25000,Approver_12,INV-100454
TXN-004858,2025-01-28,14:43,Tuesday,Finance,Vendor_059,Software,325.45,60000,Approver_07,INV-100455
TXN-004102,2025-01-28,09:46,Tuesday,IT,Vendor_020,Travel,22.29,40000,Approver_07,INV-100456
TXN-003963,2025-01-28,12:31,Tuesday,Procurement,Vendor_010,Consulting,4441.88,50000,Approver_13,INV-100457
TXN-005990,2025-01-28,15:23,Tuesday,Operations,Vendor_060,Misc,74.01,30000,Approver_01,INV-100458
TXN-000479,2025-01-28,14:56,Tuesday,Marketing,Vendor_035,Utilities,115.36,25000,Approver_04,INV-100459
TXN-002866,2025-01-28,14:52,Tuesday,Marketing,Vendor_004,Equipment,1903.76,25000,Approver_07,INV-100460
TXN-003218,2025-01-29,17:29,Wednesday,HR,Vendor_049,Misc,2589.01,15000,Approver_08,INV-100461
TXN-002684,2025-01-29,08:44,Wednesday,Sales,Vendor_012,Misc,419.77,20000,Approver_03,INV-100462
TXN-000689,2025-01-29,14:25,Wednesday,Sales,Vendor_023,Consulting,417.4,20000,Approver_06,INV-100463
TXN-005868,2025-01-29,13:47,Wednesday,Procurement,Vendor_043,Consulting,8287.7,50000,Approver_05,INV-100464
TXN-001863,2025-01-29,15:20,Wednesday,Procurement,Vendor_038,Software,19.78,50000,Approver_02,INV-100465
TXN-004053,2025-01-29,08:22,Wednesday,Operations,Vendor_004,Equipment,3809.82,30000,Approver_08,INV-100466
TXN-000933,2025-01-29,14:08,Wednesday,IT,Vendor_045,Travel,36536.22,40000,Approver_13,INV-100467
TXN-003519,2025-01-29,08:17,Wednesday,HR,Vendor_039,Travel,14817.04,15000,Approver_04,INV-100468
TXN-002612,2025-01-29,10:05,Wednesday,Operations,Vendor_057,Consulting,31344.87,30000,Approver_01,INV-100469
TXN-005405,2025-01-29,10:10,Wednesday,Operations,Vendor_040,Equipment,22.92,30000,Approver_14,INV-100470
TXN-000991,2025-01-29,14:07,Wednesday,Operations,Vendor_005,Travel,13.09,30000,Approver_03,INV-100471
TXN-005939,2025-01-29,08:16,Wednesday,Finance,Vendor_023,Consulting,60.62,60000,Approver_05,INV-100472
TXN-000898,2025-01-29,12:25,Wednesday,Finance,Vendor_043,Misc,12.14,60000,Approver_03,INV-100473
TXN-005014,2025-01-29,12:39,Wednesday,HR,Vendor_036,Software,29119.7,15000,Approver_13,INV-100474
TXN-002960,2025-01-29,09:50,Wednesday,Marketing,Vendor_032,Travel,8974.37,25000,Approver_14,INV-100475
TXN-002775,2025-01-29,18:18,Wednesday,Marketing,Vendor_035,Misc,844.79,25000,Approver_03,INV-100476
TXN-000126,2025-01-29,17:24,Wednesday,Operations,Vendor_059,Supplies,1084.98,30000,Approver_09,INV-100477
TXN-002419,2025-01-29,13:45,Wednesday,IT,Vendor_015,Software,759.67,40000,Approver_11,INV-100478
TXN-005872,2025-01-29,12:18,Wednesday,Marketing,Vendor_020,Supplies,123.89,25000,Approver_09,INV-100479
TXN-004188,2025-01-29,15:40,Wednesday,Marketing,Vendor_039,Equipment,482.8,25000,Approver_11,INV-100480
TXN-002049,2025-01-29,14:23,Wednesday,HR,Vendor_023,Utilities,426.15,15000,Approver_08,INV-100481
TXN-003671,2025-01-29,10:25,Wednesday,Operations,Vendor_052,Equipment,30.25,30000,Approver_10,INV-100482
TXN-003676,2025-01-29,15:55,Wednesday,Sales,Vendor_056,Supplies,19085.33,20000,Approver_10,INV-100483
TXN-003468,2025-01-29,10:44,Wednesday,Operations,Vendor_010,Consulting,1315.77,30000,Approver_05,INV-100484
TXN-000839,2025-01-29,18:59,Wednesday,Procurement,Vendor_014,Travel,91351.3,50000,Approver_14,INV-100485
TXN-002905,2025-01-30,11:38,Thursday,HR,Vendor_013,Utilities,-1540.07,15000,Approver_07,INV-100486
TXN-003376,2025-01-30,10:05,Thursday,IT,Vendor_055,Misc,1051.63,40000,Approver_11,INV-100487
TXN-002319,2025-01-30,12:30,Thursday,Sales,Vendor_044,Travel,622.25,20000,Approver_07,INV-100488
TXN-005533,2025-01-30,13:39,Thursday,Procurement,Vendor_007,Software,46844.84,50000,Approver_10,INV-100489
TXN-002150,2025-01-30,10:28,Thursday,Finance,Vendor_017,Consulting,87800.95,60000,Approver_04,INV-100490
TXN-004038,2025-01-30,15:32,Thursday,IT,Vendor_041,Misc,94.1,40000,Approver_13,INV-100491
TXN-004508,2025-01-30,13:02,Thursday,IT,Vendor_054,Supplies,11.58,40000,,INV-100492
TXN-002870,2025-01-30,14:00,Thursday,Marketing,Vendor_052,Travel,204.36,25000,Approver_11,INV-100493
TXN-001996,2025-01-30,17:33,Thursday,HR,Vendor_050,Misc,190.88,15000,Approver_11,INV-100494
TXN-001952,2025-01-30,16:19,Thursday,Operations,Vendor_008,Supplies,420.64,30000,Approver_08,INV-100495
TXN-001106,2025-01-30,15:59,Thursday,Procurement,Vendor_009,Utilities,44192.2,50000,Approver_04,INV-100496
TXN-001859,2025-01-30,15:59,Thursday,Operations,Vendor_011,Equipment,3873.56,30000,Approver_12,INV-100497
TXN-003347,2025-01-30,16:51,Thursday,Finance,Vendor_005,Supplies,264.96,60000,Approver_06,INV-100498
TXN-004293,2025-01-30,11:44,Thursday,Marketing,Vendor_025,Consulting,63130.87,25000,Approver_01,INV-100499
TXN-001819,2025-01-30,13:31,Thursday,Sales,Vendor_036,Software,5301.3,20000,Approver_10,INV-100500
TXN-000185,2025-01-30,11:27,Thursday,IT,Vendor_057,Utilities,10471.92,40000,Approver_08,INV-100501
TXN-002660,2025-01-30,15:03,Thursday,IT,Vendor_023,Utilities,38455.3,40000,Approver_03,INV-100502
TXN-005629,2025-01-30,10:35,Thursday,Procurement,Vendor_014,Travel,172.79,50000,Approver_10,INV-100503
TXN-005303,2025-01-30,13:31,Thursday,IT,Vendor_016,Supplies,144.4,40000,Approver_09,INV-100504
TXN-001929,2025-01-30,15:09,Thursday,Operations,Vendor_049,Software,37034.31,30000,,INV-100505
TXN-005657,2025-01-30,13:45,Thursday,Procurement,Vendor_039,Utilities,415.57,50000,Approver_11,INV-100506
TXN-002290,2025-01-31,11:40,Friday,Operations,Vendor_058,Software,7897.23,30000,Approver_15,INV-100507
TXN-003501,2025-01-31,10:29,Friday,Marketing,Vendor_047,Misc,23631.36,25000,Approver_05,INV-100508
TXN-003380,2025-01-31,13:04,Friday,Finance,Vendor_015,Consulting,35646.86,60000,Approver_12,INV-100509
TXN-005182,2025-01-31,10:08,Friday,HR,Vendor_001,Equipment,322.43,15000,Approver_03,INV-100510
TXN-000717,2025-01-31,18:57,Friday,HR,Vendor_047,Misc,3985.98,15000,Approver_09,INV-100511
TXN-001436,2025-01-31,17:02,Friday,Procurement,Vendor_035,Misc,16.65,50000,Approver_08,INV-100512
TXN-000669,2025-01-31,16:25,Friday,Finance,Vendor_054,Supplies,44680.01,60000,Approver_01,INV-100513
TXN-002879,2025-01-31,11:08,Friday,HR,Vendor_007,Supplies,1389.95,15000,Approver_13,INV-100514
TXN-002046,2025-01-31,16:29,Friday,Finance,Vendor_025,Misc,59585.53,60000,Approver_07,INV-100515
TXN-000851,2025-01-31,13:11,Friday,Procurement,Vendor_019,Software,679.58,50000,Approver_12,INV-100516
TXN-003855,2025-01-31,16:01,Friday,Finance,Vendor_021,Travel,253.87,60000,Approver_14,INV-100517
TXN-003010,2025-01-31,10:01,Friday,Sales,Vendor_029,Supplies,167.31,20000,Approver_09,INV-100518
TXN-000401,2025-01-31,11:27,Friday,Sales,Vendor_046,Consulting,143.21,20000,Approver_10,INV-100519
TXN-005323,2025-01-31,14:54,Friday,Finance,Vendor_020,Misc,18574.63,60000,Approver_07,INV-100520
TXN-005274,2025-01-31,11:40,Friday,HR,Vendor_005,Travel,938.38,15000,Approver_11,INV-100521
TXN-002276,2025-01-31,10:17,Friday,Sales,Vendor_002,Utilities,18426.68,20000,Approver_08,INV-100522
TXN-002315,2025-01-31,18:24,Friday,Finance,Vendor_050,Software,194.38,60000,Approver_11,INV-100523
TXN-003068,2025-01-31,17:38,Friday,IT,Vendor_050,Misc,36509.17,40000,Approver_04,INV-100524
TXN-002601,2025-01-31,15:10,Friday,Procurement,Vendor_054,Supplies,124.17,50000,Approver_15,INV-100525
TXN-001378,2025-01-31,11:57,Friday,Procurement,Vendor_058,Misc,96209.06,50000,Approver_13,INV-100526
TXN-002472,2025-01-31,16:26,Friday,Sales,Vendor_020,Misc,111.32,20000,Approver_02,INV-100527
TXN-004256,2025-01-31,15:44,Friday,HR,Vendor_006,Equipment,104.99,15000,Approver_14,INV-100528
TXN-005550,2025-01-31,10:11,Friday,Finance,Vendor_047,Travel,1658.09,60000,Approver_04,INV-100529
TXN-000485,2025-01-31,14:16,Friday,IT,Vendor_030,Utilities,208.51,40000,Approver_09,INV-100530
TXN-004039,2025-01-31,11:04,Friday,HR,Vendor_048,Travel,294.07,15000,Approver_14,INV-100531
TXN-001236,2025-01-31,10:27,Friday,IT,Vendor_010,Supplies,39594.16,40000,Approver_01,INV-100532
TXN-003263,2025-01-31,15:55,Friday,IT,Vendor_012,Consulting,77.64,40000,Approver_13,INV-100533
TXN-000593,2025-02-03,16:54,Monday,IT,Vendor_010,Utilities,30565.43,40000,Approver_05,INV-100534
TXN-002170,2025-02-03,13:03,Monday,HR,Vendor_002,Software,39638.56,15000,Approver_01,INV-100535
TXN-005437,2025-02-03,13:04,Monday,IT,Vendor_032,Travel,32.28,40000,Approver_11,INV-100536
TXN-002549,2025-02-03,14:49,Monday,Operations,Vendor_015,Utilities,1001.17,30000,Approver_03,INV-100537
TXN-001329,2025-02-03,11:07,Monday,Marketing,Vendor_023,Utilities,10000.0,25000,Approver_10,INV-100538
TXN-001453,2025-02-03,10:03,Monday,Sales,Vendor_058,Misc,735.54,20000,Approver_09,INV-100539
TXN-001606,2025-02-03,08:40,Monday,IT,Vendor_002,Utilities,2094.18,40000,Approver_15,INV-100540
TXN-002883,2025-02-03,14:55,Monday,Sales,Vendor_032,Utilities,13000.07,20000,Approver_06,INV-100541
TXN-004562,2025-02-03,16:21,Monday,Marketing,Vendor_037,Consulting,20.13,25000,Approver_14,INV-100542
TXN-000927,2025-02-03,09:34,Monday,Finance,Vendor_022,Consulting,147.32,60000,Approver_11,INV-100543
TXN-000725,2025-02-03,09:57,Monday,IT,Vendor_003,Consulting,209.07,40000,Approver_07,INV-100544
TXN-002351,2025-02-03,14:49,Monday,HR,Vendor_036,Misc,81.79,15000,Approver_02,INV-100545
TXN-002385,2025-02-03,13:08,Monday,Procurement,Vendor_053,Misc,1124.48,50000,Approver_09,INV-100546
TXN-000733,2025-02-03,11:10,Monday,Sales,Vendor_044,Software,911.56,20000,Approver_05,INV-100547
TXN-001974,2025-02-03,11:08,Monday,Finance,Vendor_038,Software,284.5,60000,Approver_09,INV-100548
TXN-000665,2025-02-03,10:02,Monday,Marketing,Vendor_018,Misc,96.51,25000,Approver_01,INV-100549
TXN-002555,2025-02-03,17:02,Monday,Finance,Vendor_054,Equipment,1012.28,60000,Approver_01,INV-100544
TXN-004317,2025-02-03,09:23,Monday,HR,Vendor_025,Supplies,263.9,15000,Approver_13,INV-100551
TXN-000682,2025-02-03,11:03,Monday,HR,Vendor_049,Misc,-3903.22,15000,Approver_13,INV-100552
TXN-005684,2025-02-03,17:14,Monday,Operations,Vendor_029,Utilities,281.93,30000,Approver_14,INV-100553
TXN-000510,2025-02-03,12:44,Monday,Marketing,Vendor_042,Supplies,266.99,25000,Approver_11,INV-100554
TXN-002156,2025-02-03,12:37,Monday,Operations,Vendor_027,Consulting,42150.23,30000,Approver_13,INV-100555
TXN-005997,2025-02-03,13:37,Monday,Operations,Vendor_036,Software,27.11,30000,Approver_05,INV-100556
TXN-001302,2025-02-03,11:50,Monday,HR,Vendor_055,Supplies,8058.5,15000,Approver_04,INV-100557
TXN-003868,2025-02-03,16:56,Monday,HR,Vendor_040,Utilities,1000.0,15000,Approver_12,INV-100558
TXN-003032,2025-02-03,11:05,Monday,Marketing,Vendor_051,Consulting,208.13,25000,Approver_03,INV-100559
TXN-002064,2025-02-04,11:45,Tuesday,Procurement,Vendor_059,Supplies,8925.73,50000,Approver_06,INV-100560
TXN-000028,2025-02-04,16:16,Tuesday,Operations,Vendor_041,Equipment,29508.32,30000,Approver_06,INV-100561
TXN-003027,2025-02-04,15:17,Tuesday,Procurement,Vendor_037,Misc,10.01,50000,Approver_11,INV-100562
TXN-004733,2025-02-04,15:11,Tuesday,Marketing,Vendor_011,Software,20.54,25000,Approver_14,INV-100563
TXN-000607,2025-02-04,14:13,Tuesday,Sales,Vendor_002,Consulting,786.24,20000,Approver_09,INV-100564
TXN-005118,2025-02-04,10:52,Tuesday,Procurement,Vendor_050,Consulting,82.94,50000,Approver_13,INV-100565
TXN-004320,2025-02-04,12:39,Tuesday,Sales,Vendor_025,Travel,305.13,20000,Approver_01,INV-100566
TXN-003926,2025-02-04,11:49,Tuesday,Sales,Vendor_029,Utilities,1002.55,20000,Approver_13,INV-100567
TXN-003370,2025-02-04,13:48,Tuesday,Finance,Vendor_048,Supplies,216.12,60000,Approver_15,INV-100568
TXN-004142,2025-02-04,11:37,Tuesday,Operations,Vendor_054,Supplies,760.75,30000,Approver_04,INV-100569
TXN-003940,2025-02-04,14:56,Tuesday,HR,Vendor_027,Supplies,3045.63,15000,Approver_02,INV-100570
TXN-001043,2025-02-04,14:27,Tuesday,Finance,Vendor_014,Travel,822.03,60000,Approver_14,INV-100571
TXN-005512,2025-02-04,11:13,Tuesday,Marketing,Vendor_019,Consulting,12.7,25000,Approver_07,INV-100572
TXN-005166,2025-02-04,11:08,Tuesday,Finance,Vendor_020,Travel,23.88,60000,Approver_14,INV-100573
TXN-000518,2025-02-04,16:48,Tuesday,Operations,Vendor_051,Supplies,29245.71,30000,Approver_15,INV-100574
TXN-002449,2025-02-04,16:46,Tuesday,HR,Vendor_023,Consulting,18.78,15000,Approver_13,INV-100575
TXN-003130,2025-02-04,17:32,Tuesday,IT,Vendor_041,Supplies,24.21,40000,Approver_04,INV-100576
TXN-002766,2025-02-04,16:23,Tuesday,Operations,Vendor_021,Misc,2730.11,30000,Approver_01,INV-100577
TXN-002698,2025-02-04,15:31,Tuesday,Sales,Vendor_005,Software,57.44,20000,Approver_15,INV-100578
TXN-000639,2025-02-04,18:35,Tuesday,Sales,Vendor_015,Travel,14015.69,20000,Approver_06,INV-100579
TXN-000977,2025-02-04,18:18,Tuesday,Marketing,Vendor_029,Misc,31.48,25000,,INV-100580
TXN-003594,2025-02-04,15:47,Tuesday,Operations,Vendor_031,Software,28924.47,30000,Approver_08,INV-100581
TXN-004521,2025-02-04,10:47,Tuesday,Procurement,Vendor_029,Equipment,203.36,50000,Approver_07,INV-100582
TXN-003013,2025-02-04,13:34,Tuesday,Operations,Vendor_041,Equipment,4296.73,30000,Approver_10,INV-100583
TXN-004664,2025-02-04,11:45,Tuesday,IT,Vendor_055,Utilities,133.49,40000,Approver_15,INV-100584
TXN-003879,2025-02-04,11:19,Tuesday,Marketing,Vendor_037,Travel,42.69,25000,Approver_08,INV-100585
TXN-001076,2025-02-04,11:32,Tuesday,HR,Vendor_029,Consulting,430.77,15000,Approver_07,INV-100586
TXN-003602,2025-02-05,10:03,Wednesday,Marketing,Vendor_023,Software,7625.56,25000,Approver_10,INV-100587
TXN-004533,2025-02-05,10:29,Wednesday,HR,Vendor_050,Misc,7005.64,15000,Approver_10,INV-100588
TXN-002044,2025-02-05,09:59,Wednesday,IT,Vendor_026,Travel,2101.22,40000,Approver_01,INV-100589
TXN-004587,2025-02-05,18:31,Wednesday,HR,Vendor_001,Travel,110.86,15000,Approver_15,INV-100590
TXN-003281,2025-02-05,10:56,Wednesday,Operations,Vendor_038,Utilities,5141.8,30000,Approver_08,INV-100591
TXN-005142,2025-02-05,10:43,Wednesday,HR,Vendor_025,Supplies,369.41,15000,Approver_14,INV-100592
TXN-002052,2025-02-05,15:21,Wednesday,Procurement,Vendor_038,Travel,657.83,50000,Approver_07,INV-100593
TXN-001271,2025-02-05,17:26,Wednesday,Sales,Vendor_058,Software,433.04,20000,Approver_07,INV-100594
TXN-000226,2025-02-05,08:23,Wednesday,Operations,Vendor_014,Supplies,19.15,30000,Approver_03,INV-100595
TXN-001050,2025-02-05,16:20,Wednesday,Operations,Vendor_022,Travel,3200.12,30000,Approver_10,INV-100596
TXN-002632,2025-02-05,10:32,Wednesday,HR,Vendor_005,Misc,13823.03,15000,Approver_12,INV-100597
TXN-001509,2025-02-05,16:40,Wednesday,Sales,Vendor_006,Equipment,287.02,20000,Approver_01,INV-100598
TXN-002747,2025-02-05,11:17,Wednesday,HR,Vendor_059,Equipment,72.14,15000,Approver_15,INV-100599
TXN-003299,2025-02-05,13:30,Wednesday,Operations,Vendor_026,Utilities,58.16,30000,Approver_09,INV-100600
TXN-002912,2025-02-05,18:30,Wednesday,Marketing,Vendor_005,Misc,584.06,25000,Approver_13,INV-100601
TXN-004122,2025-02-05,10:43,Wednesday,Finance,Vendor_038,Utilities,968.43,60000,Approver_04,INV-100602
TXN-000102,2025-02-05,15:17,Wednesday,IT,Vendor_003,Misc,6568.16,40000,Approver_10,INV-100603
TXN-003326,2025-02-05,18:08,Wednesday,Operations,Vendor_051,Equipment,873.12,30000,Approver_05,INV-100604
TXN-003080,2025-02-05,15:28,Wednesday,HR,Vendor_016,Travel,1101.47,15000,Approver_06,INV-100605
TXN-000110,2025-02-05,14:18,Wednesday,Marketing,Vendor_009,Supplies,112.57,25000,Approver_13,INV-100606
TXN-001068,2025-02-05,15:03,Wednesday,Marketing,Vendor_045,Misc,181.42,25000,Approver_13,INV-100607
TXN-004709,2025-02-05,17:01,Wednesday,Procurement,Vendor_037,Consulting,358.59,50000,Approver_12,INV-100608
TXN-000320,2025-02-05,12:27,Wednesday,Marketing,Vendor_055,Consulting,43.09,25000,Approver_12,INV-100604
TXN-003139,2025-02-05,18:15,Wednesday,Finance,Vendor_006,Supplies,106.18,60000,Approver_11,INV-100610
TXN-003713,2025-02-05,15:49,Wednesday,Procurement,Vendor_032,Equipment,29188.63,50000,Approver_12,INV-100611
TXN-002619,2025-02-06,18:51,Thursday,Operations,Vendor_053,Travel,1204.63,30000,Approver_08,INV-100612
TXN-005178,2025-02-06,11:58,Thursday,Finance,Vendor_035,Misc,55991.35,60000,Approver_01,INV-100613
TXN-005212,2025-02-06,15:49,Thursday,IT,Vendor_051,Supplies,109.39,40000,Approver_07,INV-100614
TXN-000274,2025-02-06,18:36,Thursday,HR,Vendor_013,Consulting,278.05,15000,Approver_09,INV-100615
TXN-005506,2025-02-06,09:58,Thursday,Marketing,Vendor_011,Software,22.21,25000,Approver_05,INV-100616
TXN-005330,2025-02-06,13:07,Thursday,Procurement,Vendor_059,Utilities,39.09,50000,Approver_15,INV-100617
TXN-002670,2025-02-06,16:18,Thursday,HR,Vendor_020,Supplies,12492.57,15000,Approver_01,INV-100618
TXN-005749,2025-02-06,15:50,Thursday,Marketing,Vendor_021,Software,58.28,25000,Approver_11,INV-100619
TXN-004462,2025-02-06,11:15,Thursday,IT,Vendor_033,Supplies,320.58,40000,Approver_03,INV-100620
TXN-002355,2025-02-06,17:36,Thursday,HR,Vendor_054,Misc,489.3,15000,Approver_08,INV-100621
TXN-005283,2025-02-06,12:54,Thursday,Sales,Vendor_033,Utilities,221.03,20000,Approver_06,INV-100622
TXN-005306,2025-02-06,16:42,Thursday,HR,Vendor_002,Equipment,1380.42,15000,Approver_04,INV-100623
TXN-002590,2025-02-06,12:44,Thursday,Marketing,Vendor_010,Equipment,12.73,25000,Approver_14,INV-100624
TXN-004621,2025-02-06,16:25,Thursday,IT,Vendor_043,Consulting,1936.98,40000,Approver_12,INV-100625
TXN-005068,2025-02-06,15:17,Thursday,HR,Vendor_058,Equipment,209.26,15000,Approver_04,INV-100626
TXN-005220,2025-02-06,18:07,Thursday,Sales,Vendor_011,Software,164.64,20000,Approver_14,INV-100627
TXN-002581,2025-02-06,10:38,Thursday,Finance,Vendor_052,Software,149.21,60000,Approver_01,INV-100628
TXN-005086,2025-02-06,17:35,Thursday,IT,Vendor_031,Supplies,97.89,40000,Approver_09,INV-100629
TXN-005110,2025-02-06,18:00,Thursday,Finance,Vendor_019,Consulting,37.28,60000,Approver_02,INV-100630
TXN-003104,2025-02-06,18:12,Thursday,Finance,Vendor_018,Misc,58082.12,60000,Approver_10,INV-100631
TXN-002129,2025-02-06,15:35,Thursday,Finance,Vendor_002,Utilities,268.49,60000,Approver_12,INV-100632
TXN-001813,2025-02-07,11:17,Friday,Marketing,Vendor_027,Supplies,6934.7,25000,Approver_13,INV-100633
TXN-004283,2025-02-07,16:09,Friday,HR,Vendor_046,Consulting,20000.0,15000,Approver_06,INV-100634
TXN-001748,2025-02-07,15:09,Friday,Marketing,Vendor_013,Travel,120.91,25000,Approver_12,INV-100635
TXN-000790,2025-02-07,16:17,Friday,Procurement,Vendor_044,Utilities,62038.67,50000,Approver_13,INV-100636
TXN-003017,2025-02-07,09:58,Friday,IT,Vendor_002,Consulting,264.82,40000,Approver_05,INV-100637
TXN-000964,2025-02-07,01:14,Friday,Sales,Vendor_021,Misc,244.41,20000,Approver_11,INV-100638
TXN-000709,2025-02-07,14:36,Friday,Finance,Vendor_033,Misc,232.99,60000,Approver_12,INV-100639
TXN-001734,2025-02-07,15:41,Friday,Procurement,Vendor_023,Supplies,24062.23,50000,Approver_01,INV-100640
TXN-004537,2025-02-07,10:38,Friday,Marketing,Vendor_019,Utilities,419.71,25000,Approver_01,INV-100641
TXN-002657,2025-02-07,21:16,Friday,Marketing,Vendor_032,Supplies,329.64,25000,Approver_08,INV-100642
TXN-005088,2025-02-07,11:29,Friday,Sales,Vendor_025,Software,61.15,20000,Approver_06,INV-100643
TXN-000856,2025-02-07,16:13,Friday,Sales,Vendor_016,Software,150.95,20000,Approver_06,INV-100644
TXN-001189,2025-02-07,16:37,Friday,HR,Vendor_017,Travel,2501.24,15000,Approver_06,INV-100645
TXN-002902,2025-02-07,11:42,Friday,Finance,Vendor_042,Travel,76.42,60000,Approver_15,INV-100646
TXN-005196,2025-02-07,12:48,Friday,Sales,Vendor_028,Misc,2650.53,20000,Approver_03,INV-100647
TXN-003212,2025-02-07,14:06,Friday,HR,Vendor_015,Utilities,372.78,15000,Approver_10,INV-100648
TXN-002841,2025-02-07,09:45,Friday,Sales,Vendor_013,Utilities,858.65,20000,Approver_02,INV-100649
TXN-005282,2025-02-07,16:43,Friday,Operations,Vendor_007,Consulting,30.44,30000,Approver_03,INV-100650
TXN-000127,2025-02-07,11:04,Friday,Operations,Vendor_013,Travel,34.09,30000,Approver_13,INV-100651
TXN-005800,2025-02-07,11:46,Friday,Operations,Vendor_033,Utilities,20000.0,30000,Approver_11,INV-100652
TXN-000624,2025-02-07,12:27,Friday,Sales,Vendor_029,Utilities,683.87,20000,Approver_15,INV-100653
TXN-000461,2025-02-08,01:00,Saturday,Marketing,Vendor_024,Utilities,103.2,25000,Approver_03,INV-100654
TXN-002532,2025-02-09,11:16,Sunday,IT,Vendor_028,Software,1231.33,40000,Approver_07,INV-100655
TXN-005041,2025-02-10,11:29,Monday,Finance,Vendor_025,Software,216.78,60000,Approver_01,INV-100656
TXN-003429,2025-02-10,11:59,Monday,Procurement,Vendor_044,Consulting,1116.81,50000,Approver_05,INV-100657
TXN-005302,2025-02-10,16:03,Monday,Operations,Vendor_057,Consulting,67.36,30000,Approver_01,INV-100658
TXN-005677,2025-02-10,10:13,Monday,IT,Vendor_010,Equipment,26.46,40000,Approver_07,INV-100659
TXN-004129,2025-02-10,11:59,Monday,IT,Vendor_005,Utilities,318.27,40000,Approver_02,INV-100660
TXN-005255,2025-02-10,14:46,Monday,IT,Vendor_032,Travel,242.38,40000,Approver_04,INV-100661
TXN-002285,2025-02-10,11:37,Monday,Operations,Vendor_009,Consulting,37463.28,30000,Approver_02,INV-100662
TXN-001638,2025-02-10,09:51,Monday,Finance,Vendor_052,Equipment,147.95,60000,Approver_03,INV-100663
TXN-000155,2025-02-10,11:59,Monday,HR,Vendor_006,Travel,391.67,15000,Approver_04,INV-100664
TXN-004472,2025-02-10,17:07,Monday,Operations,Vendor_023,Utilities,1847.14,30000,Approver_15,INV-100665
TXN-000326,2025-02-10,11:47,Monday,Marketing,Vendor_037,Travel,7500.0,25000,Approver_10,INV-100666
TXN-001193,2025-02-10,15:08,Monday,Finance,Vendor_059,Utilities,246.51,60000,Approver_02,INV-100667
TXN-004522,2025-02-10,18:45,Monday,Operations,Vendor_036,Equipment,5000.0,30000,,INV-100668
TXN-002393,2025-02-10,10:29,Monday,IT,Vendor_056,Software,74416.44,40000,Approver_08,INV-100669
TXN-002187,2025-02-10,14:48,Monday,Marketing,Vendor_004,Supplies,62.94,25000,Approver_15,INV-100670
TXN-000252,2025-02-10,09:03,Monday,Procurement,Vendor_055,Equipment,7538.1,50000,Approver_06,INV-100671
TXN-004454,2025-02-10,10:54,Monday,Procurement,Vendor_039,Equipment,854.52,50000,Approver_03,INV-100672
TXN-004973,2025-02-11,13:27,Tuesday,HR,Vendor_002,Travel,25.9,15000,Approver_01,INV-100673
TXN-000475,2025-02-11,16:37,Tuesday,Marketing,Vendor_042,Software,186.98,25000,Approver_04,INV-100674
TXN-000575,2025-02-11,15:36,Tuesday,Operations,Vendor_034,Equipment,159.02,30000,Approver_01,INV-100675
TXN-005888,2025-02-11,16:37,Tuesday,IT,Vendor_043,Utilities,208.81,40000,Approver_14,INV-100676
TXN-001931,2025-02-11,15:59,Tuesday,Procurement,Vendor_039,Software,7073.12,50000,Approver_11,INV-100677
TXN-002733,2025-02-11,15:43,Tuesday,IT,Vendor_039,Misc,4492.07,40000,Approver_11,INV-100678
TXN-002063,2025-02-11,15:20,Tuesday,Marketing,Vendor_016,Consulting,32.54,25000,Approver_03,INV-100679
TXN-001869,2025-02-11,09:04,Tuesday,HR,Vendor_005,Misc,-693.53,15000,Approver_10,INV-100680
TXN-004306,2025-02-11,17:33,Tuesday,Operations,Vendor_032,Software,78.63,30000,Approver_14,INV-100681
TXN-000085,2025-02-11,10:14,Tuesday,IT,Vendor_038,Travel,3129.13,40000,Approver_11,INV-100682
TXN-001963,2025-02-11,10:52,Tuesday,Procurement,Vendor_009,Consulting,4192.6,50000,Approver_01,INV-100683
TXN-004640,2025-02-11,15:38,Tuesday,Sales,Vendor_023,Travel,18986.27,20000,Approver_09,INV-100684
TXN-003346,2025-02-11,15:16,Tuesday,HR,Vendor_038,Travel,472.42,15000,Approver_15,INV-100685
TXN-002333,2025-02-11,11:24,Tuesday,IT,Vendor_044,Consulting,295.71,40000,Approver_15,INV-100686
TXN-001721,2025-02-11,18:05,Tuesday,IT,Vendor_033,Misc,104.07,40000,Approver_02,INV-100687
TXN-004017,2025-02-11,16:10,Tuesday,HR,Vendor_056,Travel,19.99,15000,Approver_15,INV-100688
TXN-004174,2025-02-11,12:41,Tuesday,HR,Vendor_035,Misc,45754.26,15000,Approver_04,INV-100689
TXN-002021,2025-02-11,14:09,Tuesday,Marketing,Vendor_034,Equipment,412.0,25000,Approver_08,INV-100690
TXN-000460,2025-02-11,11:53,Tuesday,Finance,Vendor_016,Supplies,40.36,60000,Approver_11,INV-100691
TXN-000627,2025-02-12,12:02,Wednesday,Procurement,Vendor_002,Supplies,10000.0,50000,Approver_10,INV-100692
TXN-000966,2025-02-12,14:41,Wednesday,IT,Vendor_054,Utilities,206.34,40000,Approver_12,INV-100689
TXN-005635,2025-02-12,12:33,Wednesday,Operations,Vendor_025,Software,505.97,30000,Approver_01,INV-100689
TXN-001178,2025-02-12,23:03,Wednesday,Operations,Vendor_014,Consulting,1421.51,30000,Approver_13,INV-100695
TXN-005228,2025-02-12,16:13,Wednesday,Procurement,Vendor_060,Equipment,7464.51,50000,Approver_09,INV-100696
TXN-002359,2025-02-12,13:44,Wednesday,Operations,Vendor_011,Software,31.35,30000,Approver_08,INV-100697
TXN-004207,2025-02-12,15:42,Wednesday,Operations,Vendor_016,Utilities,250.94,30000,Approver_09,INV-100698
TXN-000986,2025-02-12,09:20,Wednesday,Marketing,Vendor_051,Software,144.65,25000,Approver_15,INV-100699
TXN-004966,2025-02-12,15:44,Wednesday,Procurement,Vendor_031,Utilities,-4651.26,50000,Approver_05,INV-100700
TXN-002444,2025-02-12,09:32,Wednesday,Procurement,Vendor_060,Supplies,84810.54,50000,Approver_09,INV-100701
TXN-004035,2025-02-12,16:40,Wednesday,Sales,Vendor_024,Software,126.11,20000,Approver_11,INV-100702
TXN-000231,2025-02-12,09:21,Wednesday,Marketing,Vendor_021,Equipment,410.11,25000,Approver_02,INV-100703
TXN-004895,2025-02-12,17:15,Wednesday,Finance,Vendor_019,Travel,717.53,60000,Approver_15,INV-100704
TXN-005320,2025-02-12,10:19,Wednesday,Sales,Vendor_060,Supplies,171.91,20000,,INV-100705
TXN-005548,2025-02-12,11:01,Wednesday,Marketing,Vendor_018,Equipment,497.13,25000,Approver_01,INV-100700
TXN-001599,2025-02-12,08:36,Wednesday,Procurement,Vendor_038,Consulting,22.51,50000,Approver_04,INV-100707
TXN-004818,2025-02-12,12:40,Wednesday,Sales,Vendor_010,Misc,-3245.23,20000,Approver_07,INV-100708
TXN-004600,2025-02-12,15:41,Wednesday,Finance,Vendor_030,Travel,1271.04,60000,Approver_05,INV-100709
TXN-003751,2025-02-12,12:47,Wednesday,Marketing,Vendor_060,Utilities,774.67,25000,Approver_04,INV-100710
TXN-002758,2025-02-12,14:14,Wednesday,HR,Vendor_015,Equipment,17015.85,15000,Approver_04,INV-100711
TXN-003758,2025-02-12,14:59,Wednesday,HR,Vendor_026,Misc,1762.64,15000,Approver_13,INV-100712
TXN-001559,2025-02-12,14:59,Wednesday,Sales,Vendor_031,Utilities,1021.51,20000,Approver_14,INV-100713
TXN-002198,2025-02-12,08:30,Wednesday,Marketing,Vendor_058,Consulting,118.76,25000,Approver_07,INV-100714
TXN-003707,2025-02-13,11:38,Thursday,IT,Vendor_037,Utilities,15000.0,40000,Approver_14,INV-100715
TXN-000591,2025-02-13,10:22,Thursday,Sales,Vendor_017,Supplies,11.54,20000,Approver_05,INV-100716
TXN-000976,2025-02-13,12:43,Thursday,HR,Vendor_055,Supplies,129.45,15000,Approver_04,INV-100717
TXN-002885,2025-02-13,15:26,Thursday,Sales,Vendor_041,Travel,533.56,20000,Approver_15,INV-100718
TXN-000611,2025-02-13,15:05,Thursday,Marketing,Vendor_051,Consulting,2886.22,25000,Approver_06,INV-100719
TXN-003620,2025-02-13,14:26,Thursday,HR,Vendor_039,Utilities,4008.83,15000,Approver_01,INV-100720
TXN-003144,2025-02-13,16:38,Thursday,Sales,Vendor_026,Equipment,972.73,20000,Approver_14,INV-100721
TXN-004011,2025-02-13,12:21,Thursday,IT,Vendor_039,Utilities,10040.88,40000,Approver_15,INV-100722
TXN-003507,2025-02-13,00:13,Thursday,Operations,Vendor_001,Misc,479.67,30000,Approver_11,INV-100723
TXN-003955,2025-02-13,15:25,Thursday,Operations,Vendor_060,Software,3576.03,30000,Approver_02,INV-100724
TXN-000212,2025-02-13,15:42,Thursday,Sales,Vendor_029,Utilities,5538.9,20000,Approver_06,INV-100725
TXN-000042,2025-02-13,21:11,Thursday,IT,Vendor_026,Supplies,10.43,40000,Approver_10,INV-100726
TXN-000434,2025-02-13,10:18,Thursday,HR,Vendor_036,Consulting,1106.73,15000,Approver_03,INV-100727
TXN-001758,2025-02-13,10:59,Thursday,Sales,Vendor_010,Software,62.81,20000,Approver_06,INV-100728
TXN-002487,2025-02-13,10:39,Thursday,Procurement,Vendor_041,Consulting,455.61,50000,Approver_10,INV-100724
TXN-000435,2025-02-13,16:16,Thursday,Marketing,Vendor_058,Utilities,9167.72,25000,Approver_04,INV-100730
TXN-003757,2025-02-14,14:43,Friday,IT,Vendor_025,Software,91801.5,40000,Approver_02,INV-100731
TXN-002390,2025-02-14,11:26,Friday,IT,Vendor_028,Consulting,1878.89,40000,Approver_11,INV-100732
TXN-004579,2025-02-14,13:58,Friday,Operations,Vendor_038,Software,823.23,30000,Approver_13,INV-100733
TXN-000410,2025-02-14,17:49,Friday,HR,Vendor_015,Equipment,23.8,15000,Approver_04,INV-100734
TXN-000834,2025-02-14,11:20,Friday,Sales,Vendor_044,Supplies,487.43,20000,Approver_03,INV-100735
TXN-004452,2025-02-14,10:34,Friday,Procurement,Vendor_054,Misc,7500.0,50000,Approver_06,INV-100736
TXN-000553,2025-02-14,11:08,Friday,HR,Vendor_043,Software,14215.36,15000,Approver_08,INV-100737
TXN-001798,2025-02-14,11:23,Friday,HR,Vendor_055,Travel,103.43,15000,Approver_09,INV-100738
TXN-003925,2025-02-14,16:14,Friday,Procurement,Vendor_053,Misc,86014.11,50000,Approver_13,INV-100739
TXN-000592,2025-02-14,10:35,Friday,HR,Vendor_053,Software,602.63,15000,,INV-100740
TXN-003836,2025-02-14,17:52,Friday,Finance,Vendor_032,Equipment,1627.23,60000,Approver_01,INV-100741
TXN-003654,2025-02-14,15:06,Friday,IT,Vendor_029,Misc,1197.27,40000,Approver_14,INV-100742
TXN-004702,2025-02-14,12:46,Friday,HR,Vendor_040,Equipment,39.88,15000,Approver_04,INV-100743
TXN-004821,2025-02-14,11:01,Friday,Operations,Vendor_056,Travel,28291.5,30000,Approver_11,INV-100744
TXN-004480,2025-02-14,12:54,Friday,Operations,Vendor_023,Equipment,155.85,30000,Approver_14,INV-100745
TXN-003601,2025-02-14,10:30,Friday,Operations,Vendor_035,Consulting,2848.25,30000,Approver_13,INV-100746
TXN-003578,2025-02-14,10:34,Friday,Marketing,Vendor_039,Utilities,51.09,25000,Approver_04,INV-100747
TXN-003490,2025-02-14,10:00,Friday,Sales,Vendor_040,Software,471.13,20000,Approver_10,INV-100748
TXN-004321,2025-02-14,12:37,Friday,Finance,Vendor_015,Supplies,56134.73,60000,Approver_02,INV-100749
TXN-005867,2025-02-14,17:46,Friday,Procurement,Vendor_016,Software,35.02,50000,Approver_05,INV-100750
TXN-001304,2025-02-14,13:47,Friday,Procurement,Vendor_032,Misc,367.12,50000,Approver_05,INV-100751
TXN-003574,2025-02-14,14:10,Friday,HR,Vendor_012,Equipment,128.78,15000,Approver_03,INV-100752
TXN-005753,2025-02-14,15:04,Friday,Finance,Vendor_040,Consulting,7664.75,60000,Approver_02,INV-100753
TXN-003034,2025-02-17,17:54,Monday,Marketing,Vendor_039,Supplies,322.17,25000,Approver_11,INV-100754
TXN-004116,2025-02-17,12:54,Monday,Operations,Vendor_060,Supplies,483.13,30000,Approver_14,INV-100755
TXN-001048,2025-02-17,16:35,Monday,Procurement,Vendor_045,Equipment,406.73,50000,Approver_15,INV-100756
TXN-005181,2025-02-17,16:20,Monday,Operations,Vendor_051,Supplies,4141.18,30000,Approver_14,INV-100757
TXN-003863,2025-02-17,13:16,Monday,Marketing,Vendor_014,Supplies,22509.66,25000,Approver_13,INV-100758
TXN-002644,2025-02-17,10:46,Monday,Procurement,Vendor_018,Software,2398.69,50000,Approver_08,INV-100759
TXN-002771,2025-02-17,16:45,Monday,Sales,Vendor_025,Equipment,557.14,20000,Approver_05,INV-100760
TXN-003614,2025-02-17,14:26,Monday,Operations,Vendor_051,Travel,49971.86,30000,Approver_10,INV-100761
TXN-003524,2025-02-17,16:34,Monday,IT,Vendor_027,Utilities,34.88,40000,Approver_09,INV-100762
TXN-005650,2025-02-17,17:11,Monday,Operations,Vendor_027,Software,419.38,30000,Approver_04,INV-100763
TXN-004658,2025-02-17,14:39,Monday,Marketing,Vendor_026,Supplies,600.25,25000,Approver_06,INV-100764
TXN-005697,2025-02-17,14:25,Monday,IT,Vendor_032,Equipment,4453.42,40000,Approver_05,INV-100765
TXN-003720,2025-02-17,15:19,Monday,Operations,Vendor_042,Utilities,17.89,30000,Approver_04,INV-100766
TXN-001927,2025-02-17,17:56,Monday,Procurement,Vendor_045,Supplies,351.63,50000,Approver_14,INV-100767
TXN-001449,2025-02-17,21:52,Monday,IT,Vendor_028,Travel,76572.02,40000,Approver_11,INV-100768
TXN-002492,2025-02-17,12:40,Monday,Sales,Vendor_058,Software,259.14,20000,Approver_13,INV-100769
TXN-005006,2025-02-17,14:31,Monday,HR,Vendor_056,Utilities,4171.63,15000,Approver_08,INV-100770
TXN-005879,2025-02-17,16:47,Monday,Operations,Vendor_042,Consulting,8574.0,30000,Approver_14,INV-100771
TXN-002790,2025-02-17,11:12,Monday,Procurement,Vendor_053,Equipment,342.17,50000,Approver_12,INV-100772
TXN-004955,2025-02-18,13:45,Tuesday,HR,Vendor_037,Consulting,14714.37,15000,Approver_11,INV-100773
TXN-003269,2025-02-18,15:25,Tuesday,IT,Vendor_056,Supplies,28.13,40000,Approver_05,INV-100774
TXN-003164,2025-02-18,14:59,Tuesday,IT,Vendor_051,Travel,2500.0,40000,Approver_09,INV-100775
TXN-003153,2025-02-18,16:38,Tuesday,Finance,Vendor_022,Software,39.07,60000,Approver_05,INV-100776
TXN-001541,2025-02-18,15:27,Tuesday,IT,Vendor_056,Equipment,74.65,40000,Approver_09,INV-100777
TXN-000899,2025-02-18,17:52,Tuesday,HR,Vendor_027,Consulting,18.64,15000,Approver_05,INV-100778
TXN-001840,2025-02-18,18:10,Tuesday,Finance,Vendor_032,Software,10.41,60000,Approver_10,INV-100779
TXN-001571,2025-02-18,13:04,Tuesday,Operations,Vendor_048,Utilities,2161.01,30000,Approver_05,INV-100780
TXN-002641,2025-02-18,15:08,Tuesday,Finance,Vendor_050,Equipment,59406.6,60000,Approver_03,INV-100781
TXN-002707,2025-02-18,12:17,Tuesday,Finance,Vendor_008,Software,5004.61,60000,Approver_09,INV-100782
TXN-002855,2025-02-18,17:53,Tuesday,HR,Vendor_047,Consulting,861.28,15000,Approver_11,INV-100783
TXN-001443,2025-02-18,10:53,Tuesday,HR,Vendor_027,Misc,25920.58,15000,Approver_01,INV-100784
TXN-000095,2025-02-18,10:19,Tuesday,Operations,Vendor_049,Misc,360.83,30000,Approver_15,INV-100785
TXN-005874,2025-02-18,11:30,Tuesday,HR,Vendor_021,Travel,131.03,15000,Approver_11,INV-100786
TXN-002474,2025-02-18,17:18,Tuesday,IT,Vendor_019,Equipment,29935.98,40000,Approver_13,INV-100787
TXN-001924,2025-02-18,16:17,Tuesday,Sales,Vendor_007,Utilities,521.94,20000,Approver_09,INV-100788
TXN-002636,2025-02-19,16:29,Wednesday,Marketing,Vendor_002,Utilities,34.32,25000,Approver_10,INV-100789
TXN-001512,2025-02-19,12:40,Wednesday,Procurement,Vendor_001,Supplies,97.29,50000,Approver_04,INV-100790
TXN-000748,2025-02-19,12:14,Wednesday,Procurement,Vendor_043,Supplies,2092.28,50000,Approver_08,INV-100791
TXN-004933,2025-02-19,10:54,Wednesday,Finance,Vendor_002,Supplies,2400.28,60000,,INV-100792
TXN-001105,2025-02-19,16:35,Wednesday,Marketing,Vendor_002,Equipment,22687.19,25000,Approver_04,INV-100793
TXN-005621,2025-02-19,10:47,Wednesday,Sales,Vendor_024,Equipment,2473.51,20000,Approver_03,INV-100794
TXN-005945,2025-02-19,11:51,Wednesday,Procurement,Vendor_036,Consulting,23.5,50000,Approver_02,INV-100795
TXN-005722,2025-02-19,12:49,Wednesday,Operations,Vendor_007,Software,277.09,30000,Approver_02,INV-100796
TXN-001749,2025-02-19,09:49,Wednesday,Operations,Vendor_060,Supplies,528.02,30000,Approver_10,INV-100797
TXN-005248,2025-02-19,17:25,Wednesday,Finance,Vendor_054,Software,781.45,60000,Approver_06,INV-100798
TXN-000858,2025-02-19,12:08,Wednesday,Finance,Vendor_056,Supplies,796.49,60000,Approver_04,INV-100799
TXN-000316,2025-02-19,16:27,Wednesday,HR,Vendor_059,Supplies,1284.97,15000,Approver_12,INV-100800
TXN-000006,2025-02-19,15:01,Wednesday,Procurement,Vendor_026,Software,161.41,50000,Approver_13,INV-100801
TXN-005628,2025-02-19,14:46,Wednesday,Marketing,Vendor_050,Supplies,12.79,25000,Approver_03,INV-100802
TXN-003470,2025-02-20,18:32,Thursday,Marketing,Vendor_044,Travel,1063.16,25000,Approver_10,INV-100803
TXN-003857,2025-02-20,10:12,Thursday,Procurement,Vendor_032,Equipment,8207.23,50000,Approver_15,INV-100804
TXN-001328,2025-02-20,15:24,Thursday,IT,Vendor_005,Misc,20000.0,40000,Approver_12,INV-100805
TXN-005869,2025-02-20,16:56,Thursday,Sales,Vendor_050,Supplies,217.44,20000,Approver_11,INV-100806
TXN-004751,2025-02-20,15:01,Thursday,Procurement,Vendor_033,Utilities,4059.25,50000,Approver_15,INV-100807
TXN-001018,2025-02-20,10:03,Thursday,IT,Vendor_007,Equipment,329.34,40000,Approver_04,INV-100808
TXN-005356,2025-02-20,10:00,Thursday,HR,Vendor_057,Supplies,397.72,15000,Approver_04,INV-100809
TXN-005817,2025-02-20,16:32,Thursday,Sales,Vendor_022,Consulting,19.62,20000,Approver_05,INV-100810
TXN-002727,2025-02-20,16:10,Thursday,Finance,Vendor_022,Consulting,54563.39,60000,Approver_10,INV-100811
TXN-004769,2025-02-20,12:08,Thursday,IT,Vendor_042,Utilities,790.42,40000,Approver_08,INV-100812
TXN-002491,2025-02-20,14:43,Thursday,Operations,Vendor_021,Misc,42.08,30000,Approver_01,INV-100813
TXN-002669,2025-02-20,11:10,Thursday,HR,Vendor_044,Software,248.62,15000,Approver_13,INV-100814
TXN-001627,2025-02-20,14:44,Thursday,HR,Vendor_015,Equipment,931.63,15000,Approver_09,INV-100815
TXN-002392,2025-02-20,01:22,Thursday,IT,Vendor_014,Utilities,7485.14,40000,Approver_04,INV-100816
TXN-004143,2025-02-20,15:26,Thursday,Finance,Vendor_052,Travel,4561.45,60000,Approver_08,INV-100817
TXN-003768,2025-02-20,08:19,Thursday,Operations,Vendor_007,Consulting,758.89,30000,Approver_12,INV-100818
TXN-004155,2025-02-20,14:27,Thursday,Operations,Vendor_045,Equipment,1810.72,30000,Approver_11,INV-100819
TXN-001500,2025-02-20,10:54,Thursday,Finance,Vendor_056,Supplies,21.08,60000,Approver_01,INV-100820
TXN-004269,2025-02-20,17:15,Thursday,Sales,Vendor_017,Software,82053.53,20000,Approver_15,INV-100821
TXN-004597,2025-02-20,13:44,Thursday,Finance,Vendor_022,Software,27.32,60000,Approver_06,INV-100822
TXN-000100,2025-02-20,15:46,Thursday,HR,Vendor_016,Software,6387.27,15000,Approver_08,INV-100823
TXN-003886,2025-02-20,09:22,Thursday,Procurement,Vendor_020,Misc,705.24,50000,Approver_02,INV-100824
TXN-003763,2025-02-21,11:57,Friday,IT,Vendor_032,Equipment,27254.83,40000,Approver_01,INV-100825
TXN-002466,2025-02-21,11:44,Friday,IT,Vendor_006,Utilities,16.73,40000,Approver_09,INV-100826
TXN-001307,2025-02-21,11:34,Friday,HR,Vendor_050,Misc,17.81,15000,Approver_15,INV-100827
TXN-004484,2025-02-21,17:09,Friday,Sales,Vendor_048,Supplies,1742.17,20000,Approver_06,INV-100828
TXN-000842,2025-02-21,10:27,Friday,HR,Vendor_005,Consulting,52.05,15000,Approver_02,INV-100829
TXN-004504,2025-02-21,10:06,Friday,Procurement,Vendor_057,Consulting,688.79,50000,Approver_06,INV-100830
TXN-001317,2025-02-21,18:02,Friday,IT,Vendor_048,Supplies,21.71,40000,Approver_01,INV-100831
TXN-001308,2025-02-21,11:35,Friday,Sales,Vendor_049,Equipment,337.56,20000,Approver_06,INV-100832
TXN-004281,2025-02-21,11:12,Friday,Procurement,Vendor_053,Supplies,1105.09,50000,Approver_11,INV-100833
TXN-005765,2025-02-21,15:42,Friday,HR,Vendor_054,Equipment,1025.23,15000,Approver_04,INV-100834
TXN-004120,2025-02-21,10:47,Friday,Procurement,Vendor_045,Consulting,39.79,50000,Approver_12,INV-100835
TXN-002927,2025-02-21,17:29,Friday,HR,Vendor_017,Consulting,2728.73,15000,Approver_07,INV-100836
TXN-004117,2025-02-21,15:50,Friday,Finance,Vendor_029,Equipment,8546.68,60000,Approver_13,INV-100837
TXN-002116,2025-02-21,15:35,Friday,Operations,Vendor_034,Supplies,2844.89,30000,Approver_07,INV-100832
TXN-000536,2025-02-21,17:28,Friday,Procurement,Vendor_006,Software,46916.53,50000,Approver_03,INV-100839
TXN-001960,2025-02-21,10:16,Friday,HR,Vendor_006,Supplies,761.15,15000,Approver_11,INV-100840
TXN-001668,2025-02-21,16:13,Friday,Finance,Vendor_028,Supplies,25698.69,60000,Approver_09,INV-100841
TXN-001447,2025-02-21,12:57,Friday,Operations,Vendor_052,Consulting,149.12,30000,Approver_15,INV-100842
TXN-001446,2025-02-21,12:58,Friday,HR,Vendor_041,Misc,411.15,15000,Approver_14,INV-100843
TXN-004074,2025-02-21,11:40,Friday,Finance,Vendor_028,Consulting,280.01,60000,Approver_03,INV-100844
TXN-002097,2025-02-21,12:40,Friday,IT,Vendor_039,Consulting,6857.93,40000,Approver_13,INV-100841
TXN-005978,2025-02-21,12:26,Friday,Sales,Vendor_033,Utilities,2532.46,20000,Approver_13,INV-100846
TXN-004750,2025-02-21,15:44,Friday,HR,Vendor_001,Utilities,4110.78,15000,Approver_10,INV-100847
TXN-002673,2025-02-21,15:43,Friday,Finance,Vendor_041,Software,56018.76,60000,Approver_05,INV-100848
TXN-004793,2025-02-21,10:45,Friday,Sales,Vendor_047,Misc,37.7,20000,Approver_14,INV-100849
TXN-002846,2025-02-21,17:45,Friday,Procurement,Vendor_039,Utilities,39.67,50000,Approver_04,INV-100850
TXN-004632,2025-02-21,12:03,Friday,Sales,Vendor_036,Utilities,165.7,20000,Approver_08,INV-100851
TXN-000785,2025-02-21,16:56,Friday,Finance,Vendor_034,Travel,3226.2,60000,Approver_09,INV-100852
TXN-003921,2025-02-21,11:14,Friday,Finance,Vendor_010,Utilities,79512.1,60000,Approver_12,INV-100853
TXN-003461,2025-02-21,08:58,Friday,IT,Vendor_020,Utilities,6615.2,40000,Approver_09,INV-100850
TXN-005700,2025-02-21,14:41,Friday,Marketing,Vendor_020,Travel,358.81,25000,Approver_06,INV-100855
TXN-002432,2025-02-21,17:47,Friday,Marketing,Vendor_017,Misc,13.76,25000,Approver_08,INV-100856
TXN-001847,2025-02-21,10:09,Friday,Marketing,Vendor_012,Utilities,12.02,25000,Approver_13,INV-100857
TXN-000361,2025-02-21,17:44,Friday,HR,Vendor_049,Supplies,819.95,15000,Approver_04,INV-100858
TXN-005705,2025-02-21,08:21,Friday,Procurement,Vendor_030,Supplies,1123.87,50000,Approver_01,INV-100859
TXN-004654,2025-02-21,18:29,Friday,Procurement,Vendor_045,Travel,-2323.97,50000,Approver_01,INV-100860
TXN-000017,2025-02-21,11:38,Friday,Procurement,Vendor_002,Supplies,199.93,50000,Approver_01,INV-100861
TXN-003488,2025-02-24,09:00,Monday,Procurement,Vendor_010,Software,2500.0,50000,Approver_04,INV-100862
TXN-004734,2025-02-24,17:42,Monday,Marketing,Vendor_040,Consulting,133.0,25000,Approver_02,INV-100863
TXN-003216,2025-02-24,15:06,Monday,Finance,Vendor_003,Supplies,600.87,60000,Approver_05,INV-100864
TXN-005761,2025-02-24,18:21,Monday,Procurement,Vendor_044,Consulting,45540.57,50000,Approver_12,INV-100865
TXN-000491,2025-02-24,11:30,Monday,HR,Vendor_058,Equipment,402.8,15000,Approver_07,INV-100866
TXN-001170,2025-02-24,11:13,Monday,Operations,Vendor_038,Utilities,15000.0,30000,Approver_06,INV-100867
TXN-002362,2025-02-24,15:34,Monday,Operations,Vendor_056,Supplies,984.16,30000,Approver_06,INV-100868
TXN-003310,2025-02-24,17:52,Monday,Procurement,Vendor_052,Supplies,3114.55,50000,Approver_08,INV-100869
TXN-004918,2025-02-24,16:37,Monday,Marketing,Vendor_030,Software,198.11,25000,Approver_15,INV-100870
TXN-004549,2025-02-24,10:58,Monday,Operations,Vendor_026,Equipment,5776.46,30000,Approver_11,INV-100871
TXN-003738,2025-02-24,09:09,Monday,Finance,Vendor_008,Misc,143.72,60000,Approver_02,INV-100872
TXN-003425,2025-02-24,17:08,Monday,Finance,Vendor_059,Travel,56105.18,60000,Approver_05,INV-100873
TXN-003598,2025-02-24,09:58,Monday,Marketing,Vendor_025,Misc,19038.04,25000,Approver_13,INV-100874
TXN-004223,2025-02-24,09:18,Monday,HR,Vendor_041,Equipment,115.85,15000,Approver_14,INV-100875
TXN-004197,2025-02-24,12:02,Monday,Sales,Vendor_030,Equipment,42.71,20000,Approver_07,INV-100876
TXN-000098,2025-02-24,17:31,Monday,HR,Vendor_028,Supplies,789.64,15000,Approver_01,INV-100877
TXN-005292,2025-02-24,16:45,Monday,Marketing,Vendor_026,Misc,9956.52,25000,Approver_11,INV-100878
TXN-001414,2025-02-24,11:04,Monday,Finance,Vendor_045,Equipment,1131.61,60000,Approver_13,INV-100879
TXN-005666,2025-02-24,09:32,Monday,HR,Vendor_024,Equipment,14.13,15000,Approver_02,INV-100880
TXN-005706,2025-02-24,14:27,Monday,Marketing,Vendor_003,Travel,6181.02,25000,Approver_09,INV-100881
TXN-000092,2025-02-24,11:14,Monday,Procurement,Vendor_026,Travel,113.44,50000,Approver_04,INV-100882
TXN-001619,2025-02-24,10:18,Monday,Operations,Vendor_047,Equipment,4755.1,30000,Approver_02,INV-100883
TXN-005988,2025-02-24,08:58,Monday,Operations,Vendor_044,Supplies,83.79,30000,Approver_13,INV-100884
TXN-003083,2025-02-24,09:45,Monday,Procurement,Vendor_009,Equipment,66.0,50000,Approver_13,INV-100885
TXN-004677,2025-02-25,11:53,Tuesday,Sales,Vendor_004,Equipment,74106.1,20000,Approver_02,INV-100886
TXN-002928,2025-02-25,11:08,Tuesday,Operations,Vendor_032,Software,4080.44,30000,Approver_03,INV-100887
TXN-001003,2025-02-25,13:38,Tuesday,Finance,Vendor_012,Travel,1000.0,60000,Approver_07,INV-100888
TXN-002169,2025-02-25,12:15,Tuesday,HR,Vendor_044,Software,14019.16,15000,Approver_06,INV-100889
TXN-001825,2025-02-25,14:03,Tuesday,Marketing,Vendor_011,Supplies,406.04,25000,Approver_10,INV-100890
TXN-001597,2025-02-25,10:30,Tuesday,Sales,Vendor_019,Misc,-3859.6,20000,Approver_10,INV-100891
TXN-000810,2025-02-25,15:38,Tuesday,IT,Vendor_031,Misc,129.6,40000,Approver_14,INV-100892
TXN-000820,2025-02-25,16:04,Tuesday,Sales,Vendor_049,Consulting,1000.0,20000,Approver_10,INV-100893
TXN-002911,2025-02-25,10:16,Tuesday,IT,Vendor_034,Software,806.66,40000,Approver_10,INV-100894
TXN-004833,2025-02-25,14:51,Tuesday,Operations,Vendor_013,Travel,-740.25,30000,Approver_07,INV-100895
TXN-005029,2025-02-25,15:15,Tuesday,Sales,Vendor_003,Consulting,42.32,20000,Approver_12,INV-100896
TXN-002283,2025-02-25,16:46,Tuesday,Operations,Vendor_032,Equipment,141.87,30000,Approver_07,INV-100897
TXN-005914,2025-02-25,11:25,Tuesday,IT,Vendor_030,Software,22.28,40000,Approver_11,INV-100898
TXN-005105,2025-02-25,11:44,Tuesday,HR,Vendor_059,Equipment,159.48,15000,Approver_02,INV-100899
TXN-003669,2025-02-25,10:01,Tuesday,Marketing,Vendor_028,Utilities,10.14,25000,Approver_10,INV-100900
TXN-002968,2025-02-25,15:10,Tuesday,Finance,Vendor_059,Software,632.9,60000,Approver_04,INV-100901
TXN-005319,2025-02-25,15:57,Tuesday,Finance,Vendor_002,Utilities,38.83,60000,Approver_04,INV-100902
TXN-002728,2025-02-25,14:34,Tuesday,IT,Vendor_031,Misc,104.56,40000,Approver_10,INV-100903
TXN-001530,2025-02-25,10:27,Tuesday,Procurement,Vendor_060,Equipment,1646.05,50000,Approver_07,INV-100904
TXN-000954,2025-02-25,16:57,Tuesday,HR,Vendor_040,Travel,905.35,15000,Approver_07,INV-100905
TXN-005804,2025-02-26,08:17,Wednesday,Procurement,Vendor_015,Equipment,14264.86,50000,Approver_07,INV-100906
TXN-001763,2025-02-26,11:40,Wednesday,Marketing,Vendor_010,Supplies,95600.28,25000,Approver_11,INV-100907
TXN-001983,2025-02-26,16:13,Wednesday,Operations,Vendor_003,Misc,53.64,30000,Approver_15,INV-100908
TXN-001764,2025-02-26,12:35,Wednesday,IT,Vendor_058,Equipment,30919.33,40000,Approver_04,INV-100909
TXN-001831,2025-02-26,11:42,Wednesday,HR,Vendor_038,Utilities,211.85,15000,Approver_04,INV-100910
TXN-001988,2025-02-26,12:11,Wednesday,Procurement,Vendor_045,Supplies,429.12,50000,Approver_03,INV-100911
TXN-002353,2025-02-26,12:27,Wednesday,Sales,Vendor_034,Utilities,1897.19,20000,Approver_04,INV-100912
TXN-000462,2025-02-26,18:28,Wednesday,IT,Vendor_010,Utilities,3908.56,40000,Approver_07,INV-100913
TXN-004003,2025-02-26,11:12,Wednesday,Operations,Vendor_058,Supplies,496.12,30000,Approver_06,INV-100914
TXN-005329,2025-02-26,13:46,Wednesday,Procurement,Vendor_049,Supplies,3416.35,50000,Approver_01,INV-100915
TXN-000707,2025-02-26,09:08,Wednesday,Procurement,Vendor_050,Travel,24.52,50000,Approver_05,INV-100916
TXN-001017,2025-02-26,15:00,Wednesday,Finance,Vendor_010,Consulting,-4074.0,60000,Approver_14,INV-100917
TXN-001119,2025-02-26,08:15,Wednesday,IT,Vendor_057,Supplies,36484.97,40000,Approver_08,INV-100918
TXN-000822,2025-02-26,13:16,Wednesday,IT,Vendor_038,Equipment,92.65,40000,Approver_11,INV-100919
TXN-002880,2025-02-26,15:26,Wednesday,HR,Vendor_059,Misc,548.41,15000,Approver_03,INV-100920
TXN-000576,2025-02-26,14:25,Wednesday,Procurement,Vendor_058,Supplies,177.72,50000,Approver_10,INV-100921
TXN-003514,2025-02-26,17:21,Wednesday,Finance,Vendor_011,Supplies,890.53,60000,Approver_09,INV-100922
TXN-003415,2025-02-26,09:49,Wednesday,HR,Vendor_020,Travel,2358.59,15000,Approver_08,INV-100923
TXN-004467,2025-02-26,14:11,Wednesday,Marketing,Vendor_005,Equipment,2147.81,25000,Approver_06,INV-100924
TXN-003612,2025-02-27,13:45,Thursday,IT,Vendor_044,Consulting,2196.06,40000,Approver_07,INV-100925
TXN-000674,2025-02-27,08:44,Thursday,HR,Vendor_002,Travel,51725.69,15000,Approver_04,INV-100926
TXN-005930,2025-02-27,12:39,Thursday,Marketing,Vendor_015,Supplies,1038.41,25000,Approver_15,INV-100927
TXN-002037,2025-02-27,10:23,Thursday,Finance,Vendor_054,Software,15000.0,60000,Approver_10,INV-100928
TXN-000138,2025-02-27,17:14,Thursday,Procurement,Vendor_015,Software,1586.2,50000,Approver_08,INV-100929
TXN-001609,2025-02-27,13:55,Thursday,Sales,Vendor_002,Equipment,19938.47,20000,Approver_06,INV-100930
TXN-002831,2025-02-27,12:49,Thursday,Sales,Vendor_001,Consulting,463.14,20000,Approver_14,INV-100931
TXN-000411,2025-02-27,11:26,Thursday,Procurement,Vendor_013,Misc,19.56,50000,Approver_10,INV-100932
TXN-003171,2025-02-27,18:25,Thursday,Procurement,Vendor_017,Equipment,91.83,50000,Approver_10,INV-100933
TXN-002508,2025-02-27,15:45,Thursday,Procurement,Vendor_032,Travel,51915.34,50000,Approver_14,INV-100934
TXN-002861,2025-02-27,15:29,Thursday,IT,Vendor_058,Utilities,916.34,40000,Approver_07,INV-100935
TXN-000938,2025-02-27,16:26,Thursday,Procurement,Vendor_030,Equipment,15.3,50000,Approver_09,INV-100936
TXN-005839,2025-02-27,11:10,Thursday,Procurement,Vendor_007,Utilities,34.82,50000,Approver_02,INV-100937
TXN-003424,2025-02-27,15:51,Thursday,Marketing,Vendor_041,Consulting,88387.97,25000,Approver_09,INV-100938
TXN-003233,2025-02-27,14:33,Thursday,IT,Vendor_047,Consulting,984.07,40000,Approver_04,INV-100939
TXN-003125,2025-02-27,16:09,Thursday,Finance,Vendor_047,Misc,37120.85,60000,Approver_03,INV-100940
TXN-004414,2025-02-27,17:13,Thursday,Marketing,Vendor_003,Misc,19.28,25000,Approver_14,INV-100941
TXN-005632,2025-02-27,15:43,Thursday,HR,Vendor_027,Utilities,7500.0,15000,Approver_02,INV-100942
TXN-003831,2025-02-27,15:11,Thursday,Finance,Vendor_039,Consulting,3209.75,60000,Approver_03,INV-100943
TXN-004678,2025-02-27,12:42,Thursday,HR,Vendor_023,Utilities,74.94,15000,Approver_09,INV-100944
TXN-003650,2025-02-27,13:16,Thursday,HR,Vendor_001,Equipment,6988.58,15000,Approver_01,INV-100945
TXN-000420,2025-02-27,12:57,Thursday,Operations,Vendor_060,Consulting,5084.48,30000,Approver_14,INV-100946
TXN-005682,2025-02-27,10:58,Thursday,Operations,Vendor_034,Equipment,1380.53,30000,Approver_08,INV-100947
TXN-000595,2025-02-27,10:30,Thursday,HR,Vendor_033,Equipment,862.63,15000,Approver_03,INV-100948
TXN-002250,2025-02-27,16:45,Thursday,Finance,Vendor_012,Consulting,373.8,60000,Approver_06,INV-100945
TXN-000318,2025-02-28,12:16,Friday,IT,Vendor_042,Utilities,33224.59,40000,Approver_07,INV-100950
TXN-004800,2025-02-28,10:50,Friday,Marketing,Vendor_032,Equipment,101.78,25000,Approver_05,INV-100951
TXN-005982,2025-02-28,11:01,Friday,Sales,Vendor_040,Software,920.4,20000,Approver_02,INV-100952
TXN-000311,2025-02-28,15:06,Friday,Procurement,Vendor_013,Equipment,41.92,50000,Approver_13,INV-100953
TXN-002255,2025-02-28,12:36,Friday,Operations,Vendor_033,Equipment,37547.26,30000,Approver_03,INV-100954
TXN-002160,2025-02-28,15:13,Friday,Operations,Vendor_011,Software,95.87,30000,Approver_15,INV-100955
TXN-003410,2025-02-28,18:19,Friday,HR,Vendor_034,Travel,1049.41,15000,Approver_10,INV-100956
TXN-004784,2025-02-28,15:47,Friday,HR,Vendor_020,Consulting,24.79,15000,Approver_04,INV-100957
TXN-005440,2025-02-28,11:29,Friday,Marketing,Vendor_054,Supplies,331.33,25000,Approver_02,INV-100958
TXN-002832,2025-02-28,13:17,Friday,Finance,Vendor_030,Utilities,77.93,60000,Approver_04,INV-100959
TXN-000646,2025-02-28,15:57,Friday,Finance,Vendor_059,Equipment,1752.33,60000,Approver_03,INV-100960
TXN-001507,2025-02-28,16:16,Friday,HR,Vendor_050,Consulting,14921.27,15000,Approver_08,INV-100961
TXN-004647,2025-02-28,14:03,Friday,HR,Vendor_044,Equipment,854.38,15000,Approver_02,INV-100962
TXN-004433,2025-02-28,18:00,Friday,Operations,Vendor_019,Utilities,29331.32,30000,Approver_13,INV-100963
TXN-005450,2025-02-28,12:44,Friday,Marketing,Vendor_020,Travel,691.06,25000,Approver_02,INV-100964
TXN-000943,2025-02-28,10:23,Friday,Finance,Vendor_028,Utilities,17.12,60000,Approver_05,INV-100959
TXN-005344,2025-02-28,10:56,Friday,Marketing,Vendor_036,Equipment,120.99,25000,Approver_08,INV-100966
TXN-002587,2025-02-28,11:50,Friday,Operations,Vendor_057,Misc,115.37,30000,Approver_13,INV-100967
TXN-001894,2025-02-28,17:02,Friday,Marketing,Vendor_042,Software,93.44,25000,Approver_11,INV-100968
TXN-003819,2025-02-28,15:07,Friday,IT,Vendor_059,Consulting,467.62,40000,Approver_13,INV-100969
TXN-002639,2025-02-28,12:00,Friday,Procurement,Vendor_009,Consulting,29.01,50000,Approver_07,INV-100970
TXN-003759,2025-02-28,01:01,Friday,Operations,Vendor_016,Misc,15.18,30000,Approver_11,INV-100971
TXN-003111,2025-02-28,11:42,Friday,HR,Vendor_016,Travel,509.1,15000,Approver_07,INV-100972
TXN-000233,2025-02-28,13:50,Friday,Finance,Vendor_004,Utilities,1589.88,60000,Approver_04,INV-100973
TXN-002568,2025-02-28,15:20,Friday,Operations,Vendor_040,Software,29666.34,30000,Approver_15,INV-100974
TXN-005027,2025-02-28,18:33,Friday,Finance,Vendor_017,Consulting,111.11,60000,Approver_06,INV-100975
TXN-002130,2025-03-01,18:35,Saturday,Procurement,Vendor_035,Supplies,62.08,50000,Approver_13,INV-100976
TXN-000432,2025-03-01,05:04,Saturday,HR,Vendor_023,Travel,161.83,15000,Approver_06,INV-100977
TXN-004863,2025-03-02,02:29,Sunday,Finance,Vendor_050,Travel,28.68,60000,Approver_11,INV-100978
TXN-000816,2025-03-03,11:55,Monday,HR,Vendor_001,Utilities,52.53,15000,Approver_11,INV-100979
TXN-001366,2025-03-03,11:20,Monday,Sales,Vendor_007,Utilities,89982.01,20000,Approver_04,INV-100980
TXN-000718,2025-03-03,16:36,Monday,Sales,Vendor_046,Travel,2671.72,20000,Approver_04,INV-100981
TXN-004573,2025-03-03,09:31,Monday,HR,Vendor_045,Utilities,2051.47,15000,Approver_06,INV-100982
TXN-002985,2025-03-03,13:58,Monday,Operations,Vendor_039,Supplies,4850.23,30000,Approver_06,INV-100983
TXN-000014,2025-03-03,15:05,Monday,HR,Vendor_058,Misc,165.36,15000,Approver_14,INV-100984
TXN-000907,2025-03-03,16:30,Monday,Operations,Vendor_057,Misc,74.16,30000,Approver_09,INV-100985
TXN-004099,2025-03-03,10:42,Monday,HR,Vendor_056,Misc,135.47,15000,Approver_12,INV-100986
TXN-003824,2025-03-03,15:48,Monday,IT,Vendor_025,Travel,93.8,40000,Approver_04,INV-100987
TXN-005022,2025-03-03,14:05,Monday,Finance,Vendor_006,Equipment,894.82,60000,Approver_06,INV-100988
TXN-004801,2025-03-03,12:47,Monday,Sales,Vendor_049,Software,197.03,20000,Approver_14,INV-100989
TXN-005767,2025-03-03,16:58,Monday,Marketing,Vendor_042,Software,16.5,25000,Approver_06,INV-100990
TXN-005601,2025-03-03,12:25,Monday,Marketing,Vendor_011,Misc,76884.01,25000,Approver_04,INV-100991
TXN-001901,2025-03-03,16:37,Monday,Sales,Vendor_009,Supplies,1352.65,20000,Approver_05,INV-100988
TXN-000653,2025-03-03,12:03,Monday,Marketing,Vendor_002,Equipment,146.74,25000,Approver_07,INV-100993
TXN-003532,2025-03-03,13:58,Monday,Sales,Vendor_048,Misc,34259.56,20000,Approver_14,INV-100994
TXN-003689,2025-03-03,08:06,Monday,Finance,Vendor_041,Consulting,23314.01,60000,Approver_13,INV-100995
TXN-002207,2025-03-03,16:03,Monday,Marketing,Vendor_051,Consulting,854.24,25000,Approver_03,INV-100996
TXN-001154,2025-03-03,16:37,Monday,HR,Vendor_003,Equipment,146.66,15000,Approver_15,INV-100997
TXN-003339,2025-03-03,15:54,Monday,HR,Vendor_009,Misc,1908.42,15000,Approver_02,INV-100998
TXN-003067,2025-03-03,18:25,Monday,Procurement,Vendor_008,Software,138.29,50000,Approver_10,INV-100999
TXN-000538,2025-03-03,12:21,Monday,IT,Vendor_031,Utilities,64248.89,40000,Approver_10,INV-101000
TXN-004655,2025-03-03,18:20,Monday,Marketing,Vendor_009,Equipment,7866.67,25000,Approver_11,INV-101001
TXN-005452,2025-03-03,17:03,Monday,Finance,Vendor_024,Equipment,331.51,60000,Approver_13,INV-101002
TXN-001724,2025-03-03,15:04,Monday,Sales,Vendor_043,Software,433.15,20000,Approver_14,INV-101003
TXN-001818,2025-03-03,13:15,Monday,IT,Vendor_029,Equipment,370.5,40000,,INV-101004
TXN-002089,2025-03-03,14:54,Monday,Sales,Vendor_031,Misc,25.08,20000,Approver_12,INV-101005
TXN-004639,2025-03-03,15:09,Monday,Sales,Vendor_053,Misc,113.23,20000,Approver_11,INV-101006
TXN-002967,2025-03-03,15:16,Monday,Finance,Vendor_053,Travel,2937.18,60000,Approver_15,INV-101007
TXN-002345,2025-03-03,10:36,Monday,Sales,Vendor_055,Utilities,1359.0,20000,Approver_12,INV-101008
TXN-003994,2025-03-03,12:26,Monday,IT,Vendor_048,Misc,805.29,40000,Approver_11,INV-101009
TXN-005644,2025-03-03,13:02,Monday,IT,Vendor_041,Misc,227.96,40000,Approver_07,INV-101010
TXN-001661,2025-03-03,15:44,Monday,Finance,Vendor_017,Consulting,202.91,60000,Approver_14,INV-101011
TXN-003040,2025-03-04,15:51,Tuesday,Operations,Vendor_015,Travel,33.35,30000,Approver_14,INV-101012
TXN-000353,2025-03-04,12:45,Tuesday,Sales,Vendor_058,Travel,10000.0,20000,Approver_02,INV-101013
TXN-002237,2025-03-04,13:24,Tuesday,Procurement,Vendor_030,Utilities,293.37,50000,Approver_11,INV-101014
TXN-004651,2025-03-04,15:14,Tuesday,Marketing,Vendor_040,Travel,450.27,25000,Approver_05,INV-101015
TXN-004347,2025-03-04,11:05,Tuesday,IT,Vendor_045,Supplies,100.81,40000,Approver_14,INV-101016
TXN-002483,2025-03-04,13:27,Tuesday,Operations,Vendor_020,Misc,630.65,30000,Approver_09,INV-101017
TXN-005509,2025-03-04,11:25,Tuesday,IT,Vendor_050,Misc,4017.98,40000,Approver_01,INV-101018
TXN-002511,2025-03-04,10:12,Tuesday,Operations,Vendor_025,Travel,76475.11,30000,Approver_12,INV-101019
TXN-002205,2025-03-04,09:34,Tuesday,Marketing,Vendor_052,Software,11.74,25000,Approver_05,INV-101020
TXN-000093,2025-03-04,12:25,Tuesday,IT,Vendor_043,Consulting,22199.64,40000,Approver_02,INV-101021
TXN-000240,2025-03-04,13:52,Tuesday,Procurement,Vendor_059,Misc,4311.93,50000,Approver_06,INV-101022
TXN-004434,2025-03-04,14:07,Tuesday,Sales,Vendor_002,Software,195.85,20000,Approver_11,INV-101023
TXN-004717,2025-03-04,18:36,Tuesday,Marketing,Vendor_031,Software,560.98,25000,Approver_10,INV-101024
TXN-002914,2025-03-04,12:44,Tuesday,Operations,Vendor_035,Equipment,11661.82,30000,Approver_10,INV-101025
TXN-000792,2025-03-04,15:11,Tuesday,HR,Vendor_052,Travel,14829.2,15000,Approver_15,INV-101026
TXN-005082,2025-03-04,08:37,Tuesday,Finance,Vendor_031,Equipment,426.2,60000,Approver_09,INV-101027
TXN-002768,2025-03-04,17:15,Tuesday,HR,Vendor_030,Misc,18.66,15000,Approver_04,INV-101028
TXN-005495,2025-03-04,13:55,Tuesday,Finance,Vendor_027,Misc,125.0,60000,Approver_10,INV-101029
TXN-004089,2025-03-04,12:22,Tuesday,HR,Vendor_034,Supplies,30454.78,15000,Approver_09,INV-101030
TXN-002342,2025-03-04,17:51,Tuesday,Sales,Vendor_056,Misc,197.18,20000,Approver_10,INV-101031
TXN-003576,2025-03-04,18:42,Tuesday,Finance,Vendor_033,Software,2823.15,60000,,INV-101032
TXN-002445,2025-03-04,14:19,Tuesday,Sales,Vendor_024,Utilities,-1370.69,20000,Approver_07,INV-101033
TXN-002731,2025-03-04,01:05,Tuesday,Marketing,Vendor_048,Misc,879.55,25000,Approver_14,INV-101034
TXN-003231,2025-03-04,16:43,Tuesday,Finance,Vendor_012,Equipment,34.54,60000,Approver_14,INV-101035
TXN-005171,2025-03-05,10:51,Wednesday,IT,Vendor_015,Utilities,1000.0,40000,Approver_13,INV-101036
TXN-003961,2025-03-05,12:59,Wednesday,Procurement,Vendor_007,Utilities,21.21,50000,,INV-101037
TXN-004470,2025-03-05,10:59,Wednesday,Operations,Vendor_033,Supplies,74.7,30000,Approver_14,INV-101038
TXN-002188,2025-03-05,17:40,Wednesday,Procurement,Vendor_009,Travel,2090.13,50000,Approver_04,INV-101039
TXN-001470,2025-03-05,17:22,Wednesday,Marketing,Vendor_009,Misc,201.81,25000,Approver_06,INV-101040
TXN-003211,2025-03-05,12:15,Wednesday,Finance,Vendor_022,Utilities,-4592.99,60000,Approver_11,INV-101041
TXN-005639,2025-03-05,09:43,Wednesday,IT,Vendor_035,Consulting,19.56,40000,Approver_09,INV-101042
TXN-002473,2025-03-05,09:31,Wednesday,HR,Vendor_025,Software,15000.0,15000,Approver_07,INV-101043
TXN-002465,2025-03-05,13:04,Wednesday,HR,Vendor_044,Consulting,41.01,15000,Approver_01,INV-101044
TXN-001510,2025-03-05,14:41,Wednesday,IT,Vendor_048,Supplies,31.19,40000,Approver_13,INV-101045
TXN-003336,2025-03-05,13:31,Wednesday,Procurement,Vendor_060,Consulting,15000.0,50000,Approver_03,INV-101046
TXN-005044,2025-03-05,13:08,Wednesday,Marketing,Vendor_014,Consulting,16632.99,25000,Approver_15,INV-101047
TXN-002703,2025-03-05,11:00,Wednesday,Marketing,Vendor_044,Utilities,792.39,25000,Approver_05,INV-101048
TXN-000378,2025-03-05,16:41,Wednesday,Marketing,Vendor_011,Utilities,428.93,25000,Approver_10,INV-101049
TXN-003756,2025-03-05,09:37,Wednesday,Procurement,Vendor_011,Utilities,1157.59,50000,Approver_09,INV-101050
TXN-004819,2025-03-05,15:33,Wednesday,Marketing,Vendor_027,Travel,141.73,25000,Approver_15,INV-101051
TXN-005986,2025-03-05,11:49,Wednesday,HR,Vendor_047,Software,1414.42,15000,Approver_04,INV-101052
TXN-003245,2025-03-05,11:53,Wednesday,Procurement,Vendor_017,Consulting,229.1,50000,Approver_09,INV-101053
TXN-001275,2025-03-06,11:13,Thursday,Finance,Vendor_042,Travel,35.36,60000,Approver_14,INV-101054
TXN-004687,2025-03-06,11:34,Thursday,Sales,Vendor_049,Misc,433.27,20000,Approver_02,INV-101055
TXN-005613,2025-03-06,10:13,Thursday,Operations,Vendor_047,Misc,322.66,30000,Approver_06,INV-101056
TXN-001489,2025-03-06,16:51,Thursday,HR,Vendor_049,Software,14226.65,15000,,INV-101057
TXN-001078,2025-03-06,17:17,Thursday,Sales,Vendor_030,Supplies,856.14,20000,Approver_01,INV-101058
TXN-001400,2025-03-06,11:49,Thursday,Sales,Vendor_005,Software,10000.0,20000,Approver_03,INV-101059
TXN-000198,2025-03-06,11:25,Thursday,HR,Vendor_017,Consulting,94.6,15000,Approver_13,INV-101060
TXN-005157,2025-03-06,09:02,Thursday,Finance,Vendor_018,Travel,34.61,60000,Approver_10,INV-101061
TXN-000120,2025-03-06,11:02,Thursday,HR,Vendor_025,Travel,198.15,15000,Approver_02,INV-101062
TXN-004901,2025-03-06,17:02,Thursday,Marketing,Vendor_046,Misc,6872.94,25000,Approver_01,INV-101063
TXN-003208,2025-03-06,15:27,Thursday,Procurement,Vendor_054,Software,2767.55,50000,Approver_06,INV-101064
TXN-002356,2025-03-06,17:57,Thursday,Finance,Vendor_012,Utilities,10347.41,60000,Approver_03,INV-101065
TXN-003131,2025-03-07,09:19,Friday,Marketing,Vendor_042,Supplies,385.93,25000,Approver_11,INV-101066
TXN-002241,2025-03-07,15:11,Friday,IT,Vendor_005,Equipment,5415.57,40000,Approver_07,INV-101067
TXN-004588,2025-03-07,15:03,Friday,Procurement,Vendor_047,Misc,46264.62,50000,Approver_01,INV-101068
TXN-000235,2025-03-07,09:02,Friday,Marketing,Vendor_023,Travel,34570.19,25000,Approver_06,INV-101069
TXN-005362,2025-03-07,11:45,Friday,Operations,Vendor_015,Software,198.65,30000,Approver_14,INV-101070
TXN-000486,2025-03-07,15:29,Friday,IT,Vendor_058,Supplies,202.76,40000,Approver_13,INV-101071
TXN-003544,2025-03-07,17:45,Friday,Operations,Vendor_039,Software,3762.54,30000,Approver_08,INV-101072
TXN-003509,2025-03-07,09:37,Friday,Marketing,Vendor_058,Travel,851.36,25000,Approver_15,INV-101073
TXN-003196,2025-03-07,16:22,Friday,Finance,Vendor_035,Consulting,115.31,60000,Approver_11,INV-101074
TXN-000626,2025-03-07,09:10,Friday,Finance,Vendor_039,Travel,7573.99,60000,Approver_03,INV-101075
TXN-002308,2025-03-07,13:52,Friday,Finance,Vendor_026,Utilities,95.43,60000,Approver_05,INV-101076
TXN-003389,2025-03-07,14:40,Friday,IT,Vendor_053,Utilities,209.71,40000,Approver_05,INV-101077
TXN-003814,2025-03-07,16:16,Friday,HR,Vendor_046,Software,105.48,15000,Approver_05,INV-101078
TXN-005709,2025-03-07,15:22,Friday,Marketing,Vendor_054,Misc,438.12,25000,Approver_11,INV-101079
TXN-002513,2025-03-07,16:41,Friday,HR,Vendor_011,Supplies,130.22,15000,Approver_06,INV-101080
TXN-005774,2025-03-07,18:14,Friday,Finance,Vendor_030,Equipment,1308.18,60000,Approver_10,INV-101081
TXN-003788,2025-03-10,16:41,Monday,Marketing,Vendor_022,Supplies,1481.15,25000,Approver_11,INV-101082
TXN-001942,2025-03-10,10:28,Monday,Operations,Vendor_060,Supplies,29524.3,30000,Approver_02,INV-101083
TXN-001675,2025-03-10,17:33,Monday,Procurement,Vendor_030,Consulting,646.25,50000,Approver_13,INV-101084
TXN-004650,2025-03-10,09:25,Monday,Operations,Vendor_029,Equipment,38.14,30000,Approver_08,INV-101085
TXN-000047,2025-03-10,11:24,Monday,Sales,Vendor_053,Supplies,163.2,20000,Approver_09,INV-101086
TXN-005309,2025-03-10,10:37,Monday,Finance,Vendor_021,Utilities,4015.04,60000,Approver_01,INV-101087
TXN-003226,2025-03-10,10:54,Monday,HR,Vendor_049,Equipment,1765.79,15000,Approver_12,INV-101088
TXN-000224,2025-03-10,16:36,Monday,Marketing,Vendor_004,Utilities,272.38,25000,Approver_04,INV-101089
TXN-004183,2025-03-10,16:53,Monday,Finance,Vendor_029,Consulting,582.27,60000,Approver_05,INV-101090
TXN-003316,2025-03-10,11:46,Monday,Marketing,Vendor_018,Software,140.43,25000,Approver_15,INV-101091
TXN-003996,2025-03-10,18:41,Monday,Marketing,Vendor_058,Travel,858.62,25000,Approver_15,INV-101092
TXN-004002,2025-03-10,11:05,Monday,Procurement,Vendor_023,Consulting,3980.54,50000,Approver_05,INV-101093
TXN-004676,2025-03-10,16:56,Monday,Procurement,Vendor_032,Utilities,51.51,50000,Approver_02,INV-101094
TXN-000672,2025-03-10,11:10,Monday,Finance,Vendor_030,Utilities,36.94,60000,Approver_15,INV-101095
TXN-003134,2025-03-10,11:47,Monday,Marketing,Vendor_035,Misc,4131.49,25000,Approver_03,INV-101096
TXN-002807,2025-03-10,16:28,Monday,Sales,Vendor_048,Software,5499.57,20000,Approver_04,INV-101097
TXN-001664,2025-03-10,09:54,Monday,Sales,Vendor_021,Supplies,12.67,20000,Approver_09,INV-101098
TXN-005776,2025-03-10,17:06,Monday,Procurement,Vendor_010,Consulting,132.97,50000,Approver_13,INV-101099
TXN-003609,2025-03-10,18:43,Monday,IT,Vendor_036,Utilities,2457.47,40000,Approver_15,INV-101100
TXN-004972,2025-03-10,14:46,Monday,Marketing,Vendor_031,Software,169.27,25000,Approver_08,INV-101101
TXN-005236,2025-03-10,11:14,Monday,HR,Vendor_031,Supplies,14179.86,15000,Approver_04,INV-101102
TXN-002756,2025-03-11,15:41,Tuesday,Marketing,Vendor_002,Travel,8721.79,25000,Approver_15,INV-101103
TXN-003823,2025-03-11,10:41,Tuesday,Finance,Vendor_029,Software,281.42,60000,Approver_15,INV-101104
TXN-001053,2025-03-11,16:49,Tuesday,Procurement,Vendor_029,Travel,645.17,50000,Approver_01,INV-101105
TXN-004332,2025-03-11,09:20,Tuesday,Operations,Vendor_031,Misc,18710.02,30000,Approver_01,INV-101106
TXN-003375,2025-03-11,10:09,Tuesday,Procurement,Vendor_019,Utilities,532.25,50000,Approver_08,INV-101107
TXN-003071,2025-03-11,16:54,Tuesday,Sales,Vendor_046,Travel,10.98,20000,Approver_07,INV-101108
TXN-000216,2025-03-11,17:36,Tuesday,Sales,Vendor_035,Supplies,24.29,20000,Approver_10,INV-101109
TXN-004098,2025-03-11,17:33,Tuesday,IT,Vendor_047,Consulting,115.96,40000,Approver_02,INV-101110
TXN-000620,2025-03-11,11:21,Tuesday,Finance,Vendor_022,Supplies,56847.43,60000,Approver_01,INV-101111
TXN-003456,2025-03-11,14:57,Tuesday,Sales,Vendor_057,Consulting,955.09,20000,Approver_07,INV-101112
TXN-001828,2025-03-11,17:51,Tuesday,Finance,Vendor_042,Consulting,2052.26,60000,Approver_15,INV-101113
TXN-004150,2025-03-11,11:23,Tuesday,Sales,Vendor_009,Misc,360.94,20000,Approver_05,INV-101114
TXN-005444,2025-03-11,12:25,Tuesday,IT,Vendor_022,Software,-1739.37,40000,Approver_12,INV-101115
TXN-001333,2025-03-11,18:38,Tuesday,IT,Vendor_040,Travel,2716.85,40000,Approver_07,INV-101116
TXN-002486,2025-03-11,18:14,Tuesday,HR,Vendor_002,Equipment,384.7,15000,Approver_14,INV-101117
TXN-004171,2025-03-11,12:31,Tuesday,Sales,Vendor_027,Software,13.55,20000,Approver_12,INV-101118
TXN-001899,2025-03-11,16:11,Tuesday,Marketing,Vendor_014,Travel,102.85,25000,Approver_12,INV-101119
TXN-000663,2025-03-11,16:53,Tuesday,HR,Vendor_048,Misc,34123.64,15000,Approver_06,INV-101120
TXN-005153,2025-03-11,16:48,Tuesday,HR,Vendor_010,Travel,161.77,15000,Approver_08,INV-101121
TXN-001519,2025-03-11,08:31,Tuesday,Sales,Vendor_035,Misc,195.91,20000,Approver_03,INV-101122
TXN-004738,2025-03-11,14:19,Tuesday,HR,Vendor_058,Misc,13771.24,15000,Approver_02,INV-101123
TXN-002009,2025-03-11,12:21,Tuesday,Finance,Vendor_034,Consulting,14.97,60000,Approver_13,INV-101124
TXN-002973,2025-03-11,16:11,Tuesday,HR,Vendor_011,Travel,3458.39,15000,Approver_15,INV-101125
TXN-004609,2025-03-11,11:03,Tuesday,Marketing,Vendor_047,Software,784.4,25000,Approver_09,INV-101126
TXN-002535,2025-03-12,10:23,Wednesday,Finance,Vendor_046,Utilities,46.56,60000,Approver_12,INV-101127
TXN-000876,2025-03-12,16:44,Wednesday,HR,Vendor_007,Utilities,14752.87,15000,Approver_12,INV-101128
TXN-001230,2025-03-12,11:23,Wednesday,IT,Vendor_005,Travel,3452.98,40000,Approver_04,INV-101129
TXN-002946,2025-03-12,14:07,Wednesday,Sales,Vendor_030,Software,25082.47,20000,Approver_07,INV-101130
TXN-000369,2025-03-12,10:25,Wednesday,Procurement,Vendor_017,Consulting,1600.72,50000,Approver_05,INV-101131
TXN-003586,2025-03-12,11:27,Wednesday,Finance,Vendor_057,Utilities,3034.27,60000,Approver_12,INV-101132
TXN-001563,2025-03-12,10:57,Wednesday,IT,Vendor_023,Consulting,13.66,40000,Approver_15,INV-101133
TXN-000218,2025-03-12,13:13,Wednesday,Sales,Vendor_024,Supplies,1270.98,20000,Approver_04,INV-101134
TXN-005565,2025-03-12,17:36,Wednesday,Operations,Vendor_042,Supplies,2204.19,30000,Approver_08,INV-101135
TXN-005293,2025-03-12,09:55,Wednesday,HR,Vendor_010,Equipment,263.74,15000,Approver_15,INV-101136
TXN-001617,2025-03-12,18:16,Wednesday,Operations,Vendor_050,Equipment,235.28,30000,Approver_15,INV-101137
TXN-001914,2025-03-12,17:49,Wednesday,Sales,Vendor_038,Utilities,95109.45,20000,Approver_12,INV-101138
TXN-003547,2025-03-12,10:28,Wednesday,Finance,Vendor_020,Misc,18697.5,60000,Approver_13,INV-101139
TXN-004430,2025-03-12,13:43,Wednesday,HR,Vendor_036,Misc,9491.54,15000,Approver_14,INV-101140
TXN-004006,2025-03-12,11:00,Wednesday,IT,Vendor_029,Misc,19713.21,40000,Approver_15,INV-101141
TXN-000450,2025-03-12,09:59,Wednesday,Marketing,Vendor_019,Equipment,5339.85,25000,Approver_15,INV-101142
TXN-002060,2025-03-12,23:01,Wednesday,Sales,Vendor_009,Software,456.78,20000,Approver_11,INV-101143
TXN-004826,2025-03-12,16:21,Wednesday,IT,Vendor_040,Software,28.98,40000,Approver_11,INV-101144
TXN-002625,2025-03-13,08:03,Thursday,HR,Vendor_052,Consulting,13860.84,15000,Approver_10,INV-101145
TXN-003325,2025-03-13,10:48,Thursday,Operations,Vendor_009,Consulting,27806.13,30000,Approver_12,INV-101146
TXN-003674,2025-03-13,10:53,Thursday,Finance,Vendor_057,Utilities,135.09,60000,Approver_04,INV-101147
TXN-003658,2025-03-13,11:51,Thursday,Marketing,Vendor_008,Utilities,2203.4,25000,Approver_02,INV-101148
TXN-002962,2025-03-13,01:25,Thursday,Finance,Vendor_029,Utilities,375.37,60000,Approver_03,INV-101149
TXN-003002,2025-03-13,11:43,Thursday,Marketing,Vendor_012,Misc,29.95,25000,Approver_02,INV-101150
TXN-004010,2025-03-13,13:01,Thursday,Operations,Vendor_049,Travel,104.71,30000,Approver_01,INV-101151
TXN-004023,2025-03-13,12:04,Thursday,Procurement,Vendor_004,Equipment,48926.48,50000,Approver_12,INV-101152
TXN-000142,2025-03-13,13:29,Thursday,Procurement,Vendor_033,Software,301.95,50000,Approver_11,INV-101153
TXN-000469,2025-03-13,09:19,Thursday,Procurement,Vendor_029,Utilities,12.05,50000,Approver_06,INV-101154
TXN-003001,2025-03-13,16:22,Thursday,IT,Vendor_020,Supplies,325.94,40000,Approver_06,INV-101155
TXN-000972,2025-03-13,18:25,Thursday,Finance,Vendor_028,Travel,10.35,60000,Approver_01,INV-101156
TXN-004897,2025-03-13,14:14,Thursday,Operations,Vendor_043,Misc,354.13,30000,Approver_02,INV-101157
TXN-001750,2025-03-13,15:08,Thursday,Sales,Vendor_008,Misc,2278.65,20000,Approver_14,INV-101158
TXN-000606,2025-03-13,14:33,Thursday,Procurement,Vendor_009,Utilities,123.72,50000,Approver_15,INV-101159
TXN-000139,2025-03-13,10:24,Thursday,IT,Vendor_007,Consulting,5978.56,40000,Approver_14,INV-101160
TXN-002414,2025-03-13,11:58,Thursday,Finance,Vendor_055,Equipment,195.56,60000,Approver_03,INV-101161
TXN-000848,2025-03-13,12:08,Thursday,Operations,Vendor_042,Equipment,749.72,30000,Approver_04,INV-101162
TXN-001352,2025-03-13,09:26,Thursday,Sales,Vendor_009,Misc,24.64,20000,Approver_06,INV-101163
TXN-002284,2025-03-13,14:37,Thursday,HR,Vendor_036,Travel,82.66,15000,Approver_06,INV-101164
TXN-005781,2025-03-13,12:13,Thursday,Procurement,Vendor_017,Utilities,78.65,50000,Approver_03,INV-101165
TXN-004258,2025-03-13,16:09,Thursday,Marketing,Vendor_049,Consulting,819.72,25000,Approver_13,INV-101166
TXN-000257,2025-03-13,15:05,Thursday,Sales,Vendor_060,Supplies,19147.74,20000,Approver_11,INV-101167
TXN-001100,2025-03-13,12:11,Thursday,Sales,Vendor_014,Misc,4830.86,20000,Approver_10,INV-101168
TXN-003592,2025-03-13,17:29,Thursday,Operations,Vendor_006,Misc,208.51,30000,Approver_14,INV-101169
TXN-002785,2025-03-13,16:46,Thursday,Procurement,Vendor_038,Equipment,10000.0,50000,Approver_10,INV-101170
TXN-003907,2025-03-13,18:51,Thursday,Operations,Vendor_029,Equipment,3217.16,30000,Approver_01,INV-101171
TXN-003175,2025-03-13,08:04,Thursday,Operations,Vendor_052,Travel,47940.69,30000,Approver_13,INV-101172
TXN-001069,2025-03-13,10:32,Thursday,Finance,Vendor_009,Supplies,82.83,60000,Approver_07,INV-101173
TXN-005175,2025-03-13,11:19,Thursday,Marketing,Vendor_036,Software,473.39,25000,Approver_11,INV-101174
TXN-005897,2025-03-13,11:49,Thursday,Operations,Vendor_024,Misc,624.24,30000,Approver_08,INV-101175
TXN-002151,2025-03-13,09:03,Thursday,Marketing,Vendor_039,Supplies,3276.94,25000,Approver_04,INV-101176
TXN-003296,2025-03-14,16:45,Friday,Finance,Vendor_051,Travel,236.29,60000,Approver_06,INV-101177
TXN-001187,2025-03-14,16:32,Friday,HR,Vendor_028,Misc,417.14,15000,Approver_12,INV-101178
TXN-005121,2025-03-14,14:42,Friday,HR,Vendor_038,Equipment,15618.25,15000,Approver_14,INV-101179
TXN-000111,2025-03-14,09:16,Friday,Marketing,Vendor_003,Supplies,506.9,25000,Approver_09,INV-101180
TXN-001425,2025-03-14,13:04,Friday,Finance,Vendor_020,Software,547.26,60000,Approver_11,INV-101181
TXN-001091,2025-03-14,11:58,Friday,HR,Vendor_027,Travel,398.34,15000,Approver_10,INV-101182
TXN-002799,2025-03-14,15:31,Friday,Operations,Vendor_013,Software,27801.59,30000,Approver_15,INV-101183
TXN-002381,2025-03-14,11:25,Friday,HR,Vendor_021,Software,10.15,15000,Approver_04,INV-101184
TXN-001585,2025-03-14,10:14,Friday,Finance,Vendor_008,Travel,12894.79,60000,,INV-101185
TXN-003938,2025-03-14,17:05,Friday,Operations,Vendor_055,Utilities,118.35,30000,Approver_13,INV-101186
TXN-003569,2025-03-14,09:45,Friday,Procurement,Vendor_027,Supplies,69.54,50000,Approver_02,INV-101187
TXN-001218,2025-03-14,08:20,Friday,Finance,Vendor_001,Equipment,3229.11,60000,Approver_05,INV-101188
TXN-000779,2025-03-14,12:08,Friday,HR,Vendor_058,Consulting,4346.5,15000,Approver_13,INV-101189
TXN-001774,2025-03-14,08:27,Friday,HR,Vendor_020,Supplies,1000.71,15000,Approver_13,INV-101190
TXN-001361,2025-03-14,10:48,Friday,Marketing,Vendor_006,Supplies,214.48,25000,Approver_06,INV-101191
TXN-002681,2025-03-14,15:49,Friday,IT,Vendor_011,Travel,910.01,40000,Approver_03,INV-101192
TXN-000121,2025-03-14,10:56,Friday,HR,Vendor_060,Utilities,1652.93,15000,Approver_13,INV-101193
TXN-004710,2025-03-14,17:11,Friday,HR,Vendor_034,Misc,48926.93,15000,Approver_05,INV-101194
TXN-005278,2025-03-14,13:59,Friday,Operations,Vendor_054,Utilities,440.59,30000,Approver_15,INV-101195
TXN-001548,2025-03-14,13:29,Friday,Finance,Vendor_059,Utilities,141.69,60000,Approver_13,INV-101196
TXN-004144,2025-03-15,11:27,Saturday,Finance,Vendor_020,Equipment,64.59,60000,,INV-101197
TXN-003473,2025-03-16,21:03,Sunday,IT,Vendor_012,Consulting,63.92,40000,Approver_15,INV-101198
TXN-005416,2025-03-17,17:16,Monday,Finance,Vendor_028,Utilities,999.56,60000,Approver_14,INV-101199
TXN-000243,2025-03-17,23:25,Monday,IT,Vendor_051,Misc,12.97,40000,Approver_04,INV-101200
TXN-000577,2025-03-17,17:43,Monday,Sales,Vendor_007,Supplies,23822.44,20000,,INV-101201
TXN-002972,2025-03-17,12:15,Monday,HR,Vendor_059,Travel,160.54,15000,Approver_15,INV-101202
TXN-004794,2025-03-17,13:41,Monday,Operations,Vendor_009,Consulting,181.6,30000,Approver_04,INV-101203
TXN-000857,2025-03-17,16:26,Monday,HR,Vendor_033,Travel,726.16,15000,Approver_09,INV-101204
TXN-005567,2025-03-17,15:17,Monday,Operations,Vendor_011,Equipment,185.9,30000,Approver_01,INV-101205
TXN-005668,2025-03-17,16:39,Monday,Finance,Vendor_047,Travel,836.5,60000,Approver_12,INV-101206
TXN-003750,2025-03-17,16:03,Monday,Operations,Vendor_034,Travel,8307.48,30000,Approver_02,INV-101207
TXN-004364,2025-03-17,14:32,Monday,Finance,Vendor_015,Travel,1283.59,60000,Approver_04,INV-101208
TXN-000164,2025-03-17,10:24,Monday,Procurement,Vendor_005,Travel,4748.03,50000,Approver_14,INV-101209
TXN-004119,2025-03-17,18:37,Monday,IT,Vendor_030,Supplies,81961.15,40000,Approver_01,INV-101210
TXN-002018,2025-03-17,09:40,Monday,Marketing,Vendor_009,Software,22630.98,25000,Approver_14,INV-101211
TXN-000081,2025-03-17,12:00,Monday,Operations,Vendor_037,Utilities,3753.82,30000,Approver_08,INV-101212
TXN-002560,2025-03-17,10:03,Monday,Marketing,Vendor_022,Misc,16.67,25000,Approver_06,INV-101213
TXN-005594,2025-03-17,12:35,Monday,IT,Vendor_016,Software,12.38,40000,Approver_11,INV-101214
TXN-005971,2025-03-17,10:16,Monday,HR,Vendor_017,Misc,865.98,15000,Approver_14,INV-101210
TXN-001494,2025-03-17,18:08,Monday,HR,Vendor_059,Misc,102.32,15000,Approver_02,INV-101216
TXN-002890,2025-03-17,12:41,Monday,Operations,Vendor_038,Travel,32267.61,30000,Approver_04,INV-101217
TXN-001112,2025-03-17,16:52,Monday,Sales,Vendor_009,Utilities,2331.62,20000,Approver_02,INV-101218
TXN-002056,2025-03-17,10:16,Monday,HR,Vendor_008,Travel,1917.15,15000,Approver_10,INV-101219
TXN-004447,2025-03-17,16:41,Monday,Marketing,Vendor_003,Consulting,1075.83,25000,Approver_04,INV-101220
TXN-004777,2025-03-17,12:26,Monday,HR,Vendor_042,Consulting,10.5,15000,Approver_03,INV-101221
TXN-005472,2025-03-17,09:05,Monday,Procurement,Vendor_055,Consulting,819.11,50000,Approver_13,INV-101222
TXN-000958,2025-03-17,09:39,Monday,Marketing,Vendor_004,Equipment,8732.44,25000,Approver_01,INV-101223
TXN-005473,2025-03-18,11:26,Tuesday,HR,Vendor_030,Supplies,86240.37,15000,Approver_15,INV-101224
TXN-001930,2025-03-18,09:36,Tuesday,HR,Vendor_040,Supplies,9167.78,15000,Approver_02,INV-101225
TXN-005059,2025-03-18,10:36,Tuesday,HR,Vendor_056,Software,646.24,15000,Approver_07,INV-101226
TXN-000780,2025-03-18,09:27,Tuesday,IT,Vendor_014,Equipment,3147.38,40000,Approver_10,INV-101227
TXN-005852,2025-03-18,18:59,Tuesday,Sales,Vendor_009,Equipment,161.65,20000,Approver_01,INV-101228
TXN-001805,2025-03-18,14:21,Tuesday,Procurement,Vendor_009,Misc,20878.33,50000,Approver_14,INV-101229
TXN-000474,2025-03-18,14:19,Tuesday,IT,Vendor_014,Consulting,6798.56,40000,Approver_15,INV-101230
TXN-002520,2025-03-18,09:48,Tuesday,Procurement,Vendor_050,Utilities,-2218.78,50000,Approver_02,INV-101231
TXN-000957,2025-03-18,10:23,Tuesday,HR,Vendor_041,Utilities,52551.66,15000,Approver_07,INV-101232
TXN-005203,2025-03-18,15:34,Tuesday,Operations,Vendor_003,Software,746.53,30000,Approver_02,INV-101233
TXN-001590,2025-03-18,11:16,Tuesday,Finance,Vendor_048,Software,11.0,60000,Approver_01,INV-101234
TXN-000734,2025-03-18,16:40,Tuesday,IT,Vendor_043,Equipment,36286.57,40000,Approver_07,INV-101235
TXN-003319,2025-03-18,08:49,Tuesday,Sales,Vendor_048,Equipment,389.62,20000,Approver_01,INV-101236
TXN-004325,2025-03-18,11:12,Tuesday,Operations,Vendor_012,Supplies,293.93,30000,Approver_11,INV-101237
TXN-000406,2025-03-18,14:25,Tuesday,Procurement,Vendor_032,Consulting,2527.99,50000,Approver_08,INV-101238
TXN-004708,2025-03-18,17:53,Tuesday,IT,Vendor_040,Travel,9079.65,40000,Approver_08,INV-101239
TXN-001581,2025-03-18,13:34,Tuesday,Sales,Vendor_042,Misc,85433.6,20000,Approver_13,INV-101240
TXN-001579,2025-03-18,09:27,Tuesday,Finance,Vendor_026,Travel,5000.0,60000,Approver_04,INV-101241
TXN-004061,2025-03-18,11:36,Tuesday,Sales,Vendor_004,Travel,18804.37,20000,Approver_01,INV-101242
TXN-001574,2025-03-18,10:26,Tuesday,Marketing,Vendor_032,Misc,22759.23,25000,Approver_02,INV-101243
TXN-002057,2025-03-18,08:05,Tuesday,IT,Vendor_057,Software,12.57,40000,Approver_01,INV-101244
TXN-003403,2025-03-18,15:45,Tuesday,Marketing,Vendor_024,Equipment,8125.57,25000,Approver_10,INV-101245
TXN-005622,2025-03-18,09:27,Tuesday,HR,Vendor_056,Software,1280.45,15000,Approver_13,INV-101246
TXN-000741,2025-03-18,16:13,Tuesday,Marketing,Vendor_014,Software,242.11,25000,Approver_14,INV-101247
TXN-001461,2025-03-18,10:12,Tuesday,HR,Vendor_007,Supplies,707.0,15000,Approver_12,INV-101248
TXN-000951,2025-03-18,11:00,Tuesday,HR,Vendor_028,Utilities,1000.0,15000,Approver_08,INV-101249
TXN-001013,2025-03-18,15:27,Tuesday,Finance,Vendor_012,Software,575.07,60000,Approver_10,INV-101250
TXN-002693,2025-03-18,15:30,Tuesday,Finance,Vendor_035,Utilities,29.83,60000,Approver_12,INV-101251
TXN-005454,2025-03-18,18:03,Tuesday,HR,Vendor_022,Misc,131.02,15000,Approver_03,INV-101252
TXN-001723,2025-03-18,16:52,Tuesday,Sales,Vendor_003,Software,46852.69,20000,Approver_02,INV-101253
TXN-001641,2025-03-18,15:29,Tuesday,Procurement,Vendor_006,Supplies,213.34,50000,Approver_14,INV-101254
TXN-002287,2025-03-18,18:09,Tuesday,Sales,Vendor_014,Equipment,-3288.46,20000,Approver_03,INV-101255
TXN-003270,2025-03-18,10:11,Tuesday,Marketing,Vendor_056,Supplies,54.69,25000,Approver_12,INV-101256
TXN-005281,2025-03-18,16:01,Tuesday,Operations,Vendor_014,Travel,29048.45,30000,Approver_14,INV-101257
TXN-001014,2025-03-19,16:31,Wednesday,Sales,Vendor_004,Misc,3869.85,20000,Approver_03,INV-101258
TXN-001120,2025-03-19,10:16,Wednesday,Marketing,Vendor_040,Travel,808.5,25000,Approver_13,INV-101259
TXN-000206,2025-03-19,09:24,Wednesday,Operations,Vendor_027,Supplies,110.14,30000,Approver_05,INV-101260
TXN-000806,2025-03-19,11:23,Wednesday,Finance,Vendor_019,Supplies,65743.17,60000,Approver_05,INV-101261
TXN-002978,2025-03-19,17:26,Wednesday,Finance,Vendor_041,Equipment,653.16,60000,Approver_11,INV-101262
TXN-000179,2025-03-19,15:56,Wednesday,Marketing,Vendor_042,Utilities,972.27,25000,Approver_05,INV-101263
TXN-001298,2025-03-19,13:20,Wednesday,Marketing,Vendor_022,Supplies,766.47,25000,Approver_04,INV-101260
TXN-000583,2025-03-19,09:37,Wednesday,Marketing,Vendor_051,Supplies,214.87,25000,Approver_08,INV-101265
TXN-004128,2025-03-19,15:18,Wednesday,Finance,Vendor_025,Supplies,898.23,60000,Approver_08,INV-101266
TXN-003168,2025-03-19,10:55,Wednesday,Marketing,Vendor_023,Equipment,1919.48,25000,Approver_06,INV-101267
TXN-003435,2025-03-19,12:46,Wednesday,Marketing,Vendor_040,Equipment,17.15,25000,Approver_04,INV-101268
TXN-005410,2025-03-19,16:21,Wednesday,IT,Vendor_040,Supplies,77.52,40000,Approver_15,INV-101269
TXN-002824,2025-03-19,14:07,Wednesday,HR,Vendor_060,Software,713.14,15000,Approver_13,INV-101270
TXN-001073,2025-03-19,15:37,Wednesday,Sales,Vendor_017,Travel,115.25,20000,Approver_15,INV-101271
TXN-002218,2025-03-19,12:14,Wednesday,Procurement,Vendor_035,Consulting,1748.26,50000,Approver_06,INV-101272
TXN-000097,2025-03-19,15:49,Wednesday,Finance,Vendor_004,Travel,275.91,60000,Approver_06,INV-101273
TXN-004272,2025-03-19,09:44,Wednesday,HR,Vendor_017,Software,57970.77,15000,Approver_10,INV-101274
TXN-004902,2025-03-19,13:58,Wednesday,Sales,Vendor_023,Travel,289.2,20000,Approver_10,INV-101275
TXN-004775,2025-03-19,16:49,Wednesday,Procurement,Vendor_033,Software,168.7,50000,Approver_12,INV-101276
TXN-003323,2025-03-19,16:26,Wednesday,HR,Vendor_020,Misc,146.43,15000,Approver_05,INV-101277
TXN-000903,2025-03-19,12:12,Wednesday,Marketing,Vendor_031,Utilities,332.76,25000,Approver_08,INV-101278
TXN-000337,2025-03-19,15:13,Wednesday,Operations,Vendor_057,Travel,1251.74,30000,Approver_13,INV-101279
TXN-002311,2025-03-19,16:20,Wednesday,Operations,Vendor_043,Travel,71440.78,30000,Approver_08,INV-101280
TXN-005443,2025-03-19,14:24,Wednesday,Sales,Vendor_047,Utilities,5493.06,20000,Approver_14,INV-101281
TXN-005734,2025-03-19,13:44,Wednesday,Sales,Vendor_054,Utilities,326.43,20000,Approver_07,INV-101282
TXN-004030,2025-03-20,12:15,Thursday,Finance,Vendor_017,Travel,156.21,60000,Approver_08,INV-101283
TXN-003493,2025-03-20,08:25,Thursday,Procurement,Vendor_056,Utilities,403.63,50000,Approver_05,INV-101284
TXN-005217,2025-03-20,17:59,Thursday,Marketing,Vendor_007,Consulting,1475.58,25000,Approver_13,INV-101285
TXN-001109,2025-03-20,15:09,Thursday,Marketing,Vendor_018,Supplies,2988.25,25000,Approver_13,INV-101286
TXN-003510,2025-03-20,16:33,Thursday,Finance,Vendor_047,Supplies,11.03,60000,Approver_10,INV-101287
TXN-004599,2025-03-20,15:41,Thursday,Procurement,Vendor_050,Software,65.89,50000,Approver_10,INV-101288
TXN-003239,2025-03-20,12:27,Thursday,Marketing,Vendor_035,Equipment,145.51,25000,Approver_14,INV-101283
TXN-001985,2025-03-20,13:34,Thursday,Marketing,Vendor_052,Misc,7130.23,25000,Approver_05,INV-101290
TXN-004565,2025-03-20,12:50,Thursday,HR,Vendor_025,Consulting,24.57,15000,Approver_11,INV-101291
TXN-000546,2025-03-20,15:28,Thursday,IT,Vendor_031,Supplies,86.71,40000,Approver_03,INV-101292
TXN-005676,2025-03-20,11:22,Thursday,Procurement,Vendor_002,Software,4007.82,50000,Approver_03,INV-101293
TXN-000192,2025-03-20,18:59,Thursday,Procurement,Vendor_018,Equipment,1324.45,50000,Approver_15,INV-101294
TXN-005720,2025-03-20,15:16,Thursday,Procurement,Vendor_056,Utilities,15.67,50000,Approver_08,INV-101295
TXN-004548,2025-03-20,15:22,Thursday,HR,Vendor_003,Software,1862.72,15000,Approver_14,INV-101296
TXN-004417,2025-03-20,15:02,Thursday,Procurement,Vendor_046,Software,1551.38,50000,Approver_15,INV-101297
TXN-001483,2025-03-20,14:33,Thursday,IT,Vendor_035,Software,40808.3,40000,Approver_01,INV-101298
TXN-004083,2025-03-20,15:03,Thursday,Operations,Vendor_035,Equipment,17.09,30000,Approver_09,INV-101295
TXN-005194,2025-03-20,00:45,Thursday,Sales,Vendor_047,Supplies,4248.12,20000,Approver_07,INV-101300
TXN-004111,2025-03-20,12:59,Thursday,Procurement,Vendor_017,Utilities,736.97,50000,Approver_05,INV-101301
TXN-004403,2025-03-20,11:15,Thursday,Sales,Vendor_027,Software,10787.23,20000,Approver_08,INV-101302
TXN-004539,2025-03-20,15:20,Thursday,HR,Vendor_054,Travel,387.39,15000,,INV-101303
TXN-004667,2025-03-20,10:41,Thursday,Operations,Vendor_024,Travel,321.54,30000,Approver_03,INV-101304
TXN-004436,2025-03-20,16:28,Thursday,Operations,Vendor_018,Equipment,74.17,30000,Approver_15,INV-101305
TXN-003214,2025-03-20,09:44,Thursday,Procurement,Vendor_057,Software,11.19,50000,Approver_06,INV-101306
TXN-000202,2025-03-20,17:22,Thursday,IT,Vendor_008,Equipment,141.31,40000,Approver_01,INV-101307
TXN-002594,2025-03-20,16:30,Thursday,IT,Vendor_037,Misc,1019.28,40000,Approver_11,INV-101302
TXN-001946,2025-03-20,17:42,Thursday,Finance,Vendor_016,Consulting,409.01,60000,Approver_15,INV-101309
TXN-001409,2025-03-21,08:19,Friday,Finance,Vendor_005,Supplies,1627.53,60000,Approver_03,INV-101310
TXN-002682,2025-03-21,15:40,Friday,Procurement,Vendor_042,Utilities,15000.0,50000,Approver_07,INV-101311
TXN-002668,2025-03-21,13:07,Friday,Operations,Vendor_044,Supplies,373.86,30000,Approver_13,INV-101312
TXN-005167,2025-03-21,14:00,Friday,Operations,Vendor_058,Consulting,5109.92,30000,Approver_01,INV-101313
TXN-005892,2025-03-21,08:31,Friday,IT,Vendor_016,Consulting,7215.4,40000,Approver_11,INV-101314
TXN-003904,2025-03-21,08:25,Friday,HR,Vendor_032,Travel,3539.15,15000,Approver_13,INV-101315
TXN-003978,2025-03-21,15:33,Friday,HR,Vendor_028,Misc,113.67,15000,Approver_08,INV-101316
TXN-001575,2025-03-21,18:50,Friday,Marketing,Vendor_041,Consulting,13.09,25000,Approver_08,INV-101317
TXN-002789,2025-03-21,10:35,Friday,HR,Vendor_001,Software,18.39,15000,Approver_09,INV-101314
TXN-000823,2025-03-21,15:00,Friday,Finance,Vendor_015,Utilities,737.3,60000,Approver_14,INV-101319
TXN-000825,2025-03-21,09:26,Friday,HR,Vendor_054,Misc,91.32,15000,Approver_04,INV-101320
TXN-004240,2025-03-21,08:11,Friday,HR,Vendor_031,Misc,14869.39,15000,Approver_11,INV-101321
TXN-000633,2025-03-21,17:44,Friday,HR,Vendor_038,Software,11.4,15000,Approver_08,INV-101322
TXN-001744,2025-03-21,08:51,Friday,Operations,Vendor_041,Supplies,3805.65,30000,Approver_13,INV-101323
TXN-002249,2025-03-21,17:26,Friday,Procurement,Vendor_059,Software,78.07,50000,Approver_11,INV-101324
TXN-003640,2025-03-21,08:31,Friday,Sales,Vendor_028,Misc,18719.77,20000,Approver_06,INV-101325
TXN-000195,2025-03-21,15:32,Friday,Sales,Vendor_029,Software,992.42,20000,Approver_07,INV-101326
TXN-003647,2025-03-21,12:26,Friday,Finance,Vendor_047,Equipment,32.85,60000,Approver_14,INV-101322
TXN-005850,2025-03-21,08:34,Friday,HR,Vendor_058,Equipment,2821.45,15000,Approver_01,INV-101328
TXN-004608,2025-03-21,15:55,Friday,Marketing,Vendor_044,Travel,486.74,25000,Approver_10,INV-101329
TXN-003377,2025-03-21,17:07,Friday,Sales,Vendor_038,Utilities,112.32,20000,Approver_01,INV-101330
TXN-000519,2025-03-21,16:41,Friday,Operations,Vendor_025,Utilities,843.73,30000,Approver_10,INV-101331
TXN-005432,2025-03-21,11:16,Friday,Marketing,Vendor_014,Software,6668.25,25000,Approver_06,INV-101332
TXN-000886,2025-03-21,08:55,Friday,Sales,Vendor_004,Misc,207.19,20000,Approver_10,INV-101333
TXN-004631,2025-03-21,10:38,Friday,HR,Vendor_045,Utilities,9732.58,15000,Approver_14,INV-101334
TXN-003207,2025-03-21,11:12,Friday,Finance,Vendor_028,Software,1651.2,60000,Approver_14,INV-101335
TXN-005412,2025-03-24,16:14,Monday,Operations,Vendor_045,Travel,285.73,30000,Approver_03,INV-101336
TXN-004145,2025-03-24,17:14,Monday,Operations,Vendor_041,Utilities,29.86,30000,Approver_14,INV-101337
TXN-002422,2025-03-24,13:26,Monday,IT,Vendor_001,Software,1109.41,40000,Approver_04,INV-101338
TXN-000729,2025-03-24,18:15,Monday,IT,Vendor_049,Software,892.28,40000,Approver_07,INV-101339
TXN-000701,2025-03-24,15:10,Monday,Marketing,Vendor_042,Consulting,245.86,25000,Approver_07,INV-101340
TXN-003240,2025-03-24,09:40,Monday,Sales,Vendor_021,Supplies,303.79,20000,Approver_12,INV-101341
TXN-000074,2025-03-24,12:36,Monday,Procurement,Vendor_006,Equipment,442.5,50000,Approver_08,INV-101342
TXN-001249,2025-03-24,18:33,Monday,HR,Vendor_013,Consulting,339.71,15000,Approver_09,INV-101343
TXN-000443,2025-03-24,17:04,Monday,Marketing,Vendor_056,Misc,351.93,25000,Approver_12,INV-101344
TXN-001115,2025-03-24,14:21,Monday,Marketing,Vendor_002,Utilities,2500.0,25000,Approver_11,INV-101345
TXN-000350,2025-03-24,18:35,Monday,Operations,Vendor_017,Supplies,4142.37,30000,Approver_06,INV-101346
TXN-005089,2025-03-24,15:56,Monday,Procurement,Vendor_048,Consulting,420.56,50000,Approver_10,INV-101347
TXN-005577,2025-03-24,08:13,Monday,Marketing,Vendor_055,Consulting,40.62,25000,Approver_07,INV-101348
TXN-003725,2025-03-24,15:36,Monday,Operations,Vendor_039,Consulting,405.5,30000,Approver_14,INV-101349
TXN-004937,2025-03-24,10:52,Monday,Sales,Vendor_009,Travel,35.84,20000,Approver_11,INV-101344
TXN-004853,2025-03-24,17:25,Monday,HR,Vendor_054,Supplies,800.8,15000,Approver_02,INV-101351
TXN-002948,2025-03-24,09:30,Monday,Sales,Vendor_004,Utilities,19542.92,20000,,INV-101352
TXN-003648,2025-03-24,13:23,Monday,HR,Vendor_011,Equipment,2077.36,15000,Approver_03,INV-101353
TXN-004886,2025-03-24,10:34,Monday,Marketing,Vendor_030,Utilities,2145.73,25000,Approver_15,INV-101354
TXN-005511,2025-03-24,12:11,Monday,HR,Vendor_023,Software,37.69,15000,Approver_03,INV-101355
TXN-001690,2025-03-24,16:11,Monday,Sales,Vendor_040,Travel,318.57,20000,Approver_15,INV-101356
TXN-002206,2025-03-24,10:07,Monday,Finance,Vendor_026,Consulting,113.07,60000,Approver_02,INV-101357
TXN-000968,2025-03-24,11:35,Monday,Marketing,Vendor_041,Equipment,29.08,25000,Approver_07,INV-101358
TXN-001868,2025-03-24,12:43,Monday,Operations,Vendor_020,Utilities,28.22,30000,Approver_06,INV-101359
TXN-005819,2025-03-24,14:05,Monday,Finance,Vendor_045,Supplies,94.88,60000,Approver_09,INV-101360
TXN-002944,2025-03-24,08:02,Monday,Operations,Vendor_007,Utilities,1669.6,30000,Approver_07,INV-101361
TXN-001473,2025-03-24,14:46,Monday,Finance,Vendor_013,Software,176.24,60000,Approver_06,INV-101362
TXN-004684,2025-03-24,16:09,Monday,Procurement,Vendor_039,Supplies,10000.0,50000,Approver_12,INV-101363
TXN-000249,2025-03-25,08:39,Tuesday,Finance,Vendor_051,Consulting,8280.88,60000,Approver_09,INV-101364
TXN-004722,2025-03-25,16:02,Tuesday,Finance,Vendor_035,Utilities,55120.07,60000,Approver_03,INV-101365
TXN-003533,2025-03-25,12:58,Tuesday,Operations,Vendor_002,Consulting,18.33,30000,Approver_10,INV-101366
TXN-005487,2025-03-25,09:20,Tuesday,Marketing,Vendor_058,Utilities,166.08,25000,Approver_03,INV-101367
TXN-003294,2025-03-25,15:56,Tuesday,Procurement,Vendor_052,Misc,37490.65,50000,Approver_13,INV-101368
TXN-005154,2025-03-25,10:40,Tuesday,Sales,Vendor_004,Utilities,258.65,20000,Approver_09,INV-101369
TXN-004369,2025-03-25,16:42,Tuesday,Procurement,Vendor_036,Equipment,357.67,50000,Approver_10,INV-101370
TXN-001493,2025-03-25,09:33,Tuesday,Operations,Vendor_049,Travel,53.27,30000,Approver_02,INV-101365
TXN-003663,2025-03-25,11:42,Tuesday,Sales,Vendor_056,Travel,245.43,20000,,INV-101372
TXN-005737,2025-03-25,12:18,Tuesday,IT,Vendor_018,Software,26736.06,40000,Approver_04,INV-101373
TXN-002038,2025-03-25,08:53,Tuesday,Sales,Vendor_052,Equipment,37372.59,20000,Approver_07,INV-101374
TXN-001389,2025-03-25,11:31,Tuesday,Operations,Vendor_046,Utilities,52.44,30000,Approver_10,INV-101375
TXN-001478,2025-03-25,10:14,Tuesday,HR,Vendor_007,Equipment,367.76,15000,Approver_06,INV-101376
TXN-001319,2025-03-25,11:58,Tuesday,Finance,Vendor_026,Travel,114.5,60000,Approver_07,INV-101377
TXN-001769,2025-03-25,14:15,Tuesday,Operations,Vendor_054,Utilities,5000.0,30000,Approver_04,INV-101378
TXN-003880,2025-03-25,15:36,Tuesday,Finance,Vendor_020,Misc,1271.55,60000,Approver_02,INV-101379
TXN-000186,2025-03-25,15:17,Tuesday,HR,Vendor_034,Equipment,7322.95,15000,Approver_12,INV-101380
TXN-000560,2025-03-25,16:45,Tuesday,Operations,Vendor_019,Supplies,538.58,30000,Approver_04,INV-101381
TXN-003433,2025-03-25,10:29,Tuesday,HR,Vendor_035,Utilities,13885.49,15000,Approver_12,INV-101382
TXN-002859,2025-03-25,14:31,Tuesday,Procurement,Vendor_013,Utilities,2453.61,50000,Approver_04,INV-101383
TXN-001074,2025-03-25,13:47,Tuesday,HR,Vendor_039,Consulting,164.99,15000,Approver_13,INV-101384
TXN-002179,2025-03-25,10:42,Tuesday,Sales,Vendor_027,Utilities,10.33,20000,Approver_01,INV-101385
TXN-001337,2025-03-25,08:05,Tuesday,IT,Vendor_058,Software,940.86,40000,Approver_15,INV-101386
TXN-000264,2025-03-25,17:11,Tuesday,Operations,Vendor_010,Supplies,22.63,30000,Approver_15,INV-101387
TXN-002608,2025-03-25,10:01,Tuesday,Marketing,Vendor_058,Misc,166.64,25000,Approver_06,INV-101388
TXN-000566,2025-03-26,15:03,Wednesday,Marketing,Vendor_008,Equipment,133.08,25000,Approver_10,INV-101389
TXN-003185,2025-03-26,11:59,Wednesday,HR,Vendor_010,Misc,6991.11,15000,Approver_04,INV-101390
TXN-000529,2025-03-26,12:21,Wednesday,HR,Vendor_016,Supplies,66.11,15000,Approver_01,INV-101391
TXN-001306,2025-03-26,16:30,Wednesday,Sales,Vendor_058,Travel,122.19,20000,Approver_03,INV-101392
TXN-002567,2025-03-26,18:23,Wednesday,IT,Vendor_015,Equipment,827.42,40000,Approver_06,INV-101393
TXN-005865,2025-03-26,14:23,Wednesday,Operations,Vendor_046,Travel,7450.27,30000,Approver_08,INV-101394
TXN-005136,2025-03-26,15:36,Wednesday,Procurement,Vendor_055,Travel,35.47,50000,Approver_08,INV-101395
TXN-003525,2025-03-26,12:33,Wednesday,Marketing,Vendor_006,Travel,7826.28,25000,Approver_05,INV-101396
TXN-005571,2025-03-26,16:25,Wednesday,HR,Vendor_017,Travel,586.59,15000,Approver_02,INV-101397
TXN-005057,2025-03-26,16:16,Wednesday,HR,Vendor_045,Travel,2500.0,15000,Approver_02,INV-101398
TXN-001900,2025-03-26,16:23,Wednesday,Finance,Vendor_004,Supplies,7500.0,60000,Approver_10,INV-101399
TXN-000237,2025-03-26,11:08,Wednesday,HR,Vendor_006,Software,822.41,15000,Approver_10,INV-101400
TXN-005678,2025-03-26,14:14,Wednesday,Operations,Vendor_056,Software,369.26,30000,,INV-101401
TXN-004078,2025-03-26,11:02,Wednesday,Finance,Vendor_058,Misc,571.55,60000,Approver_15,INV-101402
TXN-002882,2025-03-26,08:01,Wednesday,IT,Vendor_020,Misc,65212.88,40000,Approver_02,INV-101397
TXN-004427,2025-03-26,15:19,Wednesday,IT,Vendor_053,Consulting,4625.81,40000,Approver_09,INV-101404
TXN-000445,2025-03-26,16:44,Wednesday,IT,Vendor_042,Supplies,183.87,40000,Approver_02,INV-101405
TXN-004175,2025-03-26,11:38,Wednesday,Finance,Vendor_055,Supplies,113.15,60000,,INV-101406
TXN-001964,2025-03-26,13:50,Wednesday,Finance,Vendor_020,Utilities,958.98,60000,Approver_03,INV-101407
TXN-004389,2025-03-26,15:13,Wednesday,IT,Vendor_012,Supplies,81.92,40000,Approver_14,INV-101408
TXN-003912,2025-03-26,10:11,Wednesday,HR,Vendor_018,Supplies,300.32,15000,Approver_08,INV-101409
TXN-003092,2025-03-26,15:07,Wednesday,Marketing,Vendor_053,Travel,3993.62,25000,Approver_07,INV-101410
TXN-002897,2025-03-26,15:29,Wednesday,IT,Vendor_059,Equipment,14.45,40000,Approver_12,INV-101411
TXN-002110,2025-03-27,12:06,Thursday,Finance,Vendor_046,Equipment,1501.16,60000,Approver_03,INV-101412
TXN-004646,2025-03-27,17:12,Thursday,Marketing,Vendor_012,Consulting,1000.0,25000,Approver_10,INV-101413
TXN-004093,2025-03-27,15:14,Thursday,Finance,Vendor_044,Supplies,58595.96,60000,Approver_05,INV-101414
TXN-004772,2025-03-27,12:09,Thursday,Procurement,Vendor_053,Utilities,38.09,50000,Approver_03,INV-101415
TXN-005822,2025-03-27,14:35,Thursday,Operations,Vendor_005,Supplies,444.8,30000,Approver_15,INV-101416
TXN-005801,2025-03-27,11:53,Thursday,HR,Vendor_042,Misc,6988.93,15000,Approver_13,INV-101417
TXN-000163,2025-03-27,11:00,Thursday,Finance,Vendor_026,Misc,8802.67,60000,Approver_02,INV-101418
TXN-000982,2025-03-27,11:56,Thursday,Marketing,Vendor_043,Equipment,560.02,25000,Approver_15,INV-101419
TXN-004330,2025-03-27,16:02,Thursday,IT,Vendor_001,Equipment,177.77,40000,Approver_15,INV-101420
TXN-001264,2025-03-27,18:04,Thursday,Procurement,Vendor_054,Equipment,59791.59,50000,Approver_15,INV-101421
TXN-003431,2025-03-27,12:01,Thursday,Marketing,Vendor_003,Software,864.37,25000,Approver_01,INV-101422
TXN-003298,2025-03-27,09:39,Thursday,Procurement,Vendor_055,Consulting,536.09,50000,Approver_13,INV-101423
TXN-003692,2025-03-27,17:57,Thursday,HR,Vendor_039,Software,257.63,15000,Approver_14,INV-101424
TXN-002892,2025-03-27,10:00,Thursday,Finance,Vendor_050,Misc,292.87,60000,Approver_13,INV-101425
TXN-000929,2025-03-27,10:16,Thursday,Operations,Vendor_005,Consulting,457.5,30000,Approver_14,INV-101426
TXN-003688,2025-03-27,14:59,Thursday,Finance,Vendor_060,Utilities,110.91,60000,Approver_10,INV-101427
TXN-004844,2025-03-27,13:25,Thursday,Operations,Vendor_019,Misc,-187.11,30000,Approver_14,INV-101428
TXN-002916,2025-03-27,11:01,Thursday,Sales,Vendor_020,Software,99974.92,20000,Approver_15,INV-101429
TXN-001096,2025-03-27,18:11,Thursday,Finance,Vendor_017,Utilities,225.13,60000,Approver_02,INV-101430
TXN-000197,2025-03-27,18:54,Thursday,Sales,Vendor_056,Misc,18493.65,20000,Approver_10,INV-101431
TXN-005140,2025-03-27,16:05,Thursday,HR,Vendor_052,Travel,4413.66,15000,Approver_09,INV-101432
TXN-000371,2025-03-27,16:50,Thursday,HR,Vendor_002,Travel,19.3,15000,Approver_13,INV-101433
TXN-002453,2025-03-27,14:05,Thursday,Finance,Vendor_020,Travel,105.25,60000,Approver_02,INV-101434
TXN-004757,2025-03-27,15:07,Thursday,Operations,Vendor_042,Travel,5024.53,30000,Approver_09,INV-101435
TXN-002259,2025-03-28,18:16,Friday,HR,Vendor_042,Travel,3394.75,15000,Approver_12,INV-101436
TXN-000203,2025-03-28,15:44,Friday,Procurement,Vendor_046,Software,47415.75,50000,Approver_08,INV-101437
TXN-005961,2025-03-28,15:04,Friday,Finance,Vendor_024,Misc,57214.57,60000,Approver_02,INV-101438
TXN-000622,2025-03-28,10:53,Friday,Marketing,Vendor_059,Equipment,307.99,25000,Approver_13,INV-101439
TXN-000363,2025-03-28,16:22,Friday,HR,Vendor_013,Utilities,13921.72,15000,Approver_15,INV-101440
TXN-002196,2025-03-28,09:52,Friday,Operations,Vendor_051,Misc,1147.46,30000,Approver_08,INV-101441
TXN-002843,2025-03-28,11:04,Friday,Sales,Vendor_010,Misc,6848.71,20000,Approver_02,INV-101442
TXN-003515,2025-03-28,12:59,Friday,IT,Vendor_007,Equipment,38572.27,40000,Approver_12,INV-101443
TXN-003437,2025-03-28,15:19,Friday,IT,Vendor_049,Consulting,279.05,40000,Approver_01,INV-101444
TXN-001007,2025-03-28,14:24,Friday,Procurement,Vendor_006,Misc,95.51,50000,Approver_04,INV-101445
TXN-004732,2025-03-28,16:18,Friday,Procurement,Vendor_045,Misc,5000.0,50000,Approver_04,INV-101446
TXN-003329,2025-03-28,15:29,Friday,IT,Vendor_033,Software,1784.85,40000,Approver_15,INV-101447
TXN-000637,2025-03-28,16:21,Friday,Marketing,Vendor_059,Travel,7093.37,25000,,INV-101448
TXN-003799,2025-03-28,11:36,Friday,Operations,Vendor_024,Software,401.39,30000,Approver_07,INV-101449
TXN-001727,2025-03-28,18:55,Friday,Finance,Vendor_015,Software,680.77,60000,Approver_03,INV-101450
TXN-002028,2025-03-28,08:46,Friday,Operations,Vendor_023,Travel,27.15,30000,Approver_04,INV-101451
TXN-001908,2025-03-28,17:27,Friday,Marketing,Vendor_025,Travel,23.3,25000,Approver_13,INV-101452
TXN-005333,2025-03-28,15:55,Friday,Procurement,Vendor_019,Equipment,15000.0,50000,Approver_07,INV-101453
TXN-001242,2025-03-28,17:02,Friday,IT,Vendor_015,Misc,12362.25,40000,Approver_06,INV-101454
TXN-000600,2025-03-28,16:01,Friday,IT,Vendor_020,Travel,47830.48,40000,Approver_10,INV-101455
TXN-003536,2025-03-29,13:27,Saturday,Operations,Vendor_036,Software,2646.97,30000,Approver_10,INV-101456
TXN-002544,2025-03-29,18:22,Saturday,HR,Vendor_060,Equipment,10.64,15000,Approver_15,INV-101457
TXN-002920,2025-03-30,03:51,Sunday,Operations,Vendor_001,Consulting,9183.02,30000,Approver_06,INV-101458
TXN-000679,2025-03-31,09:54,Monday,Operations,Vendor_015,Travel,144.83,30000,Approver_07,INV-101459
TXN-005911,2025-03-31,18:49,Monday,Sales,Vendor_017,Misc,1813.25,20000,Approver_03,INV-101460
TXN-003931,2025-03-31,09:21,Monday,Marketing,Vendor_030,Equipment,262.4,25000,Approver_06,INV-101461
TXN-002029,2025-03-31,18:27,Monday,Procurement,Vendor_035,Equipment,11.16,50000,Approver_06,INV-101462
TXN-002778,2025-03-31,15:39,Monday,Finance,Vendor_055,Utilities,125.05,60000,Approver_14,INV-101463
TXN-003733,2025-03-31,12:27,Monday,Procurement,Vendor_044,Misc,25432.5,50000,Approver_02,INV-101464
TXN-005216,2025-03-31,16:25,Monday,IT,Vendor_039,Equipment,219.35,40000,Approver_08,INV-101465
TXN-000215,2025-03-31,16:11,Monday,Marketing,Vendor_016,Consulting,1593.97,25000,Approver_09,INV-101466
TXN-004530,2025-03-31,01:15,Monday,HR,Vendor_044,Travel,118.77,15000,Approver_08,INV-101467
TXN-003199,2025-03-31,13:37,Monday,Finance,Vendor_056,Consulting,12.22,60000,Approver_09,INV-101468
TXN-003695,2025-03-31,10:36,Monday,Finance,Vendor_051,Equipment,154.68,60000,Approver_13,INV-101469
TXN-003762,2025-03-31,18:19,Monday,Finance,Vendor_049,Utilities,13.7,60000,Approver_06,INV-101470
TXN-005413,2025-03-31,11:31,Monday,Operations,Vendor_009,Supplies,17.02,30000,Approver_05,INV-101471
TXN-001570,2025-03-31,12:01,Monday,HR,Vendor_045,Misc,1000.0,15000,Approver_14,INV-101466
TXN-003119,2025-03-31,11:26,Monday,Operations,Vendor_044,Utilities,12.88,30000,Approver_15,INV-101473
TXN-002437,2025-03-31,09:25,Monday,Marketing,Vendor_023,Equipment,840.25,25000,Approver_12,INV-101474
TXN-003307,2025-03-31,09:35,Monday,Operations,Vendor_010,Supplies,557.36,30000,Approver_15,INV-101475
TXN-001347,2025-03-31,12:30,Monday,Operations,Vendor_053,Utilities,8239.31,30000,Approver_11,INV-101476
TXN-000310,2025-03-31,18:54,Monday,Operations,Vendor_022,Travel,9802.3,30000,Approver_15,INV-101477
TXN-002344,2025-03-31,16:07,Monday,Operations,Vendor_008,Supplies,101.98,30000,Approver_12,INV-101478
TXN-003631,2025-03-31,09:19,Monday,IT,Vendor_007,Utilities,19861.19,40000,Approver_07,INV-101479
TXN-000487,2025-03-31,10:05,Monday,Sales,Vendor_037,Utilities,633.41,20000,Approver_02,INV-101480
TXN-002172,2025-04-01,15:40,Tuesday,Marketing,Vendor_023,Equipment,45932.86,25000,Approver_05,INV-101481
TXN-002730,2025-04-01,14:24,Tuesday,Operations,Vendor_052,Software,27569.56,30000,Approver_09,INV-101482
TXN-004048,2025-04-01,15:45,Tuesday,Operations,Vendor_058,Software,36.23,30000,Approver_11,INV-101483
TXN-001785,2025-04-01,14:52,Tuesday,Sales,Vendor_018,Utilities,40.58,20000,Approver_01,INV-101484
TXN-001979,2025-04-01,17:49,Tuesday,Procurement,Vendor_048,Software,5156.16,50000,Approver_01,INV-101485
TXN-004626,2025-04-01,16:17,Tuesday,Operations,Vendor_004,Consulting,5000.0,30000,Approver_12,INV-101486
TXN-004866,2025-04-01,18:57,Tuesday,Finance,Vendor_006,Supplies,324.15,60000,Approver_01,INV-101487
TXN-002929,2025-04-01,18:33,Tuesday,IT,Vendor_054,Consulting,50011.04,40000,Approver_13,INV-101488
TXN-004073,2025-04-01,12:54,Tuesday,Sales,Vendor_031,Consulting,6492.4,20000,Approver_03,INV-101489
TXN-005252,2025-04-01,08:00,Tuesday,Marketing,Vendor_053,Equipment,327.39,25000,Approver_13,INV-101490
TXN-002736,2025-04-01,12:41,Tuesday,Operations,Vendor_014,Misc,215.68,30000,Approver_03,INV-101491
TXN-004807,2025-04-01,15:40,Tuesday,Sales,Vendor_039,Supplies,813.59,20000,Approver_04,INV-101492
TXN-005152,2025-04-01,16:29,Tuesday,Marketing,Vendor_052,Supplies,30.72,25000,Approver_06,INV-101493
TXN-003136,2025-04-01,11:37,Tuesday,Finance,Vendor_020,Misc,239.93,60000,Approver_08,INV-101494
TXN-004970,2025-04-01,09:37,Tuesday,Finance,Vendor_020,Consulting,882.28,60000,Approver_15,INV-101495
TXN-004700,2025-04-01,16:36,Tuesday,Sales,Vendor_037,Supplies,19667.67,20000,Approver_09,INV-101496
TXN-003781,2025-04-01,11:23,Tuesday,HR,Vendor_034,Software,4248.05,15000,Approver_03,INV-101497
TXN-003786,2025-04-01,10:13,Tuesday,IT,Vendor_010,Software,56.55,40000,Approver_13,INV-101498
TXN-003875,2025-04-01,10:21,Tuesday,Finance,Vendor_038,Travel,46677.45,60000,Approver_02,INV-101499
TXN-002100,2025-04-02,09:36,Wednesday,Operations,Vendor_031,Software,17.24,30000,Approver_07,INV-101500
TXN-001172,2025-04-02,18:05,Wednesday,Operations,Vendor_002,Equipment,291.6,30000,Approver_15,INV-101501
TXN-001528,2025-04-02,18:52,Wednesday,Operations,Vendor_039,Supplies,178.55,30000,Approver_15,INV-101502
TXN-005499,2025-04-02,14:53,Wednesday,Operations,Vendor_037,Equipment,296.25,30000,Approver_09,INV-101503
TXN-000908,2025-04-02,12:05,Wednesday,Operations,Vendor_052,Software,43.93,30000,Approver_07,INV-101504
TXN-000068,2025-04-02,11:21,Wednesday,IT,Vendor_049,Utilities,13.2,40000,Approver_10,INV-101505
TXN-002923,2025-04-02,12:16,Wednesday,Operations,Vendor_047,Travel,7740.64,30000,Approver_03,INV-101506
TXN-005053,2025-04-02,09:58,Wednesday,Marketing,Vendor_027,Equipment,273.08,25000,Approver_04,INV-101507
TXN-003684,2025-04-02,13:52,Wednesday,Finance,Vendor_016,Supplies,19.92,60000,Approver_01,INV-101508
TXN-002289,2025-04-02,15:10,Wednesday,Operations,Vendor_059,Misc,815.73,30000,Approver_05,INV-101509
TXN-004693,2025-04-02,11:41,Wednesday,Sales,Vendor_045,Equipment,3235.7,20000,Approver_14,INV-101510
TXN-005878,2025-04-02,17:10,Wednesday,Operations,Vendor_045,Supplies,2543.7,30000,Approver_06,INV-101511
TXN-000935,2025-04-02,09:36,Wednesday,Operations,Vendor_050,Travel,6941.28,30000,Approver_08,INV-101512
TXN-004001,2025-04-02,10:54,Wednesday,Procurement,Vendor_048,Travel,17.07,50000,Approver_10,INV-101513
TXN-001486,2025-04-02,14:17,Wednesday,Marketing,Vendor_029,Utilities,271.79,25000,Approver_08,INV-101514
TXN-005214,2025-04-02,12:25,Wednesday,Marketing,Vendor_014,Utilities,368.36,25000,Approver_12,INV-101515
TXN-000623,2025-04-02,17:44,Wednesday,Sales,Vendor_007,Supplies,4396.47,20000,Approver_13,INV-101516
TXN-003242,2025-04-02,11:56,Wednesday,Sales,Vendor_045,Travel,412.68,20000,Approver_04,INV-101517
TXN-002154,2025-04-02,16:12,Wednesday,Operations,Vendor_044,Software,78.91,30000,Approver_05,INV-101518
TXN-001199,2025-04-02,14:23,Wednesday,IT,Vendor_039,Supplies,81.51,40000,Approver_03,INV-101519
TXN-003151,2025-04-02,15:29,Wednesday,Sales,Vendor_010,Utilities,8352.01,20000,Approver_03,INV-101520
TXN-000963,2025-04-02,10:03,Wednesday,Sales,Vendor_030,Consulting,54213.64,20000,Approver_04,INV-101521
TXN-003056,2025-04-02,16:40,Wednesday,Procurement,Vendor_038,Software,1561.91,50000,Approver_14,INV-101522
TXN-004151,2025-04-02,11:42,Wednesday,Procurement,Vendor_002,Supplies,584.14,50000,Approver_11,INV-101523
TXN-000258,2025-04-03,13:34,Thursday,Procurement,Vendor_038,Travel,40.81,50000,Approver_08,INV-101520
TXN-003810,2025-04-03,15:37,Thursday,Sales,Vendor_054,Misc,15.54,20000,Approver_07,INV-101525
TXN-002945,2025-04-03,11:45,Thursday,Operations,Vendor_038,Equipment,173.21,30000,Approver_02,INV-101526
TXN-002464,2025-04-03,16:37,Thursday,Finance,Vendor_012,Utilities,595.47,60000,Approver_13,INV-101527
TXN-003086,2025-04-03,15:33,Thursday,Operations,Vendor_017,Utilities,-1456.53,30000,Approver_03,INV-101528
TXN-003749,2025-04-03,17:25,Thursday,IT,Vendor_027,Supplies,1072.49,40000,Approver_05,INV-101529
TXN-001991,2025-04-03,13:36,Thursday,Finance,Vendor_012,Utilities,134.96,60000,Approver_02,INV-101530
TXN-002271,2025-04-03,14:48,Thursday,Sales,Vendor_037,Supplies,465.98,20000,Approver_15,INV-101531
TXN-000168,2025-04-03,12:48,Thursday,Operations,Vendor_010,Supplies,28673.13,30000,Approver_08,INV-101532
TXN-002680,2025-04-03,18:50,Thursday,Sales,Vendor_059,Misc,6133.03,20000,Approver_05,INV-101533
TXN-002039,2025-04-03,14:54,Thursday,Finance,Vendor_056,Software,120.86,60000,Approver_03,INV-101534
TXN-001683,2025-04-03,17:11,Thursday,Marketing,Vendor_034,Supplies,5000.0,25000,Approver_07,INV-101535
TXN-002098,2025-04-03,15:44,Thursday,Procurement,Vendor_031,Equipment,18.96,50000,Approver_03,INV-101536
TXN-003785,2025-04-03,16:10,Thursday,Sales,Vendor_035,Utilities,96.98,20000,Approver_09,INV-101537
TXN-001752,2025-04-03,15:11,Thursday,Procurement,Vendor_055,Travel,301.09,50000,Approver_08,INV-101538
TXN-004344,2025-04-03,15:34,Thursday,Sales,Vendor_031,Equipment,2578.78,20000,Approver_03,INV-101539
TXN-001323,2025-04-03,16:11,Thursday,Sales,Vendor_053,Misc,73.22,20000,,INV-101540
TXN-005135,2025-04-03,10:31,Thursday,Sales,Vendor_060,Supplies,7500.0,20000,Approver_03,INV-101541
TXN-001034,2025-04-03,11:58,Thursday,Operations,Vendor_024,Software,18.66,30000,Approver_07,INV-101542
TXN-000911,2025-04-03,18:58,Thursday,Marketing,Vendor_031,Utilities,-3431.19,25000,Approver_03,INV-101543
TXN-005520,2025-04-03,12:52,Thursday,Marketing,Vendor_033,Utilities,879.76,25000,Approver_14,INV-101544
TXN-001092,2025-04-03,14:05,Thursday,Operations,Vendor_002,Misc,2443.16,30000,Approver_05,INV-101545
TXN-001228,2025-04-03,14:37,Thursday,IT,Vendor_033,Supplies,326.33,40000,Approver_03,INV-101546
TXN-004401,2025-04-03,09:24,Thursday,Finance,Vendor_058,Equipment,93.74,60000,Approver_13,INV-101547
TXN-000796,2025-04-03,10:31,Thursday,HR,Vendor_060,Supplies,13867.38,15000,Approver_04,INV-101548
TXN-001377,2025-04-03,15:52,Thursday,HR,Vendor_051,Software,10.29,15000,Approver_02,INV-101549
TXN-005209,2025-04-03,10:27,Thursday,HR,Vendor_052,Utilities,108.11,15000,Approver_07,INV-101550
TXN-001384,2025-04-03,12:00,Thursday,Operations,Vendor_026,Travel,61.84,30000,Approver_06,INV-101551
TXN-003355,2025-04-04,16:15,Friday,Sales,Vendor_006,Software,642.61,20000,Approver_10,INV-101552
TXN-001169,2025-04-04,12:35,Friday,Procurement,Vendor_031,Supplies,27202.43,50000,,INV-101553
TXN-000319,2025-04-04,15:38,Friday,Operations,Vendor_009,Equipment,9123.63,30000,Approver_13,INV-101554
TXN-002092,2025-04-04,09:46,Friday,Operations,Vendor_047,Equipment,393.08,30000,Approver_12,INV-101555
TXN-003619,2025-04-04,13:49,Friday,Operations,Vendor_039,Software,11.88,30000,Approver_06,INV-101556
TXN-004713,2025-04-04,13:04,Friday,Operations,Vendor_022,Utilities,16.32,30000,Approver_09,INV-101557
TXN-003535,2025-04-04,18:55,Friday,HR,Vendor_050,Travel,965.48,15000,Approver_14,INV-101558
TXN-002173,2025-04-04,11:09,Friday,Procurement,Vendor_009,Consulting,2702.6,50000,Approver_13,INV-101559
TXN-004302,2025-04-04,15:00,Friday,HR,Vendor_046,Utilities,1444.62,15000,Approver_03,INV-101560
TXN-005402,2025-04-04,16:35,Friday,Finance,Vendor_001,Supplies,-3988.2,60000,Approver_05,INV-101561
TXN-002802,2025-04-04,09:52,Friday,HR,Vendor_047,Equipment,18.96,15000,Approver_14,INV-101562
TXN-002458,2025-04-04,14:34,Friday,Procurement,Vendor_019,Misc,-3845.81,50000,Approver_14,INV-101563
TXN-005799,2025-04-04,09:43,Friday,Operations,Vendor_013,Utilities,18003.41,30000,Approver_15,INV-101564
TXN-005552,2025-04-04,10:44,Friday,Procurement,Vendor_011,Utilities,54.85,50000,Approver_10,INV-101565
TXN-000077,2025-04-04,10:50,Friday,Finance,Vendor_044,Equipment,5229.47,60000,Approver_10,INV-101566
TXN-002369,2025-04-04,15:23,Friday,Sales,Vendor_008,Misc,1184.43,20000,Approver_03,INV-101567
TXN-003291,2025-04-04,11:10,Friday,Procurement,Vendor_043,Supplies,45283.49,50000,Approver_01,INV-101568
TXN-000749,2025-04-04,10:10,Friday,Sales,Vendor_023,Equipment,228.56,20000,Approver_05,INV-101569
TXN-005828,2025-04-04,12:30,Friday,IT,Vendor_034,Equipment,-4698.84,40000,Approver_01,INV-101570
TXN-001806,2025-04-04,14:41,Friday,HR,Vendor_003,Software,42.77,15000,Approver_09,INV-101571
TXN-005545,2025-04-04,11:49,Friday,IT,Vendor_033,Travel,398.17,40000,Approver_13,INV-101572
TXN-003348,2025-04-04,11:46,Friday,Sales,Vendor_056,Travel,187.83,20000,Approver_04,INV-101573
TXN-005581,2025-04-04,11:56,Friday,Sales,Vendor_039,Consulting,13289.09,20000,Approver_04,INV-101574
TXN-004927,2025-04-04,15:53,Friday,Operations,Vendor_043,Supplies,28080.64,30000,Approver_07,INV-101575
TXN-002034,2025-04-04,17:57,Friday,HR,Vendor_002,Consulting,19750.03,15000,Approver_09,INV-101576
TXN-003031,2025-04-04,17:22,Friday,Finance,Vendor_043,Misc,60.01,60000,Approver_04,INV-101577
TXN-003060,2025-04-04,11:26,Friday,IT,Vendor_021,Software,762.59,40000,Approver_10,INV-101578
TXN-001438,2025-04-05,14:32,Saturday,Finance,Vendor_005,Equipment,328.37,60000,Approver_04,INV-101579
TXN-003952,2025-04-07,15:37,Monday,Operations,Vendor_054,Travel,14.75,30000,Approver_01,INV-101580
TXN-003853,2025-04-07,17:27,Monday,Procurement,Vendor_013,Software,48706.41,50000,Approver_01,INV-101581
TXN-004286,2025-04-07,08:42,Monday,Sales,Vendor_055,Travel,40.16,20000,Approver_12,INV-101582
TXN-000596,2025-04-07,14:42,Monday,Finance,Vendor_007,Supplies,299.9,60000,Approver_06,INV-101583
TXN-000853,2025-04-07,15:20,Monday,Operations,Vendor_008,Supplies,4742.34,30000,Approver_12,INV-101584
TXN-004748,2025-04-07,09:25,Monday,HR,Vendor_004,Software,44433.08,15000,Approver_13,INV-101585
TXN-002523,2025-04-07,17:46,Monday,IT,Vendor_056,Utilities,10335.52,40000,Approver_07,INV-101586
TXN-004377,2025-04-07,08:06,Monday,IT,Vendor_034,Misc,1291.39,40000,Approver_02,INV-101587
TXN-004468,2025-04-07,16:20,Monday,Sales,Vendor_017,Software,7747.95,20000,Approver_14,INV-101588
TXN-005949,2025-04-07,11:16,Monday,HR,Vendor_044,Supplies,50.62,15000,Approver_11,INV-101589
TXN-001322,2025-04-07,15:35,Monday,Operations,Vendor_033,Travel,34.43,30000,Approver_11,INV-101590
TXN-004316,2025-04-07,12:04,Monday,Operations,Vendor_047,Utilities,64.38,30000,Approver_10,INV-101591
TXN-005876,2025-04-07,16:41,Monday,Finance,Vendor_009,Misc,189.33,60000,Approver_07,INV-101592
TXN-001635,2025-04-07,10:36,Monday,Procurement,Vendor_027,Travel,741.39,50000,Approver_08,INV-101593
TXN-000532,2025-04-07,15:00,Monday,IT,Vendor_043,Consulting,50.76,40000,Approver_13,INV-101594
TXN-003871,2025-04-07,11:29,Monday,Marketing,Vendor_025,Utilities,37.77,25000,Approver_01,INV-101595
TXN-000544,2025-04-07,09:25,Monday,HR,Vendor_045,Misc,18.24,15000,Approver_01,INV-101596
TXN-004828,2025-04-07,11:58,Monday,Finance,Vendor_057,Utilities,268.81,60000,Approver_11,INV-101597
TXN-004830,2025-04-07,10:52,Monday,Sales,Vendor_016,Consulting,57401.23,20000,Approver_14,INV-101598
TXN-003708,2025-04-08,10:54,Tuesday,Marketing,Vendor_002,Misc,123.12,25000,Approver_08,INV-101599
TXN-004575,2025-04-08,16:43,Tuesday,Marketing,Vendor_057,Utilities,53.46,25000,Approver_04,INV-101600
TXN-000945,2025-04-08,10:26,Tuesday,Finance,Vendor_051,Misc,144.74,60000,Approver_13,INV-101601
TXN-001795,2025-04-08,15:29,Tuesday,HR,Vendor_036,Supplies,240.7,15000,Approver_10,INV-101602
TXN-002992,2025-04-08,17:54,Tuesday,IT,Vendor_001,Misc,48.63,40000,Approver_11,INV-101603
TXN-001912,2025-04-08,12:08,Tuesday,Sales,Vendor_022,Software,18.15,20000,Approver_11,INV-101604
TXN-004515,2025-04-08,16:34,Tuesday,Finance,Vendor_057,Supplies,175.04,60000,Approver_13,INV-101605
TXN-000860,2025-04-08,12:36,Tuesday,Procurement,Vendor_052,Supplies,48.88,50000,Approver_04,INV-101606
TXN-005341,2025-04-08,13:28,Tuesday,Procurement,Vendor_012,Equipment,4691.73,50000,Approver_06,INV-101607
TXN-001278,2025-04-08,11:54,Tuesday,Procurement,Vendor_048,Equipment,15000.0,50000,Approver_03,INV-101608
TXN-004528,2025-04-08,12:03,Tuesday,Sales,Vendor_008,Consulting,7593.77,20000,Approver_15,INV-101609
TXN-005411,2025-04-08,15:56,Tuesday,HR,Vendor_057,Consulting,10.4,15000,Approver_03,INV-101610
TXN-004920,2025-04-08,11:21,Tuesday,Sales,Vendor_012,Misc,9099.5,20000,Approver_06,INV-101611
TXN-001913,2025-04-08,18:41,Tuesday,Finance,Vendor_021,Misc,13.19,60000,Approver_14,INV-101612
TXN-005616,2025-04-08,16:49,Tuesday,Finance,Vendor_054,Consulting,54.2,60000,Approver_02,INV-101613
TXN-005719,2025-04-08,11:41,Tuesday,Marketing,Vendor_053,Software,13.7,25000,Approver_05,INV-101614
TXN-002835,2025-04-08,09:16,Tuesday,Procurement,Vendor_050,Misc,52.36,50000,Approver_12,INV-101615
TXN-000585,2025-04-08,16:02,Tuesday,Procurement,Vendor_055,Supplies,708.77,50000,Approver_14,INV-101616
TXN-005792,2025-04-08,12:57,Tuesday,Operations,Vendor_048,Travel,-4690.2,30000,Approver_06,INV-101617
TXN-004698,2025-04-08,10:56,Tuesday,Finance,Vendor_023,Consulting,26.53,60000,Approver_15,INV-101618
TXN-003540,2025-04-08,09:58,Tuesday,IT,Vendor_059,Equipment,656.82,40000,Approver_03,INV-101619
TXN-003063,2025-04-08,14:24,Tuesday,HR,Vendor_040,Consulting,13961.79,15000,Approver_07,INV-101620
TXN-001185,2025-04-08,14:39,Tuesday,Marketing,Vendor_023,Misc,616.21,25000,Approver_06,INV-101621
TXN-000064,2025-04-08,15:14,Tuesday,Finance,Vendor_015,Software,801.97,60000,Approver_06,INV-101622
TXN-001883,2025-04-08,16:39,Tuesday,Marketing,Vendor_004,Travel,852.08,25000,Approver_04,INV-101623
TXN-003827,2025-04-08,09:59,Tuesday,Finance,Vendor_004,Software,1069.03,60000,Approver_05,INV-101624
TXN-001513,2025-04-08,15:38,Tuesday,Operations,Vendor_005,Travel,2262.27,30000,Approver_10,INV-101625
TXN-001889,2025-04-08,13:08,Tuesday,Finance,Vendor_017,Equipment,112.87,60000,Approver_11,INV-101626
TXN-002596,2025-04-09,12:40,Wednesday,Procurement,Vendor_023,Consulting,220.51,50000,Approver_07,INV-101627
TXN-003539,2025-04-09,12:57,Wednesday,Marketing,Vendor_056,Utilities,24099.05,25000,Approver_12,INV-101628
TXN-004832,2025-04-09,14:53,Wednesday,IT,Vendor_010,Equipment,28.31,40000,Approver_12,INV-101629
TXN-000502,2025-04-09,10:34,Wednesday,Marketing,Vendor_016,Software,473.98,25000,Approver_12,INV-101630
TXN-002424,2025-04-09,15:43,Wednesday,Finance,Vendor_021,Equipment,1709.44,60000,Approver_05,INV-101631
TXN-001387,2025-04-09,17:09,Wednesday,Finance,Vendor_015,Travel,973.62,60000,Approver_03,INV-101632
TXN-005426,2025-04-09,14:47,Wednesday,Operations,Vendor_012,Supplies,5357.42,30000,Approver_02,INV-101633
TXN-003127,2025-04-09,08:59,Wednesday,Finance,Vendor_025,Equipment,3101.07,60000,Approver_09,INV-101634
TXN-002405,2025-04-09,11:52,Wednesday,Operations,Vendor_031,Travel,289.48,30000,Approver_08,INV-101635
TXN-005536,2025-04-09,15:58,Wednesday,IT,Vendor_041,Supplies,742.48,40000,Approver_05,INV-101636
TXN-000136,2025-04-09,12:38,Wednesday,Marketing,Vendor_020,Utilities,669.76,25000,Approver_02,INV-101637
TXN-001948,2025-04-09,15:18,Wednesday,Marketing,Vendor_022,Utilities,3101.07,25000,Approver_07,INV-101638
TXN-005837,2025-04-09,15:22,Wednesday,IT,Vendor_020,Misc,4729.04,40000,Approver_15,INV-101634
TXN-002222,2025-04-09,16:26,Wednesday,Marketing,Vendor_014,Utilities,88006.54,25000,Approver_05,INV-101640
TXN-005960,2025-04-09,11:58,Wednesday,Operations,Vendor_016,Equipment,-501.77,30000,Approver_06,INV-101641
TXN-004781,2025-04-09,15:06,Wednesday,Procurement,Vendor_053,Supplies,17.42,50000,Approver_01,INV-101642
TXN-000961,2025-04-09,13:04,Wednesday,Marketing,Vendor_026,Supplies,30.84,25000,Approver_05,INV-101643
TXN-000268,2025-04-09,09:08,Wednesday,Marketing,Vendor_003,Software,615.16,25000,Approver_02,INV-101644
TXN-000765,2025-04-09,14:30,Wednesday,IT,Vendor_005,Utilities,9076.37,40000,Approver_13,INV-101645
TXN-004959,2025-04-09,11:40,Wednesday,HR,Vendor_032,Utilities,9701.11,15000,Approver_01,INV-101646
TXN-005699,2025-04-09,17:27,Wednesday,Finance,Vendor_033,Equipment,1167.83,60000,Approver_13,INV-101647
TXN-005291,2025-04-09,16:01,Wednesday,Marketing,Vendor_003,Misc,61953.71,25000,Approver_02,INV-101642
TXN-003005,2025-04-09,16:12,Wednesday,Finance,Vendor_001,Equipment,77.06,60000,Approver_10,INV-101649
TXN-004746,2025-04-09,09:02,Wednesday,Marketing,Vendor_007,Travel,12166.1,25000,Approver_10,INV-101650
TXN-003384,2025-04-09,11:01,Wednesday,Procurement,Vendor_054,Consulting,163.68,50000,Approver_01,INV-101651
TXN-003854,2025-04-10,16:52,Thursday,IT,Vendor_057,Utilities,788.93,40000,Approver_03,INV-101652
TXN-004070,2025-04-10,18:07,Thursday,Finance,Vendor_021,Supplies,32.8,60000,Approver_11,INV-101653
TXN-002090,2025-04-10,16:03,Thursday,IT,Vendor_057,Equipment,588.65,40000,Approver_14,INV-101654
TXN-005205,2025-04-10,13:52,Thursday,HR,Vendor_046,Software,14106.22,15000,Approver_04,INV-101655
TXN-003114,2025-04-10,10:03,Thursday,Sales,Vendor_001,Software,18.09,20000,Approver_07,INV-101656
TXN-005170,2025-04-10,09:08,Thursday,Operations,Vendor_046,Consulting,334.97,30000,Approver_15,INV-101657
TXN-001865,2025-04-10,15:30,Thursday,Finance,Vendor_022,Travel,419.64,60000,Approver_06,INV-101658
TXN-005717,2025-04-10,15:36,Thursday,Sales,Vendor_003,Misc,5923.35,20000,Approver_10,INV-101659
TXN-001334,2025-04-10,09:51,Thursday,HR,Vendor_047,Supplies,2731.19,15000,Approver_05,INV-101660
TXN-000039,2025-04-10,10:29,Thursday,Marketing,Vendor_031,Supplies,111.7,25000,Approver_04,INV-101661
TXN-001984,2025-04-10,17:03,Thursday,Procurement,Vendor_014,Supplies,40.69,50000,Approver_10,INV-101662
TXN-001761,2025-04-10,10:22,Thursday,Marketing,Vendor_002,Consulting,116.27,25000,Approver_15,INV-101663
TXN-005965,2025-04-10,11:07,Thursday,Operations,Vendor_033,Misc,126.95,30000,Approver_11,INV-101664
TXN-003805,2025-04-10,01:18,Thursday,Operations,Vendor_001,Supplies,9539.18,30000,Approver_01,INV-101665
TXN-003802,2025-04-10,12:52,Thursday,Operations,Vendor_021,Travel,22.52,30000,Approver_15,INV-101666
TXN-004050,2025-04-10,11:04,Thursday,Sales,Vendor_058,Utilities,740.08,20000,Approver_09,INV-101667
TXN-000177,2025-04-10,12:09,Thursday,IT,Vendor_047,Travel,5843.27,40000,Approver_07,INV-101668
TXN-003660,2025-04-10,11:13,Thursday,Procurement,Vendor_059,Misc,48.1,50000,Approver_10,INV-101669
TXN-001538,2025-04-10,15:06,Thursday,Procurement,Vendor_047,Utilities,4717.86,50000,Approver_08,INV-101670
TXN-004776,2025-04-10,15:39,Thursday,Sales,Vendor_025,Supplies,19154.54,20000,Approver_04,INV-101671
TXN-005631,2025-04-10,14:57,Thursday,Sales,Vendor_001,Software,130.02,20000,Approver_07,INV-101672
TXN-004106,2025-04-10,16:14,Thursday,Finance,Vendor_026,Equipment,182.52,60000,Approver_01,INV-101673
TXN-000837,2025-04-10,10:57,Thursday,IT,Vendor_003,Misc,2822.97,40000,Approver_01,INV-101674
TXN-003205,2025-04-10,11:35,Thursday,IT,Vendor_012,Supplies,31012.68,40000,Approver_12,INV-101675
TXN-002190,2025-04-10,13:34,Thursday,HR,Vendor_004,Equipment,140.21,15000,Approver_10,INV-101676
TXN-001594,2025-04-10,15:39,Thursday,HR,Vendor_017,Utilities,287.63,15000,Approver_13,INV-101677
TXN-005222,2025-04-10,16:04,Thursday,Operations,Vendor_047,Software,242.67,30000,Approver_05,INV-101678
TXN-000348,2025-04-10,11:01,Thursday,Procurement,Vendor_051,Equipment,-816.4,50000,Approver_15,INV-101679
TXN-005568,2025-04-10,21:43,Thursday,HR,Vendor_002,Utilities,2079.08,15000,Approver_08,INV-101680
TXN-002370,2025-04-11,17:17,Friday,HR,Vendor_017,Equipment,1000.0,15000,Approver_12,INV-101681
TXN-003645,2025-04-11,10:37,Friday,Sales,Vendor_020,Software,222.42,20000,Approver_13,INV-101682
TXN-005664,2025-04-11,12:17,Friday,IT,Vendor_050,Consulting,2229.51,40000,Approver_07,INV-101683
TXN-000431,2025-04-11,15:00,Friday,Operations,Vendor_038,Consulting,48.84,30000,Approver_15,INV-101684
TXN-002442,2025-04-11,08:35,Friday,Marketing,Vendor_017,Software,276.87,25000,Approver_04,INV-101685
TXN-000080,2025-04-11,08:08,Friday,Procurement,Vendor_005,Utilities,296.19,50000,Approver_14,INV-101686
TXN-000762,2025-04-11,12:17,Friday,Marketing,Vendor_004,Software,137.49,25000,Approver_05,INV-101687
TXN-003095,2025-04-11,16:58,Friday,HR,Vendor_019,Supplies,46283.92,15000,Approver_02,INV-101688
TXN-005732,2025-04-11,15:06,Friday,Operations,Vendor_018,Supplies,15000.0,30000,Approver_07,INV-101689
TXN-005071,2025-04-11,15:56,Friday,Marketing,Vendor_003,Travel,668.69,25000,Approver_04,INV-101690
TXN-005192,2025-04-11,16:58,Friday,Sales,Vendor_036,Supplies,17678.2,20000,Approver_04,INV-101691
TXN-004340,2025-04-11,16:51,Friday,Operations,Vendor_008,Utilities,978.93,30000,Approver_08,INV-101692
TXN-000321,2025-04-11,11:28,Friday,Finance,Vendor_055,Consulting,459.66,60000,Approver_09,INV-101693
TXN-004353,2025-04-11,12:55,Friday,IT,Vendor_015,Equipment,3363.56,40000,Approver_04,INV-101694
TXN-002996,2025-04-11,12:22,Friday,Finance,Vendor_051,Consulting,55257.56,60000,Approver_10,INV-101695
TXN-003387,2025-04-11,15:58,Friday,HR,Vendor_013,Supplies,960.98,15000,Approver_03,INV-101696
TXN-001293,2025-04-11,12:13,Friday,Procurement,Vendor_033,Software,26.53,50000,Approver_02,INV-101697
TXN-001642,2025-04-11,15:58,Friday,IT,Vendor_009,Misc,450.99,40000,Approver_01,INV-101698
TXN-003807,2025-04-11,13:26,Friday,Procurement,Vendor_055,Supplies,453.92,50000,Approver_09,INV-101699
TXN-002467,2025-04-11,10:12,Friday,Marketing,Vendor_021,Consulting,181.63,25000,Approver_04,INV-101700
TXN-004121,2025-04-11,15:11,Friday,Marketing,Vendor_003,Utilities,495.62,25000,Approver_02,INV-101701
TXN-000279,2025-04-11,14:18,Friday,HR,Vendor_012,Utilities,39.18,15000,Approver_06,INV-101702
TXN-005403,2025-04-13,14:05,Sunday,Operations,Vendor_032,Consulting,32.98,30000,Approver_05,INV-101703
TXN-004140,2025-04-14,15:13,Monday,Marketing,Vendor_012,Utilities,1855.22,25000,Approver_04,INV-101704
TXN-000288,2025-04-14,12:33,Monday,Sales,Vendor_008,Consulting,25.56,20000,Approver_06,INV-101705
TXN-005918,2025-04-14,10:01,Monday,Sales,Vendor_019,Misc,23473.51,20000,Approver_03,INV-101706
TXN-000703,2025-04-14,10:03,Monday,IT,Vendor_048,Supplies,416.47,40000,Approver_15,INV-101707
TXN-004165,2025-04-14,11:30,Monday,Marketing,Vendor_043,Equipment,2207.4,25000,Approver_02,INV-101708
TXN-000306,2025-04-14,10:11,Monday,Procurement,Vendor_037,Utilities,10.4,50000,Approver_14,INV-101705
TXN-002984,2025-04-14,11:16,Monday,HR,Vendor_014,Utilities,906.86,15000,Approver_02,INV-101710
TXN-001853,2025-04-14,17:30,Monday,Operations,Vendor_032,Misc,231.51,30000,Approver_01,INV-101711
TXN-003709,2025-04-14,11:31,Monday,HR,Vendor_037,Utilities,767.8,15000,Approver_11,INV-101712
TXN-000334,2025-04-14,10:38,Monday,Operations,Vendor_057,Travel,833.67,30000,Approver_07,INV-101713
TXN-002304,2025-04-14,14:23,Monday,Operations,Vendor_053,Equipment,7500.0,30000,Approver_15,INV-101714
TXN-005434,2025-04-14,12:49,Monday,Marketing,Vendor_051,Travel,77.26,25000,Approver_04,INV-101715
TXN-001215,2025-04-14,16:48,Monday,HR,Vendor_002,Consulting,4273.46,15000,Approver_09,INV-101716
TXN-001116,2025-04-14,14:21,Monday,Procurement,Vendor_039,Misc,11347.62,50000,Approver_10,INV-101717
TXN-004265,2025-04-14,16:22,Monday,Finance,Vendor_034,Travel,117.05,60000,Approver_11,INV-101718
TXN-005213,2025-04-14,11:24,Monday,Marketing,Vendor_013,Supplies,63.58,25000,Approver_04,INV-101719
TXN-002571,2025-04-14,11:15,Monday,Sales,Vendor_037,Equipment,2812.09,20000,Approver_07,INV-101720
TXN-004210,2025-04-14,13:31,Monday,Marketing,Vendor_027,Equipment,1309.53,25000,Approver_07,INV-101721
TXN-000997,2025-04-14,17:48,Monday,Sales,Vendor_036,Supplies,199.04,20000,Approver_13,INV-101722
TXN-004312,2025-04-14,10:24,Monday,Finance,Vendor_048,Utilities,27800.7,60000,Approver_11,INV-101723
TXN-000771,2025-04-14,15:06,Monday,Procurement,Vendor_036,Misc,81.1,50000,Approver_10,INV-101719
TXN-004696,2025-04-14,15:48,Monday,IT,Vendor_042,Software,894.58,40000,Approver_05,INV-101725
TXN-000024,2025-04-14,15:34,Monday,Operations,Vendor_018,Supplies,871.23,30000,Approver_02,INV-101726
TXN-001886,2025-04-15,14:00,Tuesday,Operations,Vendor_016,Utilities,1191.93,30000,Approver_12,INV-101727
TXN-003895,2025-04-15,18:11,Tuesday,IT,Vendor_013,Supplies,1701.03,40000,Approver_04,INV-101728
TXN-004309,2025-04-15,10:18,Tuesday,HR,Vendor_034,Equipment,146.46,15000,Approver_14,INV-101729
TXN-001779,2025-04-15,16:24,Tuesday,IT,Vendor_042,Travel,2845.96,40000,Approver_07,INV-101730
TXN-000547,2025-04-15,11:13,Tuesday,IT,Vendor_036,Equipment,8439.34,40000,Approver_10,INV-101731
TXN-003982,2025-04-15,13:19,Tuesday,Operations,Vendor_026,Utilities,51.19,30000,Approver_12,INV-101732
TXN-003817,2025-04-15,10:33,Tuesday,Operations,Vendor_016,Supplies,455.39,30000,Approver_03,INV-101733
TXN-004301,2025-04-15,15:33,Tuesday,IT,Vendor_035,Utilities,64.23,40000,Approver_08,INV-101734
TXN-000971,2025-04-15,13:09,Tuesday,Procurement,Vendor_019,Utilities,2618.98,50000,Approver_01,INV-101735
TXN-001809,2025-04-15,16:44,Tuesday,HR,Vendor_025,Consulting,-2048.3,15000,Approver_08,INV-101736
TXN-003731,2025-04-15,10:01,Tuesday,Finance,Vendor_018,Utilities,58.35,60000,Approver_03,INV-101731
TXN-001790,2025-04-15,17:03,Tuesday,Marketing,Vendor_019,Travel,13.04,25000,Approver_13,INV-101738
TXN-003894,2025-04-15,17:36,Tuesday,Sales,Vendor_057,Equipment,15.8,20000,Approver_04,INV-101739
TXN-003213,2025-04-15,12:18,Tuesday,Sales,Vendor_058,Utilities,9899.02,20000,Approver_10,INV-101740
TXN-003102,2025-04-15,15:00,Tuesday,Marketing,Vendor_010,Equipment,15000.0,25000,Approver_13,INV-101741
TXN-003618,2025-04-15,11:26,Tuesday,Marketing,Vendor_020,Utilities,1286.07,25000,Approver_04,INV-101742
TXN-000759,2025-04-15,10:40,Tuesday,HR,Vendor_055,Supplies,149.35,15000,Approver_11,INV-101738
TXN-002806,2025-04-15,15:23,Tuesday,Sales,Vendor_053,Consulting,172.37,20000,Approver_02,INV-101744
TXN-001437,2025-04-15,11:59,Tuesday,Sales,Vendor_024,Misc,542.19,20000,Approver_05,INV-101745
TXN-000424,2025-04-15,15:25,Tuesday,IT,Vendor_023,Misc,7180.13,40000,Approver_12,INV-101746
TXN-002852,2025-04-15,17:41,Tuesday,Operations,Vendor_059,Travel,8314.59,30000,Approver_07,INV-101747
TXN-002842,2025-04-15,16:39,Tuesday,IT,Vendor_041,Supplies,945.11,40000,Approver_06,INV-101748
TXN-002921,2025-04-15,12:15,Tuesday,Finance,Vendor_038,Software,225.35,60000,Approver_04,INV-101749
TXN-002121,2025-04-15,08:26,Tuesday,IT,Vendor_034,Software,4475.47,40000,Approver_01,INV-101750
TXN-000916,2025-04-15,08:31,Tuesday,Sales,Vendor_009,Software,18.29,20000,Approver_04,INV-101751
TXN-002764,2025-04-16,08:06,Wednesday,Finance,Vendor_016,Equipment,36602.61,60000,Approver_02,INV-101752
TXN-004108,2025-04-16,11:54,Wednesday,Procurement,Vendor_017,Equipment,280.62,50000,Approver_05,INV-101753
TXN-004058,2025-04-16,09:25,Wednesday,Sales,Vendor_018,Misc,118.3,20000,Approver_13,INV-101754
TXN-002936,2025-04-16,11:07,Wednesday,Procurement,Vendor_058,Utilities,204.92,50000,Approver_14,INV-101755
TXN-004162,2025-04-16,18:10,Wednesday,IT,Vendor_048,Travel,39307.5,40000,Approver_14,INV-101756
TXN-000686,2025-04-16,11:13,Wednesday,IT,Vendor_027,Travel,120.76,40000,Approver_13,INV-101757
TXN-001848,2025-04-16,11:53,Wednesday,Operations,Vendor_002,Equipment,28022.14,30000,,INV-101758
TXN-004666,2025-04-16,15:21,Wednesday,Marketing,Vendor_025,Supplies,1255.28,25000,Approver_03,INV-101759
TXN-001157,2025-04-16,11:43,Wednesday,Operations,Vendor_037,Consulting,532.33,30000,Approver_09,INV-101760
TXN-005995,2025-04-16,17:20,Wednesday,HR,Vendor_046,Utilities,22098.47,15000,Approver_07,INV-101761
TXN-003766,2025-04-16,10:55,Wednesday,IT,Vendor_009,Utilities,13.19,40000,Approver_06,INV-101762
TXN-004689,2025-04-16,18:55,Wednesday,IT,Vendor_043,Utilities,288.75,40000,Approver_11,INV-101763
TXN-002774,2025-04-16,12:06,Wednesday,Sales,Vendor_019,Consulting,318.59,20000,Approver_09,INV-101764
TXN-001342,2025-04-16,12:20,Wednesday,Finance,Vendor_013,Consulting,1000.0,60000,Approver_01,INV-101765
TXN-005243,2025-04-16,12:57,Wednesday,Finance,Vendor_034,Equipment,9761.74,60000,Approver_06,INV-101766
TXN-002338,2025-04-16,10:02,Wednesday,Finance,Vendor_060,Misc,279.94,60000,Approver_13,INV-101767
TXN-004015,2025-04-16,13:06,Wednesday,HR,Vendor_007,Supplies,63.16,15000,Approver_07,INV-101768
TXN-003052,2025-04-16,09:20,Wednesday,Operations,Vendor_032,Utilities,17.41,30000,Approver_05,INV-101769
TXN-004625,2025-04-16,12:42,Wednesday,Marketing,Vendor_024,Software,-4511.39,25000,Approver_04,INV-101770
TXN-003833,2025-04-16,12:01,Wednesday,IT,Vendor_035,Equipment,19.25,40000,Approver_14,INV-101771
TXN-003350,2025-04-16,16:59,Wednesday,Marketing,Vendor_008,Consulting,11.16,25000,Approver_08,INV-101772
TXN-000227,2025-04-16,16:05,Wednesday,Finance,Vendor_021,Software,54357.12,60000,Approver_10,INV-101773
TXN-002026,2025-04-16,15:37,Wednesday,HR,Vendor_027,Travel,7751.86,15000,Approver_07,INV-101774
TXN-003848,2025-04-16,14:41,Wednesday,Finance,Vendor_004,Supplies,500.74,60000,Approver_15,INV-101775
TXN-001211,2025-04-16,14:09,Wednesday,Procurement,Vendor_033,Software,710.0,50000,Approver_11,INV-101776
TXN-001870,2025-04-16,15:08,Wednesday,IT,Vendor_032,Supplies,32.45,40000,Approver_13,INV-101777
TXN-002378,2025-04-16,16:28,Wednesday,Procurement,Vendor_050,Supplies,74134.87,50000,Approver_05,INV-101778
TXN-002477,2025-04-16,17:25,Wednesday,Procurement,Vendor_023,Supplies,14.53,50000,Approver_02,INV-101779
TXN-005270,2025-04-16,11:48,Wednesday,IT,Vendor_048,Supplies,792.37,40000,Approver_02,INV-101780
TXN-000533,2025-04-16,10:35,Wednesday,Procurement,Vendor_056,Travel,12824.16,50000,Approver_02,INV-101781
TXN-002638,2025-04-16,18:13,Wednesday,Marketing,Vendor_007,Equipment,81528.26,25000,Approver_03,INV-101782
TXN-002505,2025-04-17,17:12,Thursday,Marketing,Vendor_027,Equipment,194.63,25000,Approver_09,INV-101783
TXN-000881,2025-04-17,15:17,Thursday,HR,Vendor_012,Consulting,258.14,15000,Approver_05,INV-101784
TXN-001356,2025-04-17,17:01,Thursday,IT,Vendor_044,Consulting,25.13,40000,Approver_15,INV-101785
TXN-001051,2025-04-17,11:36,Thursday,Sales,Vendor_043,Misc,510.89,20000,Approver_04,INV-101786
TXN-003176,2025-04-17,18:55,Thursday,HR,Vendor_003,Supplies,124.8,15000,Approver_09,INV-101787
TXN-002970,2025-04-17,12:20,Thursday,HR,Vendor_030,Consulting,385.98,15000,Approver_07,INV-101788
TXN-002877,2025-04-17,15:30,Thursday,Marketing,Vendor_042,Equipment,5540.74,25000,Approver_04,INV-101789
TXN-000832,2025-04-17,16:16,Thursday,Finance,Vendor_012,Misc,4853.16,60000,Approver_02,INV-101790
TXN-002917,2025-04-17,11:38,Thursday,Operations,Vendor_026,Software,174.64,30000,Approver_09,INV-101791
TXN-004642,2025-04-17,13:28,Thursday,Procurement,Vendor_057,Travel,108.68,50000,Approver_12,INV-101792
TXN-000223,2025-04-17,08:53,Thursday,IT,Vendor_035,Utilities,329.67,40000,Approver_05,INV-101793
TXN-005423,2025-04-17,11:59,Thursday,Operations,Vendor_001,Supplies,18.06,30000,Approver_01,INV-101794
TXN-001701,2025-04-17,12:06,Thursday,Operations,Vendor_028,Supplies,27432.09,30000,Approver_08,INV-101795
TXN-003666,2025-04-17,16:05,Thursday,Finance,Vendor_042,Travel,58241.13,60000,,INV-101796
TXN-005025,2025-04-17,17:52,Thursday,Marketing,Vendor_032,Travel,214.05,25000,Approver_10,INV-101797
TXN-001450,2025-04-17,11:30,Thursday,IT,Vendor_022,Equipment,195.64,40000,Approver_01,INV-101798
TXN-005929,2025-04-17,17:01,Thursday,Marketing,Vendor_019,Utilities,288.01,25000,Approver_14,INV-101799
TXN-002139,2025-04-17,14:22,Thursday,Procurement,Vendor_022,Supplies,28.97,50000,Approver_13,INV-101800
TXN-005636,2025-04-17,16:23,Thursday,Sales,Vendor_032,Misc,10.31,20000,Approver_14,INV-101801
TXN-004514,2025-04-17,12:27,Thursday,Sales,Vendor_016,Equipment,3074.13,20000,Approver_08,INV-101802
TXN-002120,2025-04-17,11:12,Thursday,Operations,Vendor_039,Equipment,2826.01,30000,Approver_04,INV-101803
TXN-005415,2025-04-17,18:56,Thursday,Operations,Vendor_013,Software,8695.32,30000,Approver_01,INV-101804
TXN-001622,2025-04-17,23:38,Thursday,Finance,Vendor_038,Travel,2163.8,60000,Approver_04,INV-101805
TXN-002175,2025-04-17,18:21,Thursday,Marketing,Vendor_031,Equipment,17.15,25000,Approver_08,INV-101806
TXN-002650,2025-04-17,17:34,Thursday,Marketing,Vendor_016,Supplies,372.84,25000,Approver_15,INV-101807
TXN-003639,2025-04-18,14:15,Friday,HR,Vendor_042,Software,449.08,15000,Approver_12,INV-101808
TXN-004216,2025-04-18,12:33,Friday,Marketing,Vendor_003,Equipment,110.31,25000,Approver_02,INV-101809
TXN-000213,2025-04-18,15:36,Friday,Sales,Vendor_004,Consulting,18468.69,20000,Approver_05,INV-101810
TXN-000112,2025-04-18,15:29,Friday,HR,Vendor_017,Supplies,12.68,15000,Approver_11,INV-101811
TXN-004313,2025-04-18,17:57,Friday,Sales,Vendor_029,Supplies,6760.15,20000,Approver_09,INV-101812
TXN-005752,2025-04-18,18:03,Friday,Finance,Vendor_030,Travel,4430.92,60000,Approver_09,INV-101813
TXN-004643,2025-04-18,11:00,Friday,IT,Vendor_029,Supplies,27.34,40000,Approver_14,INV-101814
TXN-000174,2025-04-18,10:12,Friday,Sales,Vendor_036,Software,19.74,20000,Approver_13,INV-101815
TXN-003359,2025-04-18,14:48,Friday,IT,Vendor_022,Utilities,711.27,40000,Approver_08,INV-101816
TXN-000178,2025-04-18,17:54,Friday,IT,Vendor_032,Consulting,150.82,40000,Approver_03,INV-101817
TXN-000932,2025-04-18,11:09,Friday,Sales,Vendor_058,Utilities,2317.9,20000,Approver_07,INV-101818
TXN-005721,2025-04-18,15:41,Friday,HR,Vendor_001,Travel,702.8,15000,Approver_04,INV-101819
TXN-001220,2025-04-18,11:02,Friday,IT,Vendor_037,Utilities,440.93,40000,Approver_03,INV-101814
TXN-000542,2025-04-18,11:45,Friday,HR,Vendor_050,Equipment,56824.67,15000,Approver_03,INV-101821
TXN-003170,2025-04-18,10:56,Friday,Marketing,Vendor_012,Consulting,409.89,25000,Approver_07,INV-101822
TXN-002618,2025-04-18,11:33,Friday,Procurement,Vendor_025,Travel,3732.79,50000,Approver_12,INV-101823
TXN-002624,2025-04-18,14:29,Friday,IT,Vendor_052,Travel,888.28,40000,Approver_07,INV-101824
TXN-005510,2025-04-18,17:56,Friday,Procurement,Vendor_004,Consulting,614.22,50000,Approver_02,INV-101825
TXN-002629,2025-04-18,14:35,Friday,Sales,Vendor_051,Misc,5495.48,20000,Approver_04,INV-101826
TXN-002964,2025-04-18,17:36,Friday,IT,Vendor_038,Software,9944.24,40000,Approver_14,INV-101827
TXN-004134,2025-04-18,08:12,Friday,Finance,Vendor_020,Travel,175.29,60000,Approver_10,INV-101828
TXN-005893,2025-04-21,18:48,Monday,Operations,Vendor_024,Software,303.04,30000,Approver_12,INV-101829
TXN-001282,2025-04-21,11:57,Monday,IT,Vendor_035,Misc,2684.44,40000,Approver_06,INV-101830
TXN-002547,2025-04-21,12:23,Monday,HR,Vendor_008,Software,80.31,15000,Approver_10,INV-101831
TXN-004951,2025-04-21,17:42,Monday,Operations,Vendor_021,Software,844.24,30000,Approver_06,INV-101832
TXN-003120,2025-04-21,17:31,Monday,Sales,Vendor_025,Supplies,155.14,20000,Approver_02,INV-101833
TXN-005881,2025-04-21,12:35,Monday,Marketing,Vendor_002,Travel,5635.9,25000,Approver_06,INV-101834
TXN-002167,2025-04-21,16:52,Monday,Finance,Vendor_044,Misc,1105.27,60000,Approver_14,INV-101829
TXN-004872,2025-04-21,11:28,Monday,Marketing,Vendor_034,Software,156.94,25000,Approver_12,INV-101836
TXN-001168,2025-04-21,10:24,Monday,IT,Vendor_058,Utilities,261.25,40000,Approver_14,INV-101837
TXN-003691,2025-04-21,17:32,Monday,Procurement,Vendor_037,Software,79631.41,50000,Approver_09,INV-101838
TXN-000884,2025-04-21,16:50,Monday,IT,Vendor_041,Misc,1079.75,40000,Approver_09,INV-101839
TXN-000473,2025-04-21,15:21,Monday,Operations,Vendor_026,Misc,16.83,30000,Approver_10,INV-101840
TXN-005739,2025-04-21,13:22,Monday,IT,Vendor_026,Equipment,12.35,40000,Approver_09,INV-101841
TXN-004538,2025-04-21,18:36,Monday,Operations,Vendor_021,Utilities,45871.48,30000,Approver_04,INV-101842
TXN-002208,2025-04-21,12:48,Monday,Operations,Vendor_047,Software,14.02,30000,Approver_09,INV-101843
TXN-001267,2025-04-21,12:26,Monday,Finance,Vendor_037,Misc,129.0,60000,Approver_03,INV-101844
TXN-001413,2025-04-21,13:58,Monday,HR,Vendor_021,Misc,103.79,15000,Approver_15,INV-101845
TXN-001644,2025-04-21,15:29,Monday,Sales,Vendor_006,Travel,22.27,20000,Approver_09,INV-101846
TXN-002830,2025-04-21,12:49,Monday,Operations,Vendor_028,Utilities,369.21,30000,Approver_15,INV-101847
TXN-002950,2025-04-21,09:46,Monday,Procurement,Vendor_011,Misc,88653.38,50000,Approver_12,INV-101848
TXN-005585,2025-04-21,15:22,Monday,HR,Vendor_056,Equipment,14809.8,15000,Approver_13,INV-101849
TXN-001710,2025-04-21,11:57,Monday,HR,Vendor_027,Travel,-643.43,15000,Approver_14,INV-101850
TXN-001788,2025-04-21,15:16,Monday,HR,Vendor_013,Misc,873.83,15000,Approver_04,INV-101851
TXN-000402,2025-04-22,10:22,Tuesday,Operations,Vendor_053,Supplies,28.81,30000,Approver_09,INV-101846
TXN-001986,2025-04-22,11:40,Tuesday,Sales,Vendor_026,Software,3145.13,20000,Approver_01,INV-101853
TXN-001625,2025-04-22,11:11,Tuesday,Operations,Vendor_053,Consulting,792.0,30000,Approver_12,INV-101854
TXN-003106,2025-04-22,17:20,Tuesday,Operations,Vendor_048,Travel,105.22,30000,Approver_15,INV-101855
TXN-001867,2025-04-22,18:30,Tuesday,Finance,Vendor_042,Utilities,43.08,60000,Approver_10,INV-101856
TXN-001621,2025-04-22,14:41,Tuesday,Procurement,Vendor_053,Misc,29.03,50000,Approver_03,INV-101857
TXN-003204,2025-04-22,13:01,Tuesday,IT,Vendor_042,Equipment,21.32,40000,Approver_13,INV-101858
TXN-002102,2025-04-22,15:48,Tuesday,Sales,Vendor_034,Misc,24.87,20000,Approver_11,INV-101859
TXN-000022,2025-04-22,14:59,Tuesday,Marketing,Vendor_059,Misc,991.41,25000,Approver_05,INV-101860
TXN-000063,2025-04-22,13:22,Tuesday,Procurement,Vendor_060,Supplies,4171.67,50000,Approver_03,INV-101861
TXN-005665,2025-04-22,11:43,Tuesday,Finance,Vendor_059,Misc,525.74,60000,,INV-101862
TXN-002848,2025-04-22,17:47,Tuesday,HR,Vendor_054,Equipment,22510.38,15000,Approver_03,INV-101863
TXN-003046,2025-04-22,18:15,Tuesday,Finance,Vendor_039,Travel,1306.51,60000,Approver_11,INV-101864
TXN-001028,2025-04-22,11:47,Tuesday,Sales,Vendor_002,Equipment,252.42,20000,Approver_07,INV-101865
TXN-001471,2025-04-22,12:17,Tuesday,Sales,Vendor_030,Equipment,672.48,20000,Approver_04,INV-101866
TXN-001485,2025-04-22,11:39,Tuesday,Procurement,Vendor_058,Misc,125.62,50000,Approver_13,INV-101867
TXN-000364,2025-04-22,10:16,Tuesday,Operations,Vendor_022,Utilities,7294.11,30000,Approver_12,INV-101868
TXN-005726,2025-04-22,16:58,Tuesday,Marketing,Vendor_020,Software,6641.81,25000,Approver_03,INV-101869
TXN-001742,2025-04-22,23:18,Tuesday,Marketing,Vendor_004,Software,278.87,25000,Approver_12,INV-101870
TXN-004251,2025-04-22,11:39,Tuesday,Operations,Vendor_057,Utilities,906.64,30000,Approver_04,INV-101871
TXN-004345,2025-04-22,11:10,Tuesday,IT,Vendor_013,Travel,2019.15,40000,Approver_14,INV-101872
TXN-001277,2025-04-23,15:52,Wednesday,IT,Vendor_037,Travel,591.77,40000,Approver_15,INV-101873
TXN-004852,2025-04-23,16:21,Wednesday,IT,Vendor_052,Misc,98.88,40000,Approver_15,INV-101874
TXN-003767,2025-04-23,10:34,Wednesday,Marketing,Vendor_038,Equipment,1476.66,25000,Approver_12,INV-101875
TXN-001572,2025-04-23,16:09,Wednesday,IT,Vendor_006,Utilities,922.05,40000,Approver_12,INV-101876
TXN-005331,2025-04-23,16:40,Wednesday,Operations,Vendor_036,Supplies,62.43,30000,Approver_03,INV-101877
TXN-004915,2025-04-23,10:04,Wednesday,Finance,Vendor_005,Misc,3840.0,60000,Approver_12,INV-101878
TXN-004380,2025-04-23,15:13,Wednesday,Procurement,Vendor_005,Supplies,179.3,50000,Approver_11,INV-101879
TXN-001257,2025-04-23,10:13,Wednesday,Operations,Vendor_031,Misc,46.86,30000,,INV-101880
TXN-000788,2025-04-23,12:18,Wednesday,IT,Vendor_030,Software,238.13,40000,Approver_05,INV-101881
TXN-000272,2025-04-23,10:04,Wednesday,Sales,Vendor_027,Utilities,94.94,20000,Approver_13,INV-101882
TXN-004429,2025-04-23,09:34,Wednesday,Finance,Vendor_052,Travel,299.14,60000,Approver_06,INV-101883
TXN-004712,2025-04-23,17:23,Wednesday,Sales,Vendor_032,Software,7968.78,20000,Approver_13,INV-101884
TXN-000109,2025-04-23,15:39,Wednesday,Operations,Vendor_056,Travel,299.26,30000,Approver_06,INV-101885
TXN-003292,2025-04-23,12:23,Wednesday,Marketing,Vendor_001,Utilities,177.64,25000,Approver_09,INV-101886
TXN-002711,2025-04-23,14:32,Wednesday,HR,Vendor_007,Equipment,193.49,15000,Approver_01,INV-101887
TXN-004101,2025-04-23,15:00,Wednesday,Operations,Vendor_042,Misc,81.95,30000,Approver_02,INV-101884
TXN-004185,2025-04-23,14:33,Wednesday,IT,Vendor_037,Utilities,1000.0,40000,Approver_07,INV-101889
TXN-000209,2025-04-23,15:34,Wednesday,Finance,Vendor_018,Equipment,2074.54,60000,Approver_12,INV-101890
TXN-001546,2025-04-23,16:45,Wednesday,Operations,Vendor_031,Equipment,296.9,30000,Approver_14,INV-101891
TXN-003187,2025-04-23,18:13,Wednesday,Marketing,Vendor_022,Utilities,169.42,25000,Approver_01,INV-101892
TXN-003227,2025-04-23,12:15,Wednesday,Operations,Vendor_056,Travel,192.33,30000,Approver_11,INV-101893
TXN-005146,2025-04-23,09:17,Wednesday,Finance,Vendor_009,Software,41.69,60000,Approver_02,INV-101894
TXN-003150,2025-04-24,15:29,Thursday,Finance,Vendor_030,Software,10.67,60000,Approver_01,INV-101895
TXN-000187,2025-04-24,11:40,Thursday,Finance,Vendor_023,Supplies,86.49,60000,Approver_11,INV-101896
TXN-000540,2025-04-24,10:51,Thursday,Procurement,Vendor_053,Software,1314.2,50000,Approver_01,INV-101897
TXN-001802,2025-04-24,18:24,Thursday,Operations,Vendor_044,Equipment,618.5,30000,Approver_14,INV-101898
TXN-002966,2025-04-24,11:40,Thursday,Sales,Vendor_021,Equipment,1000.0,20000,Approver_01,INV-101899
TXN-005827,2025-04-24,17:57,Thursday,IT,Vendor_029,Consulting,713.76,40000,Approver_12,INV-101900
TXN-005981,2025-04-24,09:12,Thursday,IT,Vendor_042,Utilities,22.23,40000,Approver_15,INV-101901
TXN-005979,2025-04-24,15:41,Thursday,Operations,Vendor_039,Misc,15091.67,30000,Approver_01,INV-101902
TXN-003986,2025-04-24,12:44,Thursday,Procurement,Vendor_013,Misc,2979.02,50000,Approver_05,INV-101903
TXN-001107,2025-04-24,15:03,Thursday,Operations,Vendor_043,Travel,201.75,30000,Approver_13,INV-101904
TXN-002476,2025-04-24,12:39,Thursday,Finance,Vendor_030,Utilities,3642.24,60000,Approver_06,INV-101905
TXN-000650,2025-04-24,14:37,Thursday,Finance,Vendor_057,Utilities,81.2,60000,,INV-101906
TXN-002786,2025-04-24,14:29,Thursday,Sales,Vendor_012,Supplies,9104.13,20000,Approver_09,INV-101907
TXN-004582,2025-04-24,09:02,Thursday,Operations,Vendor_052,Equipment,19.78,30000,Approver_07,INV-101908
TXN-004373,2025-04-24,14:55,Thursday,Operations,Vendor_060,Equipment,385.1,30000,Approver_03,INV-101909
TXN-003964,2025-04-24,15:55,Thursday,Procurement,Vendor_038,Consulting,1343.08,50000,Approver_09,INV-101910
TXN-000340,2025-04-24,16:18,Thursday,IT,Vendor_053,Consulting,176.81,40000,Approver_01,INV-101911
TXN-005630,2025-04-24,14:30,Thursday,Operations,Vendor_034,Travel,727.29,30000,Approver_06,INV-101912
TXN-000323,2025-04-24,17:25,Thursday,Procurement,Vendor_005,Supplies,12641.65,50000,Approver_11,INV-101913
TXN-002527,2025-04-24,17:06,Thursday,HR,Vendor_004,Consulting,279.68,15000,Approver_03,INV-101914
TXN-001422,2025-04-25,13:37,Friday,Procurement,Vendor_033,Software,133.83,50000,Approver_03,INV-101915
TXN-000914,2025-04-25,12:35,Friday,Sales,Vendor_017,Utilities,5894.02,20000,Approver_06,INV-101916
TXN-004592,2025-04-25,17:37,Friday,Sales,Vendor_005,Equipment,111.86,20000,Approver_13,INV-101917
TXN-000043,2025-04-25,11:03,Friday,Marketing,Vendor_021,Equipment,2230.16,25000,Approver_08,INV-101918
TXN-005587,2025-04-25,11:42,Friday,Sales,Vendor_012,Utilities,2235.48,20000,Approver_10,INV-101913
TXN-002796,2025-04-25,11:05,Friday,Operations,Vendor_048,Utilities,469.68,30000,Approver_07,INV-101920
TXN-005143,2025-04-25,12:18,Friday,Procurement,Vendor_050,Consulting,32993.35,50000,Approver_10,INV-101921
TXN-003567,2025-04-25,09:19,Friday,Sales,Vendor_050,Misc,105.37,20000,Approver_06,INV-101922
TXN-003039,2025-04-25,17:55,Friday,Operations,Vendor_030,Utilities,388.17,30000,Approver_04,INV-101923
TXN-005710,2025-04-25,09:33,Friday,Finance,Vendor_017,Equipment,4450.01,60000,Approver_13,INV-101924
TXN-004103,2025-04-25,13:55,Friday,Procurement,Vendor_056,Supplies,457.1,50000,Approver_08,INV-101925
TXN-005112,2025-04-25,14:13,Friday,HR,Vendor_046,Travel,10483.93,15000,Approver_01,INV-101926
TXN-004230,2025-04-25,11:17,Friday,Operations,Vendor_011,Travel,85.16,30000,Approver_03,INV-101927
TXN-004846,2025-04-25,16:42,Friday,IT,Vendor_001,Utilities,2755.08,40000,Approver_05,INV-101928
TXN-005599,2025-04-25,12:15,Friday,Operations,Vendor_053,Utilities,1087.02,30000,Approver_14,INV-101929
TXN-005156,2025-04-25,14:24,Friday,Operations,Vendor_055,Supplies,794.7,30000,Approver_08,INV-101930
TXN-003250,2025-04-25,10:11,Friday,Sales,Vendor_053,Misc,1170.33,20000,Approver_11,INV-101931
TXN-001240,2025-04-25,15:08,Friday,HR,Vendor_015,Equipment,39.48,15000,Approver_08,INV-101932
TXN-001696,2025-04-25,10:50,Friday,HR,Vendor_023,Travel,14512.73,15000,Approver_01,INV-101933
TXN-005054,2025-04-25,15:01,Friday,Procurement,Vendor_040,Utilities,5000.0,50000,Approver_15,INV-101934
TXN-003023,2025-04-25,17:37,Friday,Marketing,Vendor_012,Supplies,15142.11,25000,Approver_13,INV-101935
TXN-000673,2025-04-25,18:30,Friday,HR,Vendor_039,Equipment,181.04,15000,Approver_11,INV-101936
TXN-004005,2025-04-25,11:48,Friday,Operations,Vendor_005,Software,776.68,30000,Approver_13,INV-101937
TXN-001587,2025-04-28,10:59,Monday,Sales,Vendor_011,Travel,297.64,20000,Approver_11,INV-101938
TXN-002812,2025-04-28,15:46,Monday,Procurement,Vendor_036,Travel,40404.2,50000,Approver_11,INV-101939
TXN-004569,2025-04-28,09:46,Monday,Marketing,Vendor_007,Misc,38527.0,25000,Approver_11,INV-101940
TXN-005638,2025-04-28,10:38,Monday,Marketing,Vendor_007,Travel,411.95,25000,Approver_13,INV-101941
TXN-002865,2025-04-28,17:39,Monday,Finance,Vendor_022,Supplies,514.87,60000,Approver_11,INV-101942
TXN-002779,2025-04-28,12:12,Monday,HR,Vendor_024,Utilities,5631.93,15000,Approver_06,INV-101943
TXN-005021,2025-04-28,14:16,Monday,Operations,Vendor_011,Misc,27.2,30000,Approver_08,INV-101944
TXN-002700,2025-04-28,12:57,Monday,Procurement,Vendor_036,Supplies,162.26,50000,Approver_09,INV-101945
TXN-000488,2025-04-28,15:38,Monday,Procurement,Vendor_053,Misc,12193.61,50000,Approver_01,INV-101946
TXN-005763,2025-04-28,09:52,Monday,Sales,Vendor_019,Supplies,125.3,20000,Approver_04,INV-101947
TXN-003140,2025-04-28,10:35,Monday,Sales,Vendor_040,Consulting,72755.2,20000,Approver_14,INV-101948
TXN-001639,2025-04-28,17:10,Monday,Finance,Vendor_013,Software,294.51,60000,Approver_04,INV-101949
TXN-000478,2025-04-28,15:31,Monday,Procurement,Vendor_045,Misc,2845.66,50000,Approver_06,INV-101950
TXN-001025,2025-04-28,18:31,Monday,HR,Vendor_047,Equipment,13645.46,15000,Approver_10,INV-101951
TXN-004202,2025-04-28,16:25,Monday,Procurement,Vendor_016,Utilities,1000.0,50000,Approver_15,INV-101952
TXN-001314,2025-04-28,13:42,Monday,Procurement,Vendor_060,Supplies,1057.25,50000,Approver_10,INV-101953
TXN-004404,2025-04-28,17:07,Monday,IT,Vendor_056,Utilities,123.64,40000,Approver_10,INV-101954
TXN-003729,2025-04-28,10:49,Monday,Marketing,Vendor_030,Utilities,40508.72,25000,Approver_02,INV-101955
TXN-001036,2025-04-28,10:55,Monday,Sales,Vendor_001,Travel,5258.88,20000,Approver_05,INV-101956
TXN-004488,2025-04-28,14:12,Monday,Marketing,Vendor_010,Utilities,63.82,25000,Approver_11,INV-101957
TXN-005064,2025-04-28,12:57,Monday,HR,Vendor_041,Equipment,330.3,15000,Approver_06,INV-101958
TXN-000078,2025-04-28,15:19,Monday,Finance,Vendor_011,Misc,-3072.57,60000,Approver_06,INV-101959
TXN-002575,2025-04-28,10:40,Monday,Sales,Vendor_001,Consulting,-959.04,20000,Approver_02,INV-101960
TXN-005608,2025-04-28,14:37,Monday,Marketing,Vendor_054,Equipment,3546.82,25000,Approver_05,INV-101961
TXN-003322,2025-04-28,15:39,Monday,IT,Vendor_049,Utilities,80.24,40000,Approver_13,INV-101962
TXN-003142,2025-04-29,13:39,Tuesday,HR,Vendor_026,Utilities,649.86,15000,Approver_12,INV-101963
TXN-002557,2025-04-29,16:38,Tuesday,HR,Vendor_038,Equipment,28477.61,15000,Approver_14,INV-101964
TXN-000999,2025-04-29,12:27,Tuesday,Finance,Vendor_054,Software,28.46,60000,Approver_10,INV-101965
TXN-003605,2025-04-29,11:59,Tuesday,Sales,Vendor_003,Travel,8030.59,20000,Approver_11,INV-101966
TXN-002286,2025-04-29,09:01,Tuesday,Sales,Vendor_036,Misc,213.64,20000,Approver_05,INV-101967
TXN-005404,2025-04-29,14:35,Tuesday,Sales,Vendor_015,Supplies,923.05,20000,Approver_02,INV-101968
TXN-005743,2025-04-29,15:03,Tuesday,Sales,Vendor_024,Utilities,36.07,20000,Approver_02,INV-101969
TXN-005778,2025-04-29,08:24,Tuesday,IT,Vendor_027,Utilities,404.63,40000,Approver_03,INV-101970
TXN-004318,2025-04-29,16:04,Tuesday,Operations,Vendor_025,Software,7500.0,30000,Approver_03,INV-101971
TXN-004311,2025-04-29,10:45,Tuesday,Sales,Vendor_025,Supplies,315.03,20000,Approver_02,INV-101972
TXN-003186,2025-04-29,15:41,Tuesday,Operations,Vendor_002,Software,-244.3,30000,Approver_02,INV-101973
TXN-004838,2025-04-29,18:16,Tuesday,IT,Vendor_050,Supplies,164.34,40000,Approver_03,INV-101974
TXN-003368,2025-04-29,15:31,Tuesday,Operations,Vendor_022,Supplies,48307.58,30000,Approver_11,INV-101975
TXN-005116,2025-04-29,12:17,Tuesday,Operations,Vendor_018,Software,410.36,30000,Approver_14,INV-101976
TXN-005849,2025-04-29,13:14,Tuesday,Finance,Vendor_054,Software,267.28,60000,Approver_13,INV-101977
TXN-001922,2025-04-29,15:21,Tuesday,Operations,Vendor_008,Supplies,5716.42,30000,Approver_06,INV-101978
TXN-000294,2025-04-29,10:33,Tuesday,IT,Vendor_031,Travel,7500.0,40000,Approver_01,INV-101979
TXN-004456,2025-04-29,11:29,Tuesday,Sales,Vendor_048,Supplies,15000.0,20000,Approver_10,INV-101980
TXN-005803,2025-04-29,13:03,Tuesday,Sales,Vendor_060,Software,3491.13,20000,Approver_05,INV-101981
TXN-004892,2025-04-29,15:10,Tuesday,Operations,Vendor_013,Equipment,25.68,30000,Approver_13,INV-101982
TXN-000291,2025-04-30,12:26,Wednesday,Finance,Vendor_053,Equipment,38.31,60000,Approver_01,INV-101983
TXN-002615,2025-04-30,13:50,Wednesday,Marketing,Vendor_014,Misc,24243.63,25000,Approver_08,INV-101984
TXN-005809,2025-04-30,12:07,Wednesday,Operations,Vendor_041,Supplies,123.58,30000,Approver_07,INV-101985
TXN-004357,2025-04-30,10:55,Wednesday,Marketing,Vendor_008,Utilities,4054.13,25000,Approver_05,INV-101986
TXN-000036,2025-04-30,11:27,Wednesday,IT,Vendor_009,Software,1781.81,40000,Approver_14,INV-101987
TXN-001287,2025-04-30,12:40,Wednesday,Sales,Vendor_009,Misc,691.14,20000,Approver_05,INV-101988
TXN-004189,2025-04-30,11:10,Wednesday,HR,Vendor_024,Utilities,7534.85,15000,Approver_04,INV-101989
TXN-004605,2025-04-30,13:00,Wednesday,Marketing,Vendor_054,Supplies,442.08,25000,Approver_04,INV-101990
TXN-000988,2025-04-30,16:21,Wednesday,Operations,Vendor_052,Supplies,104.62,30000,Approver_12,INV-101991
TXN-001104,2025-04-30,16:30,Wednesday,IT,Vendor_044,Travel,37559.02,40000,Approver_04,INV-101992
TXN-002239,2025-04-30,16:02,Wednesday,Sales,Vendor_018,Travel,595.22,20000,Approver_15,INV-101993
TXN-000923,2025-04-30,11:57,Wednesday,Procurement,Vendor_026,Travel,104.65,50000,Approver_02,INV-101994
TXN-001773,2025-04-30,12:47,Wednesday,HR,Vendor_043,Consulting,27.07,15000,Approver_03,INV-101995
TXN-001171,2025-04-30,09:34,Wednesday,Operations,Vendor_036,Utilities,1004.94,30000,Approver_09,INV-101996
TXN-005210,2025-04-30,16:19,Wednesday,HR,Vendor_044,Supplies,12.91,15000,Approver_07,INV-101997
TXN-002361,2025-04-30,17:24,Wednesday,Finance,Vendor_016,Consulting,430.36,60000,Approver_06,INV-101998
TXN-005975,2025-04-30,11:35,Wednesday,HR,Vendor_036,Travel,112.51,15000,Approver_13,INV-101999
TXN-002784,2025-04-30,15:02,Wednesday,Procurement,Vendor_021,Travel,6175.31,50000,Approver_06,INV-102000
TXN-003890,2025-04-30,11:53,Wednesday,HR,Vendor_047,Utilities,95393.71,15000,Approver_04,INV-102001
TXN-002759,2025-04-30,17:08,Wednesday,Sales,Vendor_026,Travel,694.8,20000,Approver_14,INV-102002
TXN-001131,2025-04-30,08:37,Wednesday,Sales,Vendor_008,Software,924.82,20000,Approver_11,INV-102003
TXN-003711,2025-04-30,15:12,Wednesday,Procurement,Vendor_020,Utilities,48483.46,50000,Approver_12,INV-102004
TXN-005177,2025-04-30,18:05,Wednesday,HR,Vendor_041,Utilities,1220.9,15000,Approver_06,INV-102005
TXN-004368,2025-04-30,14:52,Wednesday,Sales,Vendor_044,Equipment,18957.79,20000,Approver_09,INV-102006
TXN-004375,2025-04-30,16:53,Wednesday,HR,Vendor_034,Equipment,5000.0,15000,Approver_12,INV-102007
TXN-000251,2025-04-30,15:35,Wednesday,Sales,Vendor_053,Consulting,18890.66,20000,Approver_09,INV-102008
TXN-003988,2025-05-01,12:35,Thursday,Finance,Vendor_030,Utilities,420.27,60000,Approver_15,INV-102009
TXN-002963,2025-05-01,10:03,Thursday,Operations,Vendor_018,Software,1949.52,30000,Approver_10,INV-102010
TXN-005731,2025-05-01,11:04,Thursday,IT,Vendor_006,Software,4616.52,40000,Approver_12,INV-102011
TXN-001393,2025-05-01,11:22,Thursday,HR,Vendor_059,Software,459.11,15000,Approver_08,INV-102012
TXN-003369,2025-05-01,16:31,Thursday,Procurement,Vendor_034,Travel,982.61,50000,Approver_08,INV-102013
TXN-003313,2025-05-01,09:20,Thursday,IT,Vendor_029,Software,2500.0,40000,Approver_07,INV-102014
TXN-004857,2025-05-01,08:22,Thursday,Procurement,Vendor_029,Travel,482.04,50000,Approver_10,INV-102015
TXN-001895,2025-05-01,12:22,Thursday,Finance,Vendor_031,Equipment,1509.15,60000,Approver_14,INV-102016
TXN-004701,2025-05-01,14:44,Thursday,Sales,Vendor_057,Consulting,913.59,20000,Approver_07,INV-102017
TXN-000850,2025-05-01,10:44,Thursday,Sales,Vendor_032,Misc,37.47,20000,Approver_14,INV-102018
TXN-001529,2025-05-01,11:15,Thursday,Marketing,Vendor_048,Misc,77.47,25000,Approver_11,INV-102019
TXN-001564,2025-05-01,09:58,Thursday,Marketing,Vendor_027,Consulting,16.24,25000,Approver_02,INV-102020
TXN-000359,2025-05-01,11:37,Thursday,IT,Vendor_007,Consulting,32.84,40000,Approver_12,INV-102021
TXN-001674,2025-05-01,08:15,Thursday,Operations,Vendor_026,Utilities,6663.99,30000,Approver_10,INV-102022
TXN-002425,2025-05-01,11:55,Thursday,IT,Vendor_009,Supplies,-2497.59,40000,Approver_01,INV-102023
TXN-000693,2025-05-01,18:36,Thursday,Procurement,Vendor_043,Misc,200.74,50000,Approver_01,INV-102024
TXN-001618,2025-05-01,17:02,Thursday,Operations,Vendor_015,Utilities,37885.52,30000,Approver_06,INV-102025
TXN-003803,2025-05-01,11:59,Thursday,Finance,Vendor_013,Utilities,5440.78,60000,Approver_01,INV-102026
TXN-003276,2025-05-01,14:37,Thursday,IT,Vendor_026,Utilities,27.84,40000,Approver_01,INV-102027
TXN-005770,2025-05-01,11:12,Thursday,IT,Vendor_056,Consulting,73793.81,40000,Approver_05,INV-102028
TXN-001016,2025-05-01,16:05,Thursday,Procurement,Vendor_033,Utilities,200.06,50000,Approver_11,INV-102029
TXN-005045,2025-05-01,18:28,Thursday,Marketing,Vendor_041,Utilities,155.13,25000,Approver_06,INV-102030
TXN-001499,2025-05-01,15:04,Thursday,Finance,Vendor_051,Travel,6340.8,60000,Approver_13,INV-102031
TXN-003764,2025-05-01,09:25,Thursday,Finance,Vendor_053,Equipment,304.57,60000,Approver_08,INV-102032
TXN-002947,2025-05-01,17:22,Thursday,Sales,Vendor_015,Equipment,33318.57,20000,Approver_10,INV-102033
TXN-003630,2025-05-02,11:10,Friday,Operations,Vendor_016,Misc,441.37,30000,Approver_10,INV-102034
TXN-002337,2025-05-02,09:07,Friday,HR,Vendor_045,Software,303.93,15000,Approver_04,INV-102035
TXN-004479,2025-05-02,00:37,Friday,Procurement,Vendor_060,Consulting,3200.03,50000,Approver_10,INV-102036
TXN-004995,2025-05-02,15:20,Friday,HR,Vendor_010,Equipment,124.71,15000,,INV-102037
TXN-004137,2025-05-02,17:33,Friday,Finance,Vendor_051,Supplies,15.57,60000,Approver_03,INV-102038
TXN-001714,2025-05-02,15:15,Friday,Sales,Vendor_028,Consulting,585.8,20000,Approver_08,INV-102039
TXN-003073,2025-05-02,08:36,Friday,Procurement,Vendor_041,Consulting,209.04,50000,Approver_11,INV-102040
TXN-002752,2025-05-02,16:39,Friday,Operations,Vendor_001,Consulting,15.47,30000,Approver_11,INV-102041
TXN-004652,2025-05-02,16:56,Friday,Marketing,Vendor_026,Supplies,72127.27,25000,Approver_10,INV-102042
TXN-004080,2025-05-02,17:39,Friday,Procurement,Vendor_031,Supplies,7500.0,50000,Approver_09,INV-102043
TXN-002409,2025-05-02,09:25,Friday,HR,Vendor_020,Travel,214.34,15000,Approver_07,INV-102044
TXN-002008,2025-05-02,18:18,Friday,Procurement,Vendor_016,Utilities,-3176.11,50000,Approver_04,INV-102045
TXN-001222,2025-05-02,16:25,Friday,Operations,Vendor_019,Utilities,106.08,30000,Approver_09,INV-102046
TXN-005261,2025-05-02,09:02,Friday,Operations,Vendor_060,Travel,2627.78,30000,Approver_03,INV-102047
TXN-001874,2025-05-02,09:54,Friday,HR,Vendor_017,Misc,4830.37,15000,Approver_10,INV-102048
TXN-003351,2025-05-02,15:15,Friday,Procurement,Vendor_032,Travel,126.28,50000,Approver_11,INV-102049
TXN-001505,2025-05-02,17:47,Friday,HR,Vendor_040,Travel,247.03,15000,Approver_11,INV-102050
TXN-003696,2025-05-02,16:04,Friday,IT,Vendor_034,Equipment,268.68,40000,Approver_10,INV-102051
TXN-004876,2025-05-02,17:44,Friday,HR,Vendor_034,Misc,663.18,15000,Approver_07,INV-102052
TXN-003881,2025-05-02,16:55,Friday,Marketing,Vendor_020,Software,197.47,25000,Approver_07,INV-102053
TXN-002400,2025-05-02,08:10,Friday,Finance,Vendor_019,Equipment,18.89,60000,Approver_05,INV-102054
TXN-001838,2025-05-02,12:55,Friday,HR,Vendor_056,Equipment,855.52,15000,Approver_06,INV-102055
TXN-004218,2025-05-04,05:34,Sunday,Marketing,Vendor_043,Misc,27.18,25000,Approver_06,INV-102056
TXN-002148,2025-05-05,13:20,Monday,Operations,Vendor_036,Utilities,10.05,30000,Approver_11,INV-102057
TXN-005048,2025-05-05,08:45,Monday,IT,Vendor_033,Supplies,29026.13,40000,Approver_01,INV-102058
TXN-001429,2025-05-05,15:28,Monday,Sales,Vendor_017,Misc,12808.51,20000,Approver_13,INV-102059
TXN-002794,2025-05-05,15:58,Monday,Finance,Vendor_013,Consulting,860.24,60000,Approver_14,INV-102060
TXN-002354,2025-05-05,17:16,Monday,Operations,Vendor_055,Software,61.43,30000,Approver_05,INV-102061
TXN-002171,2025-05-05,15:38,Monday,Finance,Vendor_049,Utilities,2415.17,60000,Approver_11,INV-102062
TXN-000905,2025-05-05,14:05,Monday,Operations,Vendor_021,Utilities,40.82,30000,Approver_09,INV-102063
TXN-004707,2025-05-05,15:01,Monday,IT,Vendor_058,Misc,15000.0,40000,Approver_12,INV-102064
TXN-003482,2025-05-05,10:51,Monday,HR,Vendor_028,Supplies,627.24,15000,Approver_07,INV-102065
TXN-002715,2025-05-05,10:58,Monday,Finance,Vendor_007,Utilities,3279.23,60000,Approver_11,INV-102066
TXN-003512,2025-05-05,10:41,Monday,Marketing,Vendor_038,Utilities,1749.76,25000,Approver_10,INV-102067
TXN-000960,2025-05-05,17:50,Monday,HR,Vendor_057,Equipment,5159.43,15000,Approver_05,INV-102068
TXN-001402,2025-05-05,14:28,Monday,Marketing,Vendor_010,Equipment,141.4,25000,Approver_11,INV-102069
TXN-004938,2025-05-05,17:53,Monday,HR,Vendor_031,Travel,550.05,15000,Approver_02,INV-102070
TXN-000913,2025-05-05,16:00,Monday,Operations,Vendor_004,Software,64.17,30000,Approver_09,INV-102071
TXN-001032,2025-05-05,16:38,Monday,Procurement,Vendor_044,Consulting,314.16,50000,Approver_01,INV-102066
TXN-001789,2025-05-05,09:58,Monday,Operations,Vendor_014,Travel,10.78,30000,Approver_12,INV-102073
TXN-000438,2025-05-05,15:34,Monday,IT,Vendor_034,Consulting,10000.0,40000,Approver_13,INV-102074
TXN-005848,2025-05-05,11:02,Monday,Operations,Vendor_060,Travel,600.82,30000,Approver_05,INV-102075
TXN-005377,2025-05-05,14:21,Monday,Marketing,Vendor_015,Misc,2646.42,25000,Approver_02,INV-102076
TXN-002234,2025-05-05,16:34,Monday,IT,Vendor_017,Consulting,154.22,40000,Approver_12,INV-102077
TXN-004536,2025-05-05,08:34,Monday,Procurement,Vendor_017,Utilities,444.55,50000,Approver_04,INV-102078
TXN-005591,2025-05-05,16:31,Monday,IT,Vendor_036,Utilities,1971.26,40000,Approver_10,INV-102079
TXN-002225,2025-05-05,16:22,Monday,Operations,Vendor_035,Utilities,2923.87,30000,Approver_12,INV-102080
TXN-001495,2025-05-05,10:16,Monday,Finance,Vendor_047,Supplies,321.85,60000,Approver_07,INV-102081
TXN-004420,2025-05-06,00:31,Tuesday,Operations,Vendor_049,Equipment,60.33,30000,Approver_08,INV-102082
TXN-005564,2025-05-06,14:31,Tuesday,Operations,Vendor_014,Utilities,610.37,30000,Approver_04,INV-102083
TXN-004921,2025-05-06,16:30,Tuesday,HR,Vendor_028,Supplies,14661.96,15000,Approver_08,INV-102084
TXN-005481,2025-05-06,16:44,Tuesday,Procurement,Vendor_055,Software,1611.27,50000,Approver_12,INV-102085
TXN-001965,2025-05-06,16:58,Tuesday,Operations,Vendor_003,Travel,3462.78,30000,Approver_09,INV-102086
TXN-003156,2025-05-06,17:30,Tuesday,Sales,Vendor_052,Software,1942.32,20000,Approver_12,INV-102087
TXN-001969,2025-05-06,18:23,Tuesday,IT,Vendor_048,Supplies,494.0,40000,Approver_09,INV-102088
TXN-000052,2025-05-06,09:27,Tuesday,Operations,Vendor_057,Misc,6649.52,30000,Approver_03,INV-102085
TXN-005504,2025-05-06,17:21,Tuesday,Marketing,Vendor_001,Travel,2482.37,25000,Approver_14,INV-102090
TXN-000656,2025-05-06,16:05,Tuesday,Procurement,Vendor_011,Misc,3939.26,50000,Approver_01,INV-102091
TXN-000161,2025-05-06,18:49,Tuesday,IT,Vendor_044,Utilities,38028.77,40000,Approver_11,INV-102092
TXN-004496,2025-05-06,11:06,Tuesday,Marketing,Vendor_017,Equipment,67.2,25000,Approver_04,INV-102093
TXN-002821,2025-05-06,11:08,Tuesday,Marketing,Vendor_007,Software,22671.24,25000,Approver_06,INV-102094
TXN-000275,2025-05-06,12:44,Tuesday,Sales,Vendor_034,Equipment,59366.15,20000,Approver_09,INV-102095
TXN-004398,2025-05-06,15:21,Tuesday,Procurement,Vendor_023,Utilities,185.36,50000,Approver_06,INV-102096
TXN-001403,2025-05-06,15:23,Tuesday,Operations,Vendor_048,Misc,11.56,30000,Approver_09,INV-102097
TXN-005744,2025-05-06,17:09,Tuesday,Finance,Vendor_001,Utilities,332.51,60000,Approver_14,INV-102098
TXN-005264,2025-05-06,09:12,Tuesday,Operations,Vendor_049,Travel,17.81,30000,Approver_12,INV-102099
TXN-002876,2025-05-06,12:20,Tuesday,Marketing,Vendor_009,Travel,16.1,25000,Approver_08,INV-102100
TXN-000271,2025-05-06,14:48,Tuesday,Operations,Vendor_038,Travel,4034.4,30000,Approver_04,INV-102101
TXN-000162,2025-05-06,11:15,Tuesday,Operations,Vendor_008,Equipment,54062.85,30000,Approver_05,INV-102097
TXN-002926,2025-05-06,18:33,Tuesday,Marketing,Vendor_033,Utilities,38428.71,25000,Approver_01,INV-102103
TXN-005894,2025-05-06,14:28,Tuesday,Finance,Vendor_003,Supplies,158.8,60000,Approver_15,INV-102104
TXN-004288,2025-05-06,18:39,Tuesday,IT,Vendor_055,Consulting,2027.91,40000,Approver_07,INV-102105
TXN-002340,2025-05-06,15:44,Tuesday,Marketing,Vendor_046,Equipment,9053.7,25000,Approver_07,INV-102106
TXN-001550,2025-05-06,15:56,Tuesday,Sales,Vendor_042,Equipment,208.03,20000,Approver_03,INV-102107
TXN-004237,2025-05-06,13:22,Tuesday,Marketing,Vendor_003,Misc,6207.74,25000,Approver_01,INV-102108
TXN-001667,2025-05-06,08:51,Tuesday,Sales,Vendor_045,Supplies,950.3,20000,Approver_14,INV-102109
TXN-004079,2025-05-07,15:21,Wednesday,HR,Vendor_029,Utilities,98862.61,15000,Approver_11,INV-102110
TXN-003761,2025-05-07,14:42,Wednesday,Procurement,Vendor_010,Utilities,72.4,50000,Approver_08,INV-102111
TXN-002674,2025-05-07,09:06,Wednesday,HR,Vendor_009,Equipment,239.46,15000,Approver_10,INV-102112
TXN-001781,2025-05-07,17:22,Wednesday,Procurement,Vendor_029,Supplies,825.7,50000,Approver_06,INV-102113
TXN-002853,2025-05-07,16:41,Wednesday,HR,Vendor_056,Software,16.73,15000,Approver_12,INV-102114
TXN-005129,2025-05-07,15:42,Wednesday,Procurement,Vendor_053,Misc,16613.98,50000,,INV-102115
TXN-000736,2025-05-07,15:05,Wednesday,Procurement,Vendor_001,Software,27.67,50000,Approver_13,INV-102116
TXN-000464,2025-05-07,15:35,Wednesday,Finance,Vendor_003,Misc,203.18,60000,Approver_04,INV-102117
TXN-005751,2025-05-07,13:41,Wednesday,Sales,Vendor_051,Utilities,20000.0,20000,Approver_05,INV-102118
TXN-004478,2025-05-07,15:40,Wednesday,Marketing,Vendor_017,Misc,20.91,25000,Approver_15,INV-102119
TXN-000891,2025-05-07,09:50,Wednesday,HR,Vendor_043,Utilities,196.02,15000,Approver_12,INV-102120
TXN-002183,2025-05-07,10:14,Wednesday,Finance,Vendor_027,Equipment,34.22,60000,Approver_10,INV-102121
TXN-004254,2025-05-07,12:31,Wednesday,Marketing,Vendor_007,Supplies,1394.07,25000,Approver_13,INV-102122
TXN-003511,2025-05-07,15:23,Wednesday,Operations,Vendor_004,Travel,2013.92,30000,Approver_15,INV-102123
TXN-003311,2025-05-07,09:14,Wednesday,Procurement,Vendor_055,Equipment,5137.3,50000,Approver_05,INV-102124
TXN-005120,2025-05-07,11:14,Wednesday,HR,Vendor_014,Equipment,10000.0,15000,Approver_05,INV-102125
TXN-003829,2025-05-07,15:49,Wednesday,Procurement,Vendor_004,Software,571.39,50000,Approver_02,INV-102126
TXN-002112,2025-05-07,17:43,Wednesday,Finance,Vendor_022,Software,172.96,60000,Approver_10,INV-102127
TXN-001682,2025-05-07,11:13,Wednesday,Operations,Vendor_012,Supplies,123.84,30000,Approver_03,INV-102128
TXN-002743,2025-05-07,16:26,Wednesday,Operations,Vendor_011,Consulting,47.32,30000,Approver_06,INV-102129
TXN-003357,2025-05-08,09:47,Thursday,HR,Vendor_020,Equipment,1000.0,15000,Approver_09,INV-102130
TXN-000952,2025-05-08,15:19,Thursday,HR,Vendor_042,Equipment,186.23,15000,Approver_09,INV-102131
TXN-002823,2025-05-08,10:12,Thursday,Sales,Vendor_056,Travel,1583.99,20000,Approver_14,INV-102132
TXN-004284,2025-05-08,16:29,Thursday,Finance,Vendor_035,Supplies,1831.25,60000,Approver_09,INV-102133
TXN-001566,2025-05-08,13:21,Thursday,Operations,Vendor_053,Software,329.49,30000,Approver_15,INV-102134
TXN-002817,2025-05-08,14:18,Thursday,Marketing,Vendor_002,Supplies,10000.0,25000,Approver_12,INV-102135
TXN-004124,2025-05-08,15:47,Thursday,Operations,Vendor_032,Travel,2074.46,30000,Approver_02,INV-102136
TXN-002800,2025-05-08,17:23,Thursday,Operations,Vendor_036,Equipment,-2462.4,30000,Approver_02,INV-102137
TXN-000974,2025-05-08,18:34,Thursday,Finance,Vendor_026,Consulting,6314.87,60000,Approver_15,INV-102138
TXN-004238,2025-05-08,11:50,Thursday,HR,Vendor_003,Misc,568.47,15000,Approver_04,INV-102139
TXN-000343,2025-05-08,16:55,Thursday,Sales,Vendor_026,Utilities,21147.25,20000,Approver_09,INV-102140
TXN-003405,2025-05-08,15:40,Thursday,Finance,Vendor_010,Misc,12.6,60000,Approver_04,INV-102141
TXN-001846,2025-05-08,12:21,Thursday,Marketing,Vendor_017,Misc,41.8,25000,Approver_15,INV-102142
TXN-001268,2025-05-08,11:02,Thursday,IT,Vendor_038,Consulting,387.53,40000,Approver_12,INV-102143
TXN-000026,2025-05-08,14:11,Thursday,IT,Vendor_045,Consulting,432.85,40000,Approver_14,INV-102144
TXN-005692,2025-05-08,18:24,Thursday,Procurement,Vendor_018,Utilities,2974.25,50000,Approver_12,INV-102145
TXN-002679,2025-05-08,12:27,Thursday,HR,Vendor_002,Supplies,285.67,15000,Approver_05,INV-102146
TXN-000791,2025-05-08,16:35,Thursday,Operations,Vendor_030,Software,386.16,30000,Approver_12,INV-102147
TXN-005730,2025-05-08,16:12,Thursday,Finance,Vendor_031,Supplies,115.02,60000,Approver_01,INV-102148
TXN-000021,2025-05-08,14:39,Thursday,Procurement,Vendor_007,Software,-4627.23,50000,Approver_14,INV-102149
TXN-003828,2025-05-08,18:40,Thursday,HR,Vendor_023,Software,26.66,15000,Approver_04,INV-102150
TXN-004026,2025-05-08,11:08,Thursday,HR,Vendor_027,Software,2338.02,15000,Approver_04,INV-102151
TXN-002578,2025-05-08,12:41,Thursday,IT,Vendor_018,Supplies,49.58,40000,Approver_14,INV-102152
TXN-005725,2025-05-08,14:20,Thursday,Sales,Vendor_046,Supplies,248.78,20000,Approver_15,INV-102153
TXN-001234,2025-05-08,12:06,Thursday,IT,Vendor_042,Equipment,39.03,40000,Approver_04,INV-102154
TXN-003649,2025-05-08,16:22,Thursday,Finance,Vendor_008,Equipment,4656.64,60000,Approver_12,INV-102155
TXN-001910,2025-05-08,11:15,Thursday,Marketing,Vendor_048,Travel,41.73,25000,Approver_07,INV-102156
TXN-000594,2025-05-08,09:07,Thursday,IT,Vendor_009,Travel,91.5,40000,Approver_14,INV-102157
TXN-005790,2025-05-09,12:56,Friday,Procurement,Vendor_045,Consulting,4753.59,50000,Approver_03,INV-102158
TXN-002365,2025-05-09,17:25,Friday,Sales,Vendor_024,Consulting,28507.53,20000,Approver_06,INV-102159
TXN-003954,2025-05-09,13:09,Friday,Finance,Vendor_025,Utilities,1027.5,60000,Approver_07,INV-102160
TXN-001472,2025-05-09,10:17,Friday,Operations,Vendor_059,Consulting,45.57,30000,Approver_13,INV-102161
TXN-000636,2025-05-09,09:41,Friday,Procurement,Vendor_053,Supplies,12.75,50000,Approver_13,INV-102162
TXN-002512,2025-05-09,18:27,Friday,Finance,Vendor_058,Utilities,63726.78,60000,Approver_06,INV-102163
TXN-004831,2025-05-09,14:35,Friday,Finance,Vendor_050,Utilities,117.74,60000,Approver_05,INV-102164
TXN-001382,2025-05-09,09:00,Friday,Finance,Vendor_045,Utilities,59.71,60000,Approver_01,INV-102160
TXN-001303,2025-05-09,11:24,Friday,Procurement,Vendor_055,Misc,881.15,50000,Approver_01,INV-102166
TXN-005199,2025-05-09,15:24,Friday,Finance,Vendor_009,Utilities,58081.89,60000,Approver_02,INV-102167
TXN-005363,2025-05-09,11:25,Friday,Marketing,Vendor_055,Travel,829.19,25000,Approver_15,INV-102168
TXN-003112,2025-05-09,12:23,Friday,Operations,Vendor_024,Software,624.36,30000,Approver_08,INV-102169
TXN-000569,2025-05-09,15:37,Friday,Sales,Vendor_006,Travel,29.84,20000,Approver_07,INV-102170
TXN-004020,2025-05-09,18:43,Friday,Procurement,Vendor_021,Consulting,8310.47,50000,Approver_13,INV-102171
TXN-004419,2025-05-09,11:22,Friday,HR,Vendor_042,Supplies,217.07,15000,Approver_12,INV-102172
TXN-000750,2025-05-09,10:32,Friday,Operations,Vendor_016,Equipment,7500.0,30000,Approver_15,INV-102173
TXN-002460,2025-05-09,10:20,Friday,Marketing,Vendor_044,Software,20.61,25000,Approver_15,INV-102174
TXN-000201,2025-05-09,16:47,Friday,Procurement,Vendor_055,Supplies,49283.37,50000,Approver_05,INV-102175
TXN-004275,2025-05-09,15:17,Friday,Sales,Vendor_038,Utilities,18200.39,20000,Approver_08,INV-102176
TXN-002661,2025-05-09,10:34,Friday,HR,Vendor_046,Misc,646.79,15000,Approver_13,INV-102177
TXN-000554,2025-05-11,01:32,Sunday,Procurement,Vendor_044,Travel,74.58,50000,Approver_10,INV-102178
TXN-000642,2025-05-12,14:52,Monday,Procurement,Vendor_030,Utilities,47513.83,50000,Approver_08,INV-102179
TXN-004268,2025-05-12,12:29,Monday,Sales,Vendor_047,Supplies,492.33,20000,Approver_08,INV-102180
TXN-003661,2025-05-12,14:24,Monday,Sales,Vendor_036,Supplies,73.45,20000,Approver_10,INV-102181
TXN-004671,2025-05-12,16:08,Monday,Marketing,Vendor_047,Software,45.01,25000,Approver_13,INV-102182
TXN-000309,2025-05-12,17:28,Monday,IT,Vendor_044,Supplies,17.64,40000,Approver_15,INV-102183
TXN-005926,2025-05-12,17:07,Monday,Sales,Vendor_051,Consulting,508.91,20000,Approver_07,INV-102184
TXN-005491,2025-05-12,11:34,Monday,Marketing,Vendor_039,Software,711.93,25000,Approver_05,INV-102185
TXN-005193,2025-05-12,14:57,Monday,HR,Vendor_029,Software,1215.32,15000,Approver_07,INV-102186
TXN-001665,2025-05-12,10:07,Monday,Marketing,Vendor_009,Utilities,79799.95,25000,Approver_08,INV-102187
TXN-001351,2025-05-12,16:16,Monday,Sales,Vendor_028,Equipment,2802.48,20000,Approver_13,INV-102188
TXN-004289,2025-05-12,13:06,Monday,Finance,Vendor_026,Software,218.64,60000,Approver_09,INV-102189
TXN-000700,2025-05-12,09:43,Monday,Sales,Vendor_047,Supplies,378.93,20000,Approver_03,INV-102190
TXN-005008,2025-05-12,11:46,Monday,Sales,Vendor_053,Utilities,21.84,20000,Approver_03,INV-102191
TXN-000483,2025-05-12,10:25,Monday,Marketing,Vendor_024,Consulting,11.01,25000,Approver_13,INV-102192
TXN-001047,2025-05-12,11:55,Monday,Procurement,Vendor_048,Utilities,992.37,50000,Approver_04,INV-102193
TXN-005643,2025-05-12,10:49,Monday,Sales,Vendor_030,Consulting,323.93,20000,Approver_05,INV-102194
TXN-002706,2025-05-12,08:31,Monday,Finance,Vendor_003,Software,1650.25,60000,Approver_12,INV-102195
TXN-003398,2025-05-12,17:04,Monday,Operations,Vendor_018,Equipment,6222.43,30000,Approver_14,INV-102196
TXN-002163,2025-05-12,16:23,Monday,Procurement,Vendor_007,Software,61.96,50000,Approver_10,INV-102197
TXN-002366,2025-05-12,18:31,Monday,Procurement,Vendor_005,Equipment,-4504.83,50000,Approver_10,INV-102198
TXN-000844,2025-05-12,16:32,Monday,Sales,Vendor_054,Supplies,620.0,20000,Approver_01,INV-102199
TXN-000530,2025-05-12,14:33,Monday,Sales,Vendor_016,Consulting,2049.14,20000,Approver_05,INV-102200
TXN-003847,2025-05-12,11:43,Monday,Sales,Vendor_049,Utilities,19386.2,20000,Approver_09,INV-102201
TXN-000774,2025-05-12,13:09,Monday,Sales,Vendor_041,Consulting,-4217.82,20000,Approver_03,INV-102202
TXN-001730,2025-05-12,16:50,Monday,Procurement,Vendor_036,Supplies,24.04,50000,Approver_12,INV-102203
TXN-000827,2025-05-12,10:20,Monday,IT,Vendor_055,Supplies,57.61,40000,Approver_13,INV-102204
TXN-004796,2025-05-12,16:45,Monday,IT,Vendor_004,Misc,92721.04,40000,Approver_02,INV-102205
TXN-003397,2025-05-13,12:40,Tuesday,Sales,Vendor_032,Misc,1996.92,20000,Approver_02,INV-102206
TXN-001030,2025-05-13,15:45,Tuesday,Procurement,Vendor_048,Equipment,597.87,50000,Approver_10,INV-102207
TXN-004974,2025-05-13,14:51,Tuesday,Finance,Vendor_032,Equipment,112.12,60000,Approver_09,INV-102208
TXN-004862,2025-05-13,18:13,Tuesday,Sales,Vendor_033,Travel,154.52,20000,Approver_09,INV-102209
TXN-000666,2025-05-13,18:56,Tuesday,Procurement,Vendor_012,Equipment,5981.66,50000,Approver_15,INV-102210
TXN-005572,2025-05-13,17:53,Tuesday,Finance,Vendor_035,Utilities,934.8,60000,Approver_05,INV-102211
TXN-005625,2025-05-13,16:59,Tuesday,Finance,Vendor_039,Travel,37.34,60000,Approver_13,INV-102212
TXN-004494,2025-05-13,09:59,Tuesday,Procurement,Vendor_022,Supplies,7941.41,50000,Approver_13,INV-102213
TXN-000621,2025-05-13,08:37,Tuesday,Sales,Vendor_059,Software,73.48,20000,Approver_10,INV-102214
TXN-001915,2025-05-13,15:14,Tuesday,Sales,Vendor_028,Utilities,4590.09,20000,Approver_12,INV-102215
TXN-003521,2025-05-13,10:57,Tuesday,IT,Vendor_024,Misc,3565.63,40000,Approver_15,INV-102216
TXN-000609,2025-05-13,15:41,Tuesday,Marketing,Vendor_044,Supplies,943.85,25000,Approver_10,INV-102217
TXN-002180,2025-05-13,08:27,Tuesday,Marketing,Vendor_052,Consulting,11.37,25000,Approver_06,INV-102218
TXN-004887,2025-05-13,12:03,Tuesday,HR,Vendor_043,Software,271.48,15000,Approver_14,INV-102219
TXN-001370,2025-05-13,14:11,Tuesday,Procurement,Vendor_049,Travel,1496.84,50000,Approver_05,INV-102220
TXN-001540,2025-05-13,15:44,Tuesday,HR,Vendor_002,Software,441.67,15000,Approver_02,INV-102221
TXN-000764,2025-05-13,13:48,Tuesday,Procurement,Vendor_013,Utilities,995.85,50000,Approver_01,INV-102222
TXN-004591,2025-05-13,16:16,Tuesday,IT,Vendor_042,Supplies,65.29,40000,Approver_11,INV-102223
TXN-002548,2025-05-13,11:59,Tuesday,Marketing,Vendor_058,Supplies,3814.21,25000,Approver_01,INV-102224
TXN-001135,2025-05-13,13:19,Tuesday,HR,Vendor_017,Equipment,300.01,15000,Approver_06,INV-102225
TXN-001458,2025-05-13,12:01,Tuesday,HR,Vendor_027,Software,41.04,15000,Approver_08,INV-102226
TXN-002617,2025-05-13,12:14,Tuesday,Procurement,Vendor_033,Consulting,500.26,50000,Approver_02,INV-102227
TXN-002533,2025-05-13,08:52,Tuesday,Finance,Vendor_059,Equipment,20000.0,60000,Approver_13,INV-102228
TXN-000786,2025-05-13,12:24,Tuesday,Sales,Vendor_022,Consulting,2338.77,20000,Approver_13,INV-102229
TXN-003154,2025-05-13,16:43,Tuesday,HR,Vendor_050,Supplies,65.27,15000,Approver_03,INV-102230
TXN-005538,2025-05-13,11:49,Tuesday,IT,Vendor_001,Utilities,46576.88,40000,Approver_02,INV-102231
TXN-002299,2025-05-14,14:43,Wednesday,Finance,Vendor_039,Software,20000.0,60000,Approver_10,INV-102232
TXN-005095,2025-05-14,16:45,Wednesday,Finance,Vendor_027,Software,852.68,60000,Approver_03,INV-102233
TXN-001771,2025-05-14,18:38,Wednesday,IT,Vendor_038,Travel,8511.91,40000,Approver_09,INV-102234
TXN-001941,2025-05-14,17:10,Wednesday,Sales,Vendor_049,Consulting,18374.69,20000,Approver_08,INV-102235
TXN-004349,2025-05-14,13:51,Wednesday,Sales,Vendor_014,Travel,4963.75,20000,Approver_12,INV-102236
TXN-001596,2025-05-14,15:05,Wednesday,IT,Vendor_043,Equipment,294.61,40000,Approver_14,INV-102237
TXN-001982,2025-05-14,12:12,Wednesday,Sales,Vendor_054,Consulting,17851.69,20000,Approver_02,INV-102238
TXN-004941,2025-05-14,09:59,Wednesday,Marketing,Vendor_017,Supplies,118.65,25000,Approver_07,INV-102239
TXN-003699,2025-05-14,14:54,Wednesday,HR,Vendor_008,Utilities,-4922.02,15000,Approver_04,INV-102240
TXN-000557,2025-05-14,15:15,Wednesday,Sales,Vendor_045,Software,-3002.35,20000,Approver_01,INV-102241
TXN-004482,2025-05-14,12:08,Wednesday,HR,Vendor_031,Misc,497.12,15000,Approver_09,INV-102242
TXN-001957,2025-05-14,15:32,Wednesday,Sales,Vendor_037,Software,1860.87,20000,Approver_04,INV-102243
TXN-000520,2025-05-14,15:24,Wednesday,Marketing,Vendor_034,Software,46.7,25000,Approver_15,INV-102244
TXN-003485,2025-05-14,09:54,Wednesday,HR,Vendor_043,Utilities,181.01,15000,Approver_11,INV-102245
TXN-000242,2025-05-14,15:43,Wednesday,Procurement,Vendor_034,Utilities,79670.22,50000,Approver_09,INV-102246
TXN-000662,2025-05-14,16:37,Wednesday,Procurement,Vendor_055,Utilities,39.28,50000,Approver_12,INV-102247
TXN-000053,2025-05-14,16:44,Wednesday,Operations,Vendor_060,Equipment,11044.85,30000,Approver_06,INV-102248
TXN-003818,2025-05-14,11:33,Wednesday,Finance,Vendor_058,Software,8806.33,60000,Approver_11,INV-102249
TXN-000308,2025-05-15,17:50,Thursday,Operations,Vendor_045,Utilities,79.17,30000,Approver_09,INV-102250
TXN-001956,2025-05-15,17:02,Thursday,Operations,Vendor_008,Utilities,10.34,30000,Approver_05,INV-102251
TXN-003385,2025-05-15,18:10,Thursday,Operations,Vendor_043,Consulting,73.03,30000,Approver_06,INV-102252
TXN-002000,2025-05-15,15:24,Thursday,Marketing,Vendor_025,Misc,2953.41,25000,Approver_04,INV-102253
TXN-000660,2025-05-15,14:11,Thursday,Sales,Vendor_015,Equipment,1000.0,20000,Approver_10,INV-102254
TXN-005940,2025-05-15,12:33,Thursday,Sales,Vendor_058,Consulting,1191.46,20000,Approver_07,INV-102255
TXN-003411,2025-05-15,13:15,Thursday,Operations,Vendor_057,Utilities,206.35,30000,Approver_13,INV-102256
TXN-002277,2025-05-15,17:12,Thursday,Operations,Vendor_021,Equipment,171.52,30000,Approver_08,INV-102257
TXN-004358,2025-05-15,15:55,Thursday,Procurement,Vendor_008,Software,2761.28,50000,Approver_05,INV-102258
TXN-003404,2025-05-15,12:29,Thursday,IT,Vendor_050,Supplies,1493.49,40000,Approver_08,INV-102259
TXN-001227,2025-05-15,11:09,Thursday,Marketing,Vendor_004,Equipment,1768.56,25000,Approver_03,INV-102260
TXN-004087,2025-05-15,10:28,Thursday,Procurement,Vendor_058,Supplies,8407.3,50000,Approver_01,INV-102261
TXN-004212,2025-05-15,11:54,Thursday,Finance,Vendor_044,Supplies,556.35,60000,Approver_12,INV-102262
TXN-005449,2025-05-15,18:22,Thursday,Operations,Vendor_031,Travel,28167.27,30000,Approver_07,INV-102263
TXN-003624,2025-05-15,13:04,Thursday,Sales,Vendor_036,Equipment,2428.48,20000,Approver_07,INV-102264
TXN-001700,2025-05-15,12:54,Thursday,Procurement,Vendor_036,Supplies,426.86,50000,Approver_03,INV-102265
TXN-003332,2025-05-15,14:13,Thursday,Procurement,Vendor_003,Supplies,231.38,50000,Approver_13,INV-102266
TXN-000887,2025-05-15,15:42,Thursday,Procurement,Vendor_050,Software,2131.94,50000,Approver_15,INV-102267
TXN-001928,2025-05-15,15:56,Thursday,IT,Vendor_020,Equipment,5329.67,40000,Approver_12,INV-102268
TXN-002989,2025-05-15,13:25,Thursday,IT,Vendor_058,Travel,31731.61,40000,Approver_01,INV-102269
TXN-002242,2025-05-16,12:04,Friday,IT,Vendor_025,Utilities,69.32,40000,Approver_07,INV-102270
TXN-002539,2025-05-16,11:23,Friday,IT,Vendor_045,Misc,38.63,40000,Approver_03,INV-102271
TXN-004441,2025-05-16,15:14,Friday,IT,Vendor_010,Software,150.74,40000,Approver_03,INV-102272
TXN-002982,2025-05-16,11:45,Friday,Finance,Vendor_058,Travel,743.63,60000,Approver_15,INV-102273
TXN-004075,2025-05-16,12:14,Friday,Sales,Vendor_029,Consulting,16899.55,20000,Approver_10,INV-102274
TXN-003520,2025-05-16,15:55,Friday,HR,Vendor_018,Supplies,7500.0,15000,Approver_05,INV-102275
TXN-002377,2025-05-16,09:16,Friday,Operations,Vendor_024,Travel,27.34,30000,Approver_05,INV-102276
TXN-003122,2025-05-16,11:14,Friday,Finance,Vendor_005,Consulting,6892.82,60000,Approver_10,INV-102277
TXN-002451,2025-05-16,17:40,Friday,Procurement,Vendor_022,Travel,944.89,50000,Approver_03,INV-102278
TXN-003888,2025-05-16,18:51,Friday,IT,Vendor_003,Travel,19.61,40000,Approver_13,INV-102279
TXN-005963,2025-05-16,12:57,Friday,Sales,Vendor_053,Supplies,54.52,20000,Approver_08,INV-102280
TXN-004262,2025-05-16,16:00,Friday,IT,Vendor_047,Software,37131.19,40000,Approver_07,INV-102281
TXN-000173,2025-05-16,11:35,Friday,IT,Vendor_011,Misc,2511.34,40000,Approver_10,INV-102282
TXN-003626,2025-05-16,12:19,Friday,HR,Vendor_019,Utilities,124.37,15000,Approver_05,INV-102283
TXN-002025,2025-05-16,14:25,Friday,Marketing,Vendor_056,Utilities,1000.0,25000,Approver_08,INV-102284
TXN-004990,2025-05-16,10:32,Friday,Finance,Vendor_003,Misc,670.51,60000,Approver_12,INV-102285
TXN-002997,2025-05-16,16:23,Friday,Operations,Vendor_004,Utilities,471.97,30000,Approver_12,INV-102286
TXN-005900,2025-05-16,08:16,Friday,Operations,Vendor_041,Misc,-3174.59,30000,Approver_14,INV-102287
TXN-002742,2025-05-16,12:51,Friday,Operations,Vendor_018,Software,1109.93,30000,Approver_13,INV-102288
TXN-001194,2025-05-16,11:55,Friday,Marketing,Vendor_033,Software,94728.96,25000,Approver_06,INV-102289
TXN-005551,2025-05-16,10:11,Friday,IT,Vendor_026,Supplies,221.38,40000,Approver_14,INV-102290
TXN-003166,2025-05-16,15:04,Friday,IT,Vendor_011,Supplies,273.21,40000,Approver_12,INV-102291
TXN-005729,2025-05-16,11:21,Friday,Operations,Vendor_037,Supplies,2152.62,30000,Approver_06,INV-102292
TXN-001911,2025-05-16,10:02,Friday,Marketing,Vendor_036,Utilities,14.74,25000,Approver_03,INV-102293
TXN-002281,2025-05-16,17:01,Friday,IT,Vendor_022,Utilities,79.04,40000,Approver_08,INV-102294
TXN-003418,2025-05-16,11:56,Friday,Marketing,Vendor_009,Supplies,26004.8,25000,Approver_08,INV-102295
TXN-001313,2025-05-16,17:54,Friday,Marketing,Vendor_045,Supplies,24534.05,25000,Approver_09,INV-102296
TXN-003241,2025-05-19,12:55,Monday,Marketing,Vendor_003,Consulting,19.03,25000,Approver_03,INV-102297
TXN-000372,2025-05-19,09:29,Monday,HR,Vendor_022,Utilities,103.64,15000,Approver_02,INV-102298
TXN-004392,2025-05-19,10:36,Monday,Operations,Vendor_006,Misc,10934.6,30000,Approver_08,INV-102299
TXN-002720,2025-05-19,22:46,Monday,Sales,Vendor_011,Misc,5236.7,20000,,INV-102300
TXN-002397,2025-05-19,10:39,Monday,Finance,Vendor_013,Utilities,143.39,60000,Approver_09,INV-102301
TXN-004415,2025-05-19,12:48,Monday,Procurement,Vendor_038,Consulting,1302.73,50000,Approver_08,INV-102302
TXN-003941,2025-05-19,13:19,Monday,Marketing,Vendor_051,Consulting,928.04,25000,Approver_09,INV-102303
TXN-004882,2025-05-19,14:09,Monday,Operations,Vendor_010,Utilities,10000.0,30000,Approver_15,INV-102304
TXN-005400,2025-05-19,16:12,Monday,Sales,Vendor_042,Travel,11.51,20000,Approver_10,INV-102305
TXN-004743,2025-05-19,09:00,Monday,Marketing,Vendor_003,Supplies,23361.33,25000,Approver_07,INV-102306
TXN-005311,2025-05-19,16:31,Monday,IT,Vendor_022,Utilities,2793.39,40000,Approver_13,INV-102307
TXN-003667,2025-05-19,18:43,Monday,HR,Vendor_016,Software,29009.89,15000,Approver_02,INV-102308
TXN-004021,2025-05-19,11:55,Monday,Marketing,Vendor_030,Utilities,5216.71,25000,Approver_05,INV-102309
TXN-003394,2025-05-19,12:43,Monday,Operations,Vendor_024,Consulting,421.76,30000,Approver_13,INV-102310
TXN-001718,2025-05-19,14:10,Monday,Operations,Vendor_031,Software,1919.01,30000,Approver_08,INV-102311
TXN-000902,2025-05-19,09:25,Monday,Marketing,Vendor_031,Consulting,7500.0,25000,Approver_13,INV-102312
TXN-003570,2025-05-19,15:20,Monday,Operations,Vendor_010,Travel,10000.0,30000,Approver_05,INV-102313
TXN-002213,2025-05-19,12:35,Monday,Sales,Vendor_031,Utilities,12.69,20000,Approver_05,INV-102314
TXN-004988,2025-05-19,12:58,Monday,Finance,Vendor_019,Utilities,59345.73,60000,Approver_06,INV-102315
TXN-002080,2025-05-20,15:37,Tuesday,Finance,Vendor_031,Consulting,5089.72,60000,Approver_08,INV-102316
TXN-000543,2025-05-20,16:31,Tuesday,Procurement,Vendor_018,Utilities,460.64,50000,Approver_10,INV-102317
TXN-005158,2025-05-20,15:54,Tuesday,Finance,Vendor_005,Misc,86497.04,60000,Approver_03,INV-102318
TXN-003804,2025-05-20,14:02,Tuesday,Finance,Vendor_041,Equipment,1465.55,60000,Approver_10,INV-102319
TXN-004506,2025-05-20,08:19,Tuesday,HR,Vendor_010,Misc,474.45,15000,Approver_15,INV-102320
TXN-004926,2025-05-20,11:07,Tuesday,Finance,Vendor_049,Utilities,160.59,60000,Approver_08,INV-102321
TXN-002765,2025-05-20,15:32,Tuesday,Procurement,Vendor_014,Software,624.29,50000,Approver_11,INV-102322
TXN-000477,2025-05-20,12:52,Tuesday,Finance,Vendor_054,Utilities,539.99,60000,Approver_13,INV-102323
TXN-003309,2025-05-20,13:44,Tuesday,Sales,Vendor_037,Equipment,-384.47,20000,Approver_15,INV-102324
TXN-001938,2025-05-20,15:06,Tuesday,Sales,Vendor_010,Misc,19833.5,20000,Approver_14,INV-102325
TXN-002683,2025-05-20,10:18,Tuesday,Sales,Vendor_021,Misc,7500.0,20000,Approver_07,INV-102326
TXN-005428,2025-05-20,09:10,Tuesday,Sales,Vendor_043,Utilities,189.95,20000,Approver_11,INV-102327
TXN-005190,2025-05-20,09:15,Tuesday,Marketing,Vendor_006,Supplies,359.0,25000,Approver_02,INV-102328
TXN-001650,2025-05-20,09:15,Tuesday,Operations,Vendor_051,Equipment,774.84,30000,Approver_15,INV-102329
TXN-003581,2025-05-20,14:14,Tuesday,HR,Vendor_053,Misc,3196.57,15000,Approver_09,INV-102330
TXN-002769,2025-05-20,16:20,Tuesday,HR,Vendor_058,Travel,905.46,15000,Approver_15,INV-102331
TXN-002770,2025-05-20,15:57,Tuesday,IT,Vendor_008,Equipment,38708.31,40000,Approver_11,INV-102332
TXN-005165,2025-05-20,11:57,Tuesday,Finance,Vendor_044,Travel,129.03,60000,Approver_09,INV-102333
TXN-001284,2025-05-20,11:13,Tuesday,Operations,Vendor_059,Travel,2930.67,30000,Approver_12,INV-102334
TXN-004335,2025-05-20,14:28,Tuesday,Operations,Vendor_011,Travel,9489.38,30000,Approver_14,INV-102335
TXN-000647,2025-05-20,13:13,Tuesday,Marketing,Vendor_043,Travel,204.35,25000,Approver_10,INV-102336
TXN-002108,2025-05-21,15:47,Wednesday,HR,Vendor_011,Travel,696.49,15000,Approver_02,INV-102337
TXN-002878,2025-05-21,15:39,Wednesday,IT,Vendor_024,Consulting,247.21,40000,Approver_11,INV-102338
TXN-003615,2025-05-21,15:31,Wednesday,Marketing,Vendor_009,Utilities,626.96,25000,Approver_05,INV-102339
TXN-003826,2025-05-21,13:29,Wednesday,IT,Vendor_030,Equipment,136.18,40000,Approver_05,INV-102340
TXN-003627,2025-05-21,12:30,Wednesday,Marketing,Vendor_049,Supplies,8327.8,25000,Approver_05,INV-102341
TXN-000746,2025-05-21,14:57,Wednesday,Procurement,Vendor_060,Supplies,28.6,50000,Approver_13,INV-102342
TXN-002402,2025-05-21,16:13,Wednesday,Procurement,Vendor_018,Utilities,561.47,50000,Approver_03,INV-102343
TXN-000297,2025-05-21,22:05,Wednesday,IT,Vendor_027,Travel,920.62,40000,Approver_13,INV-102344
TXN-005540,2025-05-21,16:07,Wednesday,Sales,Vendor_030,Consulting,31776.66,20000,Approver_11,INV-102345
TXN-000847,2025-05-21,12:47,Wednesday,Procurement,Vendor_021,Misc,13.16,50000,Approver_11,INV-102346
TXN-003546,2025-05-21,10:37,Wednesday,Marketing,Vendor_047,Software,236.57,25000,Approver_09,INV-102347
TXN-000664,2025-05-21,13:09,Wednesday,Marketing,Vendor_034,Consulting,1661.39,25000,Approver_02,INV-102348
TXN-002043,2025-05-21,18:08,Wednesday,Operations,Vendor_029,Consulting,108.52,30000,Approver_09,INV-102349
TXN-003436,2025-05-21,18:44,Wednesday,Operations,Vendor_052,Equipment,192.95,30000,Approver_03,INV-102350
TXN-002022,2025-05-21,12:53,Wednesday,IT,Vendor_045,Software,13194.12,40000,,INV-102347
TXN-003374,2025-05-21,16:29,Wednesday,IT,Vendor_040,Utilities,25.07,40000,Approver_10,INV-102352
TXN-001023,2025-05-21,17:58,Wednesday,Finance,Vendor_051,Misc,77.02,60000,Approver_05,INV-102353
TXN-001004,2025-05-21,11:03,Wednesday,Marketing,Vendor_012,Travel,4043.15,25000,Approver_14,INV-102354
TXN-002335,2025-05-21,15:44,Wednesday,IT,Vendor_056,Utilities,142.85,40000,Approver_11,INV-102355
TXN-000172,2025-05-21,12:33,Wednesday,HR,Vendor_047,Software,41.43,15000,Approver_14,INV-102356
TXN-002664,2025-05-21,16:32,Wednesday,Sales,Vendor_051,Supplies,973.65,20000,Approver_04,INV-102357
TXN-005159,2025-05-21,15:27,Wednesday,Finance,Vendor_048,Equipment,96.11,60000,Approver_13,INV-102358
TXN-003123,2025-05-22,12:33,Thursday,Marketing,Vendor_003,Consulting,1170.27,25000,Approver_10,INV-102359
TXN-001108,2025-05-22,08:31,Thursday,Operations,Vendor_026,Software,9059.56,30000,Approver_12,INV-102360
TXN-002014,2025-05-22,12:37,Thursday,Marketing,Vendor_029,Supplies,35.95,25000,Approver_13,INV-102361
TXN-002441,2025-05-22,11:05,Thursday,Operations,Vendor_038,Equipment,8240.51,30000,Approver_08,INV-102362
TXN-004449,2025-05-22,15:42,Thursday,Sales,Vendor_026,Consulting,40448.35,20000,Approver_03,INV-102363
TXN-000894,2025-05-22,15:22,Thursday,Operations,Vendor_013,Equipment,217.37,30000,Approver_07,INV-102364
TXN-003530,2025-05-22,09:32,Thursday,Sales,Vendor_055,Utilities,46026.05,20000,Approver_14,INV-102365
TXN-003251,2025-05-22,14:11,Thursday,Marketing,Vendor_001,Supplies,250.16,25000,Approver_10,INV-102366
TXN-001660,2025-05-22,12:29,Thursday,Operations,Vendor_044,Consulting,32063.09,30000,Approver_01,INV-102361
TXN-000840,2025-05-22,17:32,Thursday,Procurement,Vendor_033,Equipment,686.47,50000,Approver_06,INV-102368
TXN-004060,2025-05-22,15:11,Thursday,Marketing,Vendor_039,Consulting,609.0,25000,Approver_05,INV-102369
TXN-000392,2025-05-22,09:49,Thursday,Finance,Vendor_020,Utilities,4070.97,60000,Approver_12,INV-102370
TXN-001812,2025-05-22,15:38,Thursday,Sales,Vendor_018,Utilities,835.99,20000,Approver_04,INV-102371
TXN-002704,2025-05-22,10:34,Thursday,Finance,Vendor_002,Software,5542.39,60000,Approver_05,INV-102372
TXN-005895,2025-05-22,14:29,Thursday,Operations,Vendor_012,Misc,29273.33,30000,Approver_02,INV-102373
TXN-005372,2025-05-22,17:13,Thursday,Marketing,Vendor_006,Misc,35.28,25000,Approver_13,INV-102374
TXN-003625,2025-05-22,08:41,Thursday,Finance,Vendor_016,Supplies,146.9,60000,Approver_04,INV-102375
TXN-002088,2025-05-22,13:17,Thursday,IT,Vendor_013,Software,-3415.38,40000,Approver_13,INV-102376
TXN-001558,2025-05-22,18:33,Thursday,Operations,Vendor_009,Supplies,1027.13,30000,Approver_15,INV-102377
TXN-003440,2025-05-22,12:03,Thursday,IT,Vendor_013,Supplies,52265.71,40000,Approver_07,INV-102378
TXN-005864,2025-05-22,15:02,Thursday,Sales,Vendor_038,Equipment,41254.07,20000,Approver_13,INV-102379
TXN-004051,2025-05-22,16:36,Thursday,Finance,Vendor_032,Travel,16400.68,60000,Approver_13,INV-102380
TXN-000229,2025-05-22,15:57,Thursday,Marketing,Vendor_019,Consulting,13962.56,25000,Approver_05,INV-102381
TXN-005324,2025-05-22,09:17,Thursday,Marketing,Vendor_048,Consulting,84947.63,25000,Approver_07,INV-102382
TXN-002621,2025-05-22,13:09,Thursday,IT,Vendor_054,Travel,151.58,40000,Approver_03,INV-102383
TXN-002860,2025-05-22,17:58,Thursday,Finance,Vendor_020,Consulting,1449.04,60000,Approver_13,INV-102384
TXN-000781,2025-05-23,14:16,Friday,Operations,Vendor_002,Travel,1402.86,30000,Approver_15,INV-102385
TXN-000584,2025-05-23,16:04,Friday,IT,Vendor_018,Software,174.69,40000,Approver_06,INV-102386
TXN-005967,2025-05-23,11:43,Friday,Procurement,Vendor_023,Software,762.19,50000,Approver_03,INV-102387
TXN-003193,2025-05-23,15:53,Friday,Marketing,Vendor_052,Travel,129.44,25000,Approver_09,INV-102388
TXN-002598,2025-05-23,13:23,Friday,Marketing,Vendor_035,Consulting,36912.47,25000,Approver_12,INV-102389
TXN-005032,2025-05-23,12:01,Friday,HR,Vendor_032,Travel,-4704.63,15000,Approver_04,INV-102390
TXN-002623,2025-05-23,16:56,Friday,Sales,Vendor_055,Utilities,167.38,20000,Approver_15,INV-102391
TXN-000649,2025-05-23,11:41,Friday,Procurement,Vendor_039,Consulting,23.73,50000,Approver_09,INV-102392
TXN-003723,2025-05-23,11:34,Friday,IT,Vendor_010,Software,108.38,40000,Approver_05,INV-102393
TXN-003718,2025-05-23,18:38,Friday,Finance,Vendor_048,Travel,666.3,60000,Approver_02,INV-102394
TXN-004598,2025-05-23,17:09,Friday,HR,Vendor_029,Misc,21193.23,15000,Approver_09,INV-102395
TXN-000234,2025-05-23,10:20,Friday,Operations,Vendor_058,Software,1450.84,30000,Approver_13,INV-102396
TXN-001386,2025-05-23,15:51,Friday,Marketing,Vendor_030,Utilities,195.8,25000,Approver_10,INV-102397
TXN-004657,2025-05-23,12:16,Friday,Sales,Vendor_045,Misc,19693.04,20000,Approver_01,INV-102398
TXN-001871,2025-05-23,17:45,Friday,IT,Vendor_048,Utilities,15000.0,40000,Approver_02,INV-102399
TXN-001685,2025-05-23,11:16,Friday,Operations,Vendor_056,Equipment,544.57,30000,Approver_08,INV-102400
TXN-001634,2025-05-23,12:20,Friday,Marketing,Vendor_041,Equipment,23478.26,25000,Approver_03,INV-102401
TXN-001882,2025-05-23,11:42,Friday,Marketing,Vendor_023,Utilities,998.04,25000,Approver_11,INV-102402
TXN-003500,2025-05-23,15:52,Friday,Sales,Vendor_001,Utilities,34.81,20000,Approver_03,INV-102403
TXN-001547,2025-05-23,17:04,Friday,Sales,Vendor_015,Misc,2692.79,20000,Approver_08,INV-102404
TXN-001151,2025-05-26,08:00,Monday,HR,Vendor_053,Equipment,77.38,15000,Approver_11,INV-102405
TXN-001953,2025-05-26,13:51,Monday,Finance,Vendor_013,Travel,406.61,60000,Approver_10,INV-102406
TXN-001962,2025-05-26,16:52,Monday,Marketing,Vendor_022,Utilities,12.35,25000,Approver_12,INV-102407
TXN-000889,2025-05-26,11:47,Monday,IT,Vendor_054,Consulting,669.16,40000,Approver_03,INV-102408
TXN-003444,2025-05-26,09:47,Monday,Procurement,Vendor_031,Software,780.02,50000,Approver_03,INV-102409
TXN-003683,2025-05-26,16:40,Monday,Marketing,Vendor_030,Software,169.21,25000,Approver_13,INV-102410
TXN-002224,2025-05-26,10:47,Monday,Operations,Vendor_012,Supplies,119.18,30000,Approver_06,INV-102411
TXN-001207,2025-05-26,11:59,Monday,HR,Vendor_053,Equipment,1170.44,15000,Approver_14,INV-102412
TXN-005771,2025-05-26,18:07,Monday,Operations,Vendor_007,Supplies,599.14,30000,Approver_09,INV-102413
TXN-001190,2025-05-26,14:36,Monday,IT,Vendor_058,Consulting,1000.0,40000,Approver_04,INV-102414
TXN-000106,2025-05-26,14:41,Monday,IT,Vendor_012,Misc,187.96,40000,Approver_09,INV-102415
TXN-003115,2025-05-26,09:57,Monday,HR,Vendor_025,Misc,2130.9,15000,Approver_08,INV-102416
TXN-004668,2025-05-26,12:57,Monday,HR,Vendor_015,Equipment,233.33,15000,Approver_14,INV-102417
TXN-001081,2025-05-26,10:29,Monday,Finance,Vendor_043,Equipment,16.64,60000,Approver_06,INV-102418
TXN-002524,2025-05-26,11:02,Monday,Marketing,Vendor_044,Consulting,1351.64,25000,Approver_05,INV-102419
TXN-001136,2025-05-26,09:52,Monday,Procurement,Vendor_020,Supplies,504.42,50000,Approver_06,INV-102420
TXN-005304,2025-05-26,14:18,Monday,Finance,Vendor_037,Travel,2547.0,60000,Approver_14,INV-102421
TXN-003505,2025-05-26,11:35,Monday,Sales,Vendor_024,Utilities,9675.78,20000,Approver_11,INV-102422
TXN-001711,2025-05-26,12:36,Monday,HR,Vendor_041,Misc,7092.61,15000,Approver_10,INV-102423
TXN-001474,2025-05-26,16:05,Monday,Procurement,Vendor_049,Supplies,821.67,50000,Approver_01,INV-102424
TXN-004009,2025-05-26,14:44,Monday,Marketing,Vendor_042,Software,4703.24,25000,Approver_05,INV-102425
TXN-002732,2025-05-26,11:48,Monday,IT,Vendor_034,Software,3785.23,40000,Approver_10,INV-102426
TXN-001481,2025-05-26,12:11,Monday,Marketing,Vendor_005,Misc,46.59,25000,Approver_14,INV-102427
TXN-000973,2025-05-26,08:33,Monday,IT,Vendor_047,Supplies,2215.45,40000,Approver_08,INV-102428
TXN-000300,2025-05-26,15:34,Monday,Sales,Vendor_036,Misc,112.81,20000,Approver_02,INV-102429
TXN-005207,2025-05-26,15:26,Monday,IT,Vendor_051,Supplies,398.87,40000,Approver_13,INV-102430
TXN-001518,2025-05-26,14:41,Monday,HR,Vendor_015,Supplies,13861.51,15000,Approver_11,INV-102431
TXN-005623,2025-05-26,17:01,Monday,Finance,Vendor_006,Consulting,67.08,60000,Approver_14,INV-102432
TXN-003950,2025-05-26,09:25,Monday,Operations,Vendor_059,Software,188.46,30000,Approver_11,INV-102433
TXN-000657,2025-05-26,10:39,Monday,Marketing,Vendor_060,Utilities,44.03,25000,Approver_14,INV-102434
TXN-002388,2025-05-26,16:07,Monday,Marketing,Vendor_014,Software,133.02,25000,Approver_14,INV-102435
TXN-003872,2025-05-26,10:06,Monday,Procurement,Vendor_043,Equipment,49032.76,50000,Approver_05,INV-102436
TXN-001549,2025-05-26,17:31,Monday,IT,Vendor_021,Utilities,559.9,40000,Approver_06,INV-102437
TXN-005327,2025-05-27,16:51,Tuesday,HR,Vendor_001,Supplies,185.63,15000,Approver_03,INV-102438
TXN-005234,2025-05-27,12:33,Tuesday,IT,Vendor_029,Equipment,251.99,40000,Approver_02,INV-102439
TXN-000500,2025-05-27,18:52,Tuesday,IT,Vendor_051,Consulting,9154.1,40000,Approver_08,INV-102440
TXN-002138,2025-05-27,08:01,Tuesday,Marketing,Vendor_028,Consulting,13020.81,25000,Approver_01,INV-102441
TXN-000866,2025-05-27,17:42,Tuesday,Sales,Vendor_033,Software,47656.54,20000,Approver_10,INV-102442
TXN-005877,2025-05-27,10:44,Tuesday,Operations,Vendor_034,Misc,1524.93,30000,Approver_10,INV-102443
TXN-000040,2025-05-27,13:00,Tuesday,Marketing,Vendor_028,Consulting,483.02,25000,Approver_07,INV-102444
TXN-005985,2025-05-27,14:26,Tuesday,Marketing,Vendor_009,Misc,136.86,25000,Approver_11,INV-102445
TXN-001933,2025-05-27,12:41,Tuesday,Procurement,Vendor_006,Software,45570.06,50000,Approver_08,INV-102446
TXN-003610,2025-05-27,18:53,Tuesday,Procurement,Vendor_003,Consulting,8111.76,50000,Approver_02,INV-102447
TXN-005667,2025-05-27,10:38,Tuesday,Finance,Vendor_014,Supplies,103.08,60000,Approver_04,INV-102448
TXN-002055,2025-05-27,10:27,Tuesday,Operations,Vendor_029,Travel,977.68,30000,Approver_09,INV-102449
TXN-001209,2025-05-27,15:33,Tuesday,HR,Vendor_038,Supplies,1241.39,15000,Approver_07,INV-102450
TXN-005899,2025-05-27,14:01,Tuesday,Marketing,Vendor_050,Misc,115.27,25000,Approver_08,INV-102451
TXN-005742,2025-05-27,08:50,Tuesday,IT,Vendor_017,Misc,2718.0,40000,Approver_15,INV-102452
TXN-003932,2025-05-27,11:27,Tuesday,HR,Vendor_022,Utilities,19209.14,15000,Approver_04,INV-102453
TXN-000419,2025-05-27,10:27,Tuesday,Finance,Vendor_049,Consulting,8854.45,60000,Approver_04,INV-102454
TXN-000455,2025-05-27,10:30,Tuesday,Sales,Vendor_032,Supplies,3782.74,20000,Approver_03,INV-102455
TXN-001824,2025-05-27,10:36,Tuesday,Procurement,Vendor_013,Misc,384.15,50000,Approver_03,INV-102456
TXN-005289,2025-05-27,14:47,Tuesday,Sales,Vendor_007,Travel,796.01,20000,Approver_13,INV-102457
TXN-001142,2025-05-27,11:14,Tuesday,Procurement,Vendor_059,Equipment,124.23,50000,Approver_02,INV-102458
TXN-001041,2025-05-27,13:10,Tuesday,IT,Vendor_020,Software,2420.74,40000,Approver_10,INV-102459
TXN-005463,2025-05-27,08:57,Tuesday,Sales,Vendor_014,Supplies,62.99,20000,Approver_06,INV-102460
TXN-003297,2025-05-27,16:02,Tuesday,IT,Vendor_025,Supplies,1665.31,40000,Approver_07,INV-102461
TXN-000149,2025-05-27,18:35,Tuesday,Marketing,Vendor_006,Supplies,7444.45,25000,Approver_03,INV-102462
TXN-004823,2025-05-27,15:06,Tuesday,Procurement,Vendor_007,Misc,94.2,50000,Approver_08,INV-102463
TXN-005954,2025-05-28,22:12,Wednesday,Marketing,Vendor_032,Equipment,358.24,25000,Approver_03,INV-102464
TXN-000339,2025-05-28,15:43,Wednesday,IT,Vendor_014,Misc,743.73,40000,Approver_05,INV-102465
TXN-003378,2025-05-28,16:53,Wednesday,Operations,Vendor_009,Utilities,50.91,30000,Approver_13,INV-102466
TXN-004903,2025-05-28,16:15,Wednesday,Finance,Vendor_023,Supplies,-367.47,60000,Approver_15,INV-102467
TXN-001784,2025-05-28,13:09,Wednesday,HR,Vendor_012,Software,1507.07,15000,Approver_15,INV-102468
TXN-005307,2025-05-28,15:54,Wednesday,IT,Vendor_020,Travel,448.94,40000,Approver_13,INV-102469
TXN-000293,2025-05-28,15:13,Wednesday,Operations,Vendor_004,Equipment,171.65,30000,Approver_15,INV-102470
TXN-005694,2025-05-28,17:42,Wednesday,Marketing,Vendor_013,Misc,53762.42,25000,Approver_15,INV-102471
TXN-005531,2025-05-28,16:20,Wednesday,Marketing,Vendor_053,Supplies,399.55,25000,Approver_13,INV-102468
TXN-005527,2025-05-28,15:03,Wednesday,Finance,Vendor_060,Equipment,465.85,60000,Approver_09,INV-102473
TXN-005374,2025-05-28,14:13,Wednesday,Procurement,Vendor_016,Travel,57107.09,50000,Approver_11,INV-102474
TXN-005718,2025-05-28,09:23,Wednesday,HR,Vendor_032,Software,61.9,15000,Approver_05,INV-102475
TXN-000404,2025-05-28,08:20,Wednesday,Procurement,Vendor_060,Misc,551.62,50000,Approver_12,INV-102476
TXN-004963,2025-05-28,17:35,Wednesday,Procurement,Vendor_032,Supplies,90.16,50000,Approver_14,INV-102477
TXN-005069,2025-05-28,08:18,Wednesday,Operations,Vendor_029,Supplies,16.92,30000,Approver_05,INV-102478
TXN-001233,2025-05-28,11:34,Wednesday,HR,Vendor_055,Consulting,63828.01,15000,Approver_04,INV-102479
TXN-002827,2025-05-28,13:34,Wednesday,Marketing,Vendor_055,Misc,584.24,25000,Approver_14,INV-102480
TXN-002253,2025-05-28,10:18,Wednesday,Finance,Vendor_051,Software,185.47,60000,Approver_12,INV-102481
TXN-005554,2025-05-29,10:04,Thursday,IT,Vendor_018,Misc,93.8,40000,Approver_12,INV-102482
TXN-002738,2025-05-29,18:22,Thursday,HR,Vendor_045,Travel,129.66,15000,Approver_10,INV-102483
TXN-003965,2025-05-29,15:33,Thursday,Finance,Vendor_029,Misc,581.32,60000,Approver_12,INV-102484
TXN-003694,2025-05-29,08:33,Thursday,IT,Vendor_044,Consulting,83.79,40000,Approver_13,INV-102485
TXN-000465,2025-05-29,15:13,Thursday,HR,Vendor_014,Equipment,110.27,15000,Approver_01,INV-102486
TXN-005078,2025-05-29,21:11,Thursday,Procurement,Vendor_048,Software,1082.35,50000,Approver_07,INV-102487
TXN-005046,2025-05-29,12:32,Thursday,Procurement,Vendor_032,Consulting,84700.98,50000,Approver_14,INV-102488
TXN-001243,2025-05-29,17:51,Thursday,Marketing,Vendor_052,Travel,24626.57,25000,Approver_07,INV-102489
TXN-003877,2025-05-29,11:24,Thursday,Operations,Vendor_055,Utilities,11.49,30000,Approver_15,INV-102490
TXN-000210,2025-05-29,18:45,Thursday,HR,Vendor_022,Consulting,5976.51,15000,Approver_11,INV-102491
TXN-001845,2025-05-29,17:33,Thursday,Operations,Vendor_022,Software,361.4,30000,Approver_05,INV-102492
TXN-003041,2025-05-29,15:25,Thursday,Finance,Vendor_024,Supplies,621.42,60000,,INV-102493
TXN-001258,2025-05-29,10:42,Thursday,Procurement,Vendor_015,Equipment,260.41,50000,Approver_15,INV-102494
TXN-004617,2025-05-29,09:56,Thursday,Marketing,Vendor_028,Utilities,662.73,25000,Approver_05,INV-102495
TXN-002980,2025-05-29,14:06,Thursday,HR,Vendor_057,Equipment,12721.09,15000,Approver_05,INV-102496
TXN-002023,2025-05-29,10:11,Thursday,Sales,Vendor_015,Travel,2667.08,20000,Approver_11,INV-102497
TXN-002809,2025-05-29,15:24,Thursday,Sales,Vendor_038,Utilities,185.46,20000,Approver_08,INV-102498
TXN-000389,2025-05-29,18:03,Thursday,IT,Vendor_011,Equipment,2891.79,40000,Approver_14,INV-102499
TXN-005984,2025-05-29,17:26,Thursday,Marketing,Vendor_025,Misc,25.53,25000,Approver_08,INV-102500
TXN-001520,2025-05-29,15:16,Thursday,Finance,Vendor_011,Equipment,2500.0,60000,Approver_12,INV-102501
TXN-002850,2025-05-29,12:08,Thursday,Marketing,Vendor_052,Misc,655.85,25000,Approver_12,INV-102502
TXN-005339,2025-05-29,17:36,Thursday,Operations,Vendor_031,Software,934.97,30000,Approver_09,INV-102503
TXN-000608,2025-05-30,11:47,Friday,Finance,Vendor_031,Software,1000.0,60000,Approver_01,INV-102504
TXN-004697,2025-05-30,15:25,Friday,HR,Vendor_018,Consulting,13551.37,15000,Approver_09,INV-102505
TXN-003754,2025-05-30,14:12,Friday,Finance,Vendor_010,Supplies,859.65,60000,Approver_06,INV-102506
TXN-004013,2025-05-30,10:25,Friday,Finance,Vendor_031,Software,297.33,60000,Approver_07,INV-102507
TXN-000588,2025-05-30,09:58,Friday,Finance,Vendor_047,Misc,57942.8,60000,Approver_07,INV-102508
TXN-003794,2025-05-30,14:43,Friday,Sales,Vendor_052,Software,73186.61,20000,Approver_15,INV-102509
TXN-001987,2025-05-30,16:57,Friday,HR,Vendor_057,Software,455.19,15000,Approver_02,INV-102510
TXN-001879,2025-05-30,13:16,Friday,Operations,Vendor_017,Misc,726.17,30000,Approver_05,INV-102511
TXN-003974,2025-05-30,12:03,Friday,Sales,Vendor_008,Software,54.86,20000,Approver_07,INV-102512
TXN-000150,2025-05-30,11:55,Friday,IT,Vendor_054,Misc,44701.87,40000,Approver_03,INV-102513
TXN-001274,2025-05-30,17:01,Friday,IT,Vendor_007,Travel,20000.0,40000,Approver_09,INV-102514
TXN-005860,2025-05-30,10:51,Friday,Procurement,Vendor_055,Consulting,539.91,50000,Approver_08,INV-102515
TXN-004097,2025-05-30,15:38,Friday,HR,Vendor_051,Misc,479.7,15000,Approver_13,INV-102516
TXN-002256,2025-05-30,10:26,Friday,Procurement,Vendor_045,Equipment,277.54,50000,Approver_06,INV-102517
TXN-000989,2025-05-30,09:36,Friday,IT,Vendor_059,Utilities,25.04,40000,Approver_05,INV-102518
TXN-004763,2025-05-30,08:23,Friday,Finance,Vendor_039,Travel,389.19,60000,Approver_05,INV-102519
TXN-004811,2025-05-30,10:38,Friday,Operations,Vendor_022,Misc,3092.57,30000,Approver_07,INV-102520
TXN-000394,2025-05-30,15:28,Friday,Operations,Vendor_046,Utilities,121.5,30000,Approver_04,INV-102521
TXN-002910,2025-05-30,11:49,Friday,Marketing,Vendor_027,Software,56.62,25000,Approver_01,INV-102522
TXN-000002,2025-05-30,09:23,Friday,IT,Vendor_058,Utilities,1630.57,40000,Approver_05,INV-102523
TXN-004152,2025-05-31,06:30,Saturday,HR,Vendor_037,Equipment,37.13,15000,Approver_04,INV-102524
TXN-003305,2025-06-02,18:31,Monday,Procurement,Vendor_051,Supplies,3315.62,50000,Approver_15,INV-102525
TXN-003015,2025-06-02,14:33,Monday,Finance,Vendor_018,Equipment,354.12,60000,Approver_07,INV-102526
TXN-002845,2025-06-02,12:28,Monday,HR,Vendor_007,Misc,59.96,15000,Approver_15,INV-102527
TXN-000208,2025-06-02,12:13,Monday,Sales,Vendor_044,Consulting,410.15,20000,Approver_14,INV-102528
TXN-000684,2025-06-02,10:27,Monday,Operations,Vendor_001,Equipment,1728.06,30000,Approver_07,INV-102529
TXN-001681,2025-06-02,11:03,Monday,Procurement,Vendor_012,Consulting,262.93,50000,Approver_12,INV-102530
TXN-003584,2025-06-02,18:29,Monday,Finance,Vendor_009,Equipment,18.32,60000,Approver_02,INV-102531
TXN-000744,2025-06-02,12:25,Monday,Finance,Vendor_042,Travel,20.22,60000,Approver_06,INV-102532
TXN-003235,2025-06-02,11:08,Monday,Operations,Vendor_019,Misc,1197.55,30000,Approver_02,INV-102533
TXN-001687,2025-06-02,17:13,Monday,HR,Vendor_053,Consulting,117.94,15000,Approver_06,INV-102534
TXN-003051,2025-06-02,15:50,Monday,IT,Vendor_013,Consulting,412.1,40000,Approver_12,INV-102535
TXN-004680,2025-06-02,16:03,Monday,Operations,Vendor_034,Misc,2124.3,30000,Approver_13,INV-102536
TXN-005090,2025-06-02,11:39,Monday,Procurement,Vendor_048,Consulting,161.82,50000,Approver_08,INV-102537
TXN-005017,2025-06-02,09:41,Monday,Operations,Vendor_046,Travel,239.66,30000,Approver_12,INV-102538
TXN-005096,2025-06-02,09:38,Monday,HR,Vendor_042,Travel,159.4,15000,Approver_02,INV-102539
TXN-002376,2025-06-02,14:51,Monday,Marketing,Vendor_016,Equipment,18940.33,25000,Approver_05,INV-102540
TXN-004628,2025-06-02,10:51,Monday,IT,Vendor_023,Utilities,194.27,40000,Approver_14,INV-102541
TXN-000680,2025-06-02,10:22,Monday,Procurement,Vendor_053,Misc,891.82,50000,Approver_04,INV-102542
TXN-004348,2025-06-02,10:08,Monday,Procurement,Vendor_017,Utilities,22.62,50000,Approver_09,INV-102543
TXN-001521,2025-06-02,11:23,Monday,Sales,Vendor_003,Utilities,154.99,20000,Approver_02,INV-102544
TXN-000388,2025-06-02,11:18,Monday,HR,Vendor_059,Equipment,2394.02,15000,Approver_12,INV-102545
TXN-004681,2025-06-02,09:48,Monday,Finance,Vendor_044,Equipment,4072.48,60000,Approver_12,INV-102546
TXN-003845,2025-06-03,11:33,Tuesday,Marketing,Vendor_047,Travel,14.68,25000,Approver_06,INV-102547
TXN-005942,2025-06-03,10:08,Tuesday,Marketing,Vendor_004,Travel,770.07,25000,Approver_10,INV-102548
TXN-003108,2025-06-03,14:43,Tuesday,Finance,Vendor_060,Misc,15226.9,60000,Approver_07,INV-102549
TXN-003634,2025-06-03,15:08,Tuesday,HR,Vendor_055,Equipment,40.43,15000,Approver_09,INV-102550
TXN-005889,2025-06-03,14:42,Tuesday,Finance,Vendor_022,Equipment,122.94,60000,Approver_07,INV-102551
TXN-001173,2025-06-03,16:01,Tuesday,Operations,Vendor_015,Consulting,5105.33,30000,Approver_09,INV-102552
TXN-004523,2025-06-03,15:22,Tuesday,HR,Vendor_057,Supplies,65381.71,15000,Approver_02,INV-102553
TXN-000145,2025-06-03,12:01,Tuesday,Operations,Vendor_055,Software,15880.31,30000,Approver_15,INV-102554
TXN-002630,2025-06-03,14:58,Tuesday,Marketing,Vendor_023,Travel,370.27,25000,Approver_09,INV-102555
TXN-002685,2025-06-03,14:12,Tuesday,Sales,Vendor_048,Travel,386.26,20000,Approver_03,INV-102556
TXN-002971,2025-06-03,15:42,Tuesday,Sales,Vendor_059,Equipment,26.6,20000,Approver_15,INV-102557
TXN-004871,2025-06-03,10:18,Tuesday,Procurement,Vendor_021,Software,58.53,50000,Approver_01,INV-102558
TXN-005206,2025-06-03,10:00,Tuesday,IT,Vendor_048,Software,2827.45,40000,Approver_02,INV-102559
TXN-005675,2025-06-03,16:29,Tuesday,IT,Vendor_045,Utilities,32.03,40000,Approver_09,INV-102560
TXN-000346,2025-06-03,15:38,Tuesday,Finance,Vendor_019,Software,1000.0,60000,Approver_06,INV-102561
TXN-000281,2025-06-03,18:43,Tuesday,IT,Vendor_033,Utilities,3104.07,40000,Approver_04,INV-102562
TXN-001611,2025-06-03,13:21,Tuesday,HR,Vendor_059,Misc,6626.36,15000,Approver_04,INV-102563
TXN-004390,2025-06-04,17:08,Wednesday,Finance,Vendor_034,Misc,365.14,60000,Approver_15,INV-102564
TXN-002933,2025-06-04,18:56,Wednesday,Operations,Vendor_010,Misc,751.87,30000,Approver_13,INV-102565
TXN-000549,2025-06-04,15:45,Wednesday,Finance,Vendor_015,Travel,296.84,60000,Approver_02,INV-102566
TXN-004341,2025-06-04,09:33,Wednesday,Sales,Vendor_057,Misc,-4678.02,20000,Approver_15,INV-102567
TXN-000390,2025-06-04,15:17,Wednesday,Marketing,Vendor_025,Travel,84.15,25000,Approver_07,INV-102568
TXN-002489,2025-06-04,13:06,Wednesday,Sales,Vendor_030,Misc,8330.58,20000,Approver_09,INV-102569
TXN-003491,2025-06-04,15:04,Wednesday,Operations,Vendor_048,Software,2740.43,30000,Approver_06,INV-102570
TXN-002468,2025-06-04,09:35,Wednesday,HR,Vendor_012,Misc,26594.09,15000,Approver_01,INV-102571
TXN-004928,2025-06-04,09:49,Wednesday,Finance,Vendor_041,Consulting,36.97,60000,Approver_04,INV-102572
TXN-005660,2025-06-04,18:24,Wednesday,HR,Vendor_040,Travel,42.88,15000,Approver_01,INV-102573
TXN-000132,2025-06-04,18:16,Wednesday,HR,Vendor_007,Supplies,14666.62,15000,Approver_06,INV-102574
TXN-005238,2025-06-04,11:51,Wednesday,Procurement,Vendor_005,Supplies,707.76,50000,Approver_15,INV-102575
TXN-003117,2025-06-04,15:09,Wednesday,Finance,Vendor_043,Supplies,484.68,60000,Approver_08,INV-102576
TXN-000778,2025-06-04,14:37,Wednesday,Operations,Vendor_004,Consulting,10000.0,30000,Approver_04,INV-102577
TXN-003162,2025-06-04,09:29,Wednesday,Marketing,Vendor_004,Equipment,152.43,25000,Approver_03,INV-102578
TXN-001161,2025-06-04,09:26,Wednesday,Procurement,Vendor_058,Misc,676.37,50000,Approver_12,INV-102579
TXN-005498,2025-06-04,11:17,Wednesday,Sales,Vendor_013,Software,554.39,20000,Approver_13,INV-102574
TXN-001826,2025-06-04,12:25,Wednesday,HR,Vendor_013,Travel,112.3,15000,Approver_01,INV-102581
TXN-004146,2025-06-04,18:36,Wednesday,Finance,Vendor_037,Utilities,40271.28,60000,Approver_02,INV-102582
TXN-002694,2025-06-04,10:13,Wednesday,Finance,Vendor_021,Travel,75554.21,60000,Approver_10,INV-102573
TXN-004797,2025-06-04,15:40,Wednesday,IT,Vendor_052,Equipment,221.62,40000,Approver_01,INV-102584
TXN-003922,2025-06-04,15:19,Wednesday,Marketing,Vendor_058,Equipment,23.27,25000,Approver_10,INV-102585
TXN-002974,2025-06-04,13:58,Wednesday,IT,Vendor_016,Equipment,109.25,40000,Approver_03,INV-102586
TXN-000412,2025-06-05,16:15,Thursday,HR,Vendor_032,Supplies,576.0,15000,Approver_14,INV-102582
TXN-003869,2025-06-05,14:55,Thursday,Marketing,Vendor_003,Software,652.13,25000,Approver_14,INV-102588
TXN-000393,2025-06-05,13:29,Thursday,Finance,Vendor_026,Consulting,3841.49,60000,Approver_02,INV-102589
TXN-005556,2025-06-05,08:40,Thursday,Sales,Vendor_026,Software,398.42,20000,Approver_01,INV-102590
TXN-001843,2025-06-05,16:18,Thursday,Sales,Vendor_057,Supplies,15.62,20000,Approver_05,INV-102591
TXN-004179,2025-06-05,18:12,Thursday,Sales,Vendor_036,Consulting,358.85,20000,Approver_05,INV-102592
TXN-000695,2025-06-05,12:29,Thursday,Finance,Vendor_024,Equipment,6138.12,60000,Approver_06,INV-102593
TXN-001918,2025-06-05,11:37,Thursday,HR,Vendor_052,Supplies,776.18,15000,Approver_07,INV-102594
TXN-001531,2025-06-05,08:09,Thursday,IT,Vendor_055,Misc,22.72,40000,Approver_10,INV-102595
TXN-002429,2025-06-05,15:32,Thursday,IT,Vendor_050,Consulting,109.41,40000,Approver_01,INV-102596
TXN-000979,2025-06-05,10:18,Thursday,Marketing,Vendor_017,Utilities,10.22,25000,Approver_11,INV-102597
TXN-002408,2025-06-05,14:41,Thursday,Sales,Vendor_023,Misc,48.02,20000,Approver_01,INV-102598
TXN-001418,2025-06-05,15:29,Thursday,IT,Vendor_059,Travel,1146.9,40000,Approver_14,INV-102599
TXN-000981,2025-06-05,14:16,Thursday,Marketing,Vendor_028,Travel,115.65,25000,Approver_12,INV-102600
TXN-005840,2025-06-05,11:40,Thursday,Marketing,Vendor_025,Supplies,13.04,25000,Approver_02,INV-102601
TXN-005358,2025-06-05,17:52,Thursday,Sales,Vendor_041,Consulting,4356.54,20000,Approver_08,INV-102602
TXN-002332,2025-06-05,16:13,Thursday,Marketing,Vendor_033,Travel,193.71,25000,Approver_04,INV-102603
TXN-002004,2025-06-05,15:59,Thursday,Finance,Vendor_007,Misc,547.72,60000,Approver_05,INV-102604
TXN-000381,2025-06-05,13:45,Thursday,Procurement,Vendor_015,Software,39.38,50000,Approver_07,INV-102605
TXN-005941,2025-06-05,11:08,Thursday,Sales,Vendor_057,Travel,2627.26,20000,Approver_07,INV-102606
TXN-004854,2025-06-05,18:49,Thursday,HR,Vendor_055,Travel,2524.17,15000,Approver_12,INV-102607
TXN-003143,2025-06-05,18:34,Thursday,Marketing,Vendor_008,Software,558.04,25000,Approver_14,INV-102608
TXN-005853,2025-06-05,11:32,Thursday,Finance,Vendor_006,Misc,347.08,60000,Approver_14,INV-102609
TXN-000828,2025-06-05,12:35,Thursday,Sales,Vendor_013,Consulting,156.51,20000,Approver_05,INV-102610
TXN-000807,2025-06-05,15:17,Thursday,HR,Vendor_059,Equipment,31.73,15000,Approver_12,INV-102606
TXN-005813,2025-06-05,17:31,Thursday,Procurement,Vendor_012,Utilities,116.2,50000,Approver_15,INV-102612
TXN-000159,2025-06-05,17:05,Thursday,Operations,Vendor_037,Software,12.94,30000,Approver_02,INV-102613
TXN-005414,2025-06-05,12:25,Thursday,IT,Vendor_001,Equipment,40.77,40000,Approver_09,INV-102614
TXN-002059,2025-06-05,11:03,Thursday,Operations,Vendor_029,Travel,29510.88,30000,Approver_02,INV-102615
TXN-004949,2025-06-05,12:44,Thursday,Finance,Vendor_033,Utilities,114.54,60000,Approver_01,INV-102616
TXN-002326,2025-06-05,17:24,Thursday,Sales,Vendor_023,Consulting,62.86,20000,Approver_01,INV-102617
TXN-002990,2025-06-06,16:17,Friday,Procurement,Vendor_005,Travel,3759.31,50000,Approver_04,INV-102618
TXN-005299,2025-06-06,11:40,Friday,Operations,Vendor_039,Supplies,2353.89,30000,Approver_02,INV-102619
TXN-002909,2025-06-06,15:09,Friday,HR,Vendor_029,Travel,839.14,15000,Approver_04,INV-102620
TXN-002421,2025-06-06,11:03,Friday,Procurement,Vendor_028,Travel,70.7,50000,Approver_12,INV-102621
TXN-000522,2025-06-06,16:55,Friday,IT,Vendor_027,Travel,421.68,40000,Approver_13,INV-102622
TXN-003149,2025-06-06,10:01,Friday,Procurement,Vendor_025,Consulting,161.5,50000,Approver_08,INV-102623
TXN-003917,2025-06-06,13:46,Friday,HR,Vendor_034,Travel,14197.58,15000,Approver_08,INV-102624
TXN-004728,2025-06-06,10:48,Friday,HR,Vendor_002,Consulting,158.02,15000,Approver_07,INV-102625
TXN-001542,2025-06-06,12:22,Friday,Operations,Vendor_042,Supplies,59.27,30000,,INV-102626
TXN-002537,2025-06-06,12:13,Friday,Procurement,Vendor_037,Consulting,-1275.34,50000,Approver_13,INV-102627
TXN-002137,2025-06-06,12:55,Friday,Procurement,Vendor_038,Utilities,248.7,50000,Approver_01,INV-102628
TXN-004905,2025-06-06,12:04,Friday,Operations,Vendor_020,Consulting,4170.96,30000,Approver_14,INV-102629
TXN-001778,2025-06-06,10:08,Friday,Finance,Vendor_008,Consulting,56603.85,60000,Approver_04,INV-102630
TXN-003198,2025-06-06,15:53,Friday,HR,Vendor_007,Misc,48.91,15000,Approver_04,INV-102631
TXN-000296,2025-06-06,17:56,Friday,Procurement,Vendor_018,Misc,186.38,50000,Approver_12,INV-102632
TXN-002434,2025-06-06,14:39,Friday,Sales,Vendor_044,Consulting,11788.3,20000,Approver_02,INV-102633
TXN-002128,2025-06-06,18:19,Friday,Operations,Vendor_001,Consulting,538.58,30000,Approver_10,INV-102634
TXN-003489,2025-06-08,15:34,Sunday,Finance,Vendor_006,Travel,58.75,60000,Approver_02,INV-102635
TXN-002562,2025-06-09,16:37,Monday,Sales,Vendor_059,Utilities,19359.37,20000,Approver_15,INV-102636
TXN-000995,2025-06-09,13:38,Monday,Sales,Vendor_038,Supplies,98.36,20000,Approver_08,INV-102637
TXN-002358,2025-06-09,08:30,Monday,Sales,Vendor_056,Misc,7254.3,20000,Approver_09,INV-102638
TXN-001817,2025-06-09,18:46,Monday,HR,Vendor_057,Equipment,489.93,15000,Approver_12,INV-102639
TXN-001759,2025-06-09,09:39,Monday,IT,Vendor_019,Travel,1569.9,40000,Approver_01,INV-102640
TXN-001371,2025-06-09,15:39,Monday,Procurement,Vendor_028,Misc,137.41,50000,Approver_11,INV-102641
TXN-001702,2025-06-09,08:09,Monday,Marketing,Vendor_032,Software,231.86,25000,Approver_12,INV-102642
TXN-004337,2025-06-09,15:15,Monday,Operations,Vendor_060,Software,16780.78,30000,Approver_06,INV-102643
TXN-003479,2025-06-09,00:46,Monday,Sales,Vendor_006,Travel,213.08,20000,Approver_10,INV-102644
TXN-002210,2025-06-09,09:40,Monday,IT,Vendor_008,Misc,52.35,40000,Approver_06,INV-102645
TXN-002528,2025-06-09,08:33,Monday,HR,Vendor_018,Utilities,979.6,15000,Approver_13,INV-102646
TXN-000193,2025-06-09,11:01,Monday,Operations,Vendor_002,Utilities,5000.0,30000,Approver_02,INV-102647
TXN-002228,2025-06-09,14:30,Monday,HR,Vendor_051,Travel,4970.06,15000,Approver_05,INV-102648
TXN-000131,2025-06-09,11:29,Monday,Marketing,Vendor_039,Supplies,10025.82,25000,Approver_13,INV-102649
TXN-004130,2025-06-09,12:20,Monday,Operations,Vendor_032,Equipment,25760.89,30000,Approver_08,INV-102650
TXN-005244,2025-06-09,11:53,Monday,Operations,Vendor_017,Utilities,2402.68,30000,Approver_04,INV-102651
TXN-002816,2025-06-09,10:55,Monday,Sales,Vendor_019,Supplies,533.29,20000,Approver_08,INV-102652
TXN-001981,2025-06-09,12:25,Monday,IT,Vendor_007,Supplies,117.52,40000,Approver_11,INV-102653
TXN-002257,2025-06-09,10:24,Monday,Sales,Vendor_010,Supplies,9145.51,20000,Approver_08,INV-102654
TXN-004957,2025-06-09,16:45,Monday,IT,Vendor_001,Supplies,19.54,40000,Approver_04,INV-102655
TXN-002502,2025-06-09,15:43,Monday,Marketing,Vendor_057,Travel,12.01,25000,Approver_10,INV-102656
TXN-004180,2025-06-09,14:59,Monday,Operations,Vendor_045,Misc,1940.99,30000,Approver_11,INV-102657
TXN-004365,2025-06-10,10:45,Tuesday,Finance,Vendor_041,Travel,20787.45,60000,Approver_11,INV-102658
TXN-001339,2025-06-10,16:23,Tuesday,HR,Vendor_020,Consulting,610.4,15000,Approver_05,INV-102659
TXN-005240,2025-06-10,08:36,Tuesday,Marketing,Vendor_037,Software,-4575.76,25000,Approver_06,INV-102660
TXN-000867,2025-06-10,09:13,Tuesday,HR,Vendor_004,Utilities,7500.0,15000,Approver_03,INV-102661
TXN-005992,2025-06-10,14:37,Tuesday,HR,Vendor_039,Misc,17.31,15000,Approver_02,INV-102662
TXN-002864,2025-06-10,12:29,Tuesday,Operations,Vendor_028,Equipment,73535.64,30000,Approver_03,INV-102663
TXN-000230,2025-06-10,10:03,Tuesday,Procurement,Vendor_034,Software,122.7,50000,Approver_01,INV-102664
TXN-004683,2025-06-10,10:37,Tuesday,HR,Vendor_014,Misc,3045.25,15000,Approver_03,INV-102665
TXN-004400,2025-06-10,00:38,Tuesday,Finance,Vendor_044,Equipment,8916.78,60000,Approver_15,INV-102666
TXN-000661,2025-06-10,14:32,Tuesday,Operations,Vendor_026,Travel,160.05,30000,Approver_13,INV-102667
TXN-000144,2025-06-10,14:31,Tuesday,Operations,Vendor_033,Equipment,11814.53,30000,Approver_09,INV-102668
TXN-000739,2025-06-10,09:35,Tuesday,Operations,Vendor_028,Consulting,943.56,30000,Approver_08,INV-102669
TXN-004864,2025-06-10,09:15,Tuesday,Procurement,Vendor_017,Utilities,7479.37,50000,Approver_05,INV-102670
TXN-005884,2025-06-10,16:31,Tuesday,Procurement,Vendor_034,Software,46310.02,50000,Approver_12,INV-102671
TXN-003262,2025-06-10,14:04,Tuesday,IT,Vendor_018,Supplies,125.16,40000,Approver_01,INV-102672
TXN-005047,2025-06-10,11:21,Tuesday,HR,Vendor_012,Supplies,18444.58,15000,Approver_10,INV-102673
TXN-002065,2025-06-10,14:12,Tuesday,Finance,Vendor_021,Travel,3776.86,60000,Approver_14,INV-102674
TXN-001283,2025-06-10,14:00,Tuesday,Finance,Vendor_037,Supplies,835.08,60000,Approver_06,INV-102675
TXN-001299,2025-06-10,13:58,Tuesday,Finance,Vendor_029,Software,110.17,60000,Approver_06,INV-102676
TXN-001428,2025-06-10,17:17,Tuesday,Sales,Vendor_003,Utilities,19024.54,20000,Approver_04,INV-102677
TXN-002580,2025-06-11,11:07,Wednesday,Finance,Vendor_054,Supplies,575.8,60000,Approver_03,INV-102678
TXN-003679,2025-06-11,12:29,Wednesday,Sales,Vendor_037,Travel,47.01,20000,Approver_08,INV-102673
TXN-000062,2025-06-11,13:02,Wednesday,Marketing,Vendor_059,Travel,711.51,25000,Approver_05,INV-102680
TXN-003321,2025-06-11,11:05,Wednesday,Marketing,Vendor_011,Equipment,23316.79,25000,Approver_03,INV-102681
TXN-005634,2025-06-11,16:07,Wednesday,Finance,Vendor_051,Supplies,4583.83,60000,Approver_15,INV-102682
TXN-005952,2025-06-11,15:01,Wednesday,Marketing,Vendor_026,Equipment,6650.8,25000,Approver_03,INV-102683
TXN-001430,2025-06-11,09:37,Wednesday,HR,Vendor_046,Equipment,729.97,15000,Approver_03,INV-102684
TXN-003272,2025-06-11,09:32,Wednesday,Operations,Vendor_053,Travel,12817.27,30000,Approver_12,INV-102685
TXN-002330,2025-06-11,15:05,Wednesday,Operations,Vendor_057,Travel,14.86,30000,Approver_09,INV-102686
TXN-002280,2025-06-11,11:06,Wednesday,Operations,Vendor_058,Software,600.18,30000,Approver_02,INV-102687
TXN-002185,2025-06-11,09:54,Wednesday,Sales,Vendor_033,Travel,753.17,20000,Approver_08,INV-102688
TXN-001977,2025-06-11,10:55,Wednesday,Procurement,Vendor_005,Consulting,182.94,50000,Approver_05,INV-102689
TXN-001310,2025-06-11,15:35,Wednesday,IT,Vendor_035,Utilities,2246.17,40000,Approver_03,INV-102690
TXN-003390,2025-06-11,17:29,Wednesday,Procurement,Vendor_015,Supplies,133.37,50000,Approver_08,INV-102686
TXN-002316,2025-06-11,10:10,Wednesday,Finance,Vendor_019,Utilities,58272.12,60000,Approver_11,INV-102692
TXN-005944,2025-06-11,10:02,Wednesday,Operations,Vendor_044,Travel,102.28,30000,Approver_01,INV-102693
TXN-003638,2025-06-11,15:21,Wednesday,Sales,Vendor_017,Supplies,16.73,20000,Approver_07,INV-102694
TXN-004583,2025-06-11,08:59,Wednesday,IT,Vendor_050,Software,278.43,40000,Approver_02,INV-102689
TXN-002415,2025-06-12,11:48,Thursday,Finance,Vendor_009,Travel,56058.04,60000,Approver_09,INV-102696
TXN-000722,2025-06-12,11:55,Thursday,Marketing,Vendor_026,Software,143.52,25000,Approver_08,INV-102697
TXN-002481,2025-06-12,15:31,Thursday,Procurement,Vendor_054,Supplies,1888.9,50000,Approver_06,INV-102698
TXN-002230,2025-06-12,11:20,Thursday,Finance,Vendor_023,Misc,9443.1,60000,Approver_11,INV-102699
TXN-000385,2025-06-12,14:15,Thursday,HR,Vendor_030,Misc,14013.61,15000,Approver_03,INV-102700
TXN-004745,2025-06-12,15:02,Thursday,Finance,Vendor_014,Consulting,997.95,60000,Approver_15,INV-102701
TXN-004956,2025-06-12,14:35,Thursday,Sales,Vendor_012,Supplies,15000.0,20000,Approver_08,INV-102702
TXN-001733,2025-06-12,11:58,Thursday,Finance,Vendor_002,Misc,54952.32,60000,Approver_10,INV-102703
TXN-003558,2025-06-12,16:03,Thursday,HR,Vendor_054,Utilities,6903.64,15000,Approver_14,INV-102704
TXN-001487,2025-06-12,12:12,Thursday,HR,Vendor_026,Equipment,15375.69,15000,Approver_09,INV-102705
TXN-000025,2025-06-12,15:40,Thursday,Finance,Vendor_008,Misc,10.42,60000,Approver_04,INV-102706
TXN-002019,2025-06-12,12:07,Thursday,HR,Vendor_028,Utilities,6162.12,15000,Approver_11,INV-102707
TXN-004603,2025-06-12,15:34,Thursday,Procurement,Vendor_039,Consulting,48.24,50000,Approver_06,INV-102708
TXN-001896,2025-06-12,16:11,Thursday,Procurement,Vendor_030,Equipment,110.3,50000,Approver_10,INV-102709
TXN-003637,2025-06-12,08:58,Thursday,Finance,Vendor_001,Utilities,5566.11,60000,Approver_05,INV-102710
TXN-002113,2025-06-12,12:06,Thursday,HR,Vendor_034,Consulting,5000.0,15000,Approver_01,INV-102711
TXN-002134,2025-06-12,18:03,Thursday,Marketing,Vendor_022,Consulting,1764.84,25000,Approver_14,INV-102712
TXN-003726,2025-06-12,14:32,Thursday,Procurement,Vendor_036,Travel,13.53,50000,Approver_09,INV-102713
TXN-005447,2025-06-12,17:13,Thursday,Procurement,Vendor_050,Utilities,47.68,50000,Approver_04,INV-102714
TXN-003099,2025-06-12,15:49,Thursday,Sales,Vendor_024,Misc,34.49,20000,Approver_13,INV-102715
TXN-002334,2025-06-13,11:00,Friday,HR,Vendor_036,Software,20.64,15000,Approver_04,INV-102716
TXN-002627,2025-06-13,15:54,Friday,IT,Vendor_054,Supplies,14.44,40000,Approver_11,INV-102717
TXN-002804,2025-06-13,09:02,Friday,Marketing,Vendor_027,Consulting,1394.33,25000,Approver_13,INV-102718
TXN-002628,2025-06-13,13:41,Friday,Operations,Vendor_059,Software,48.93,30000,Approver_06,INV-102719
TXN-000514,2025-06-13,13:11,Friday,HR,Vendor_060,Misc,20000.0,15000,Approver_02,INV-102720
TXN-004827,2025-06-13,10:54,Friday,Procurement,Vendor_038,Software,549.21,50000,Approver_15,INV-102721
TXN-000044,2025-06-13,10:08,Friday,Procurement,Vendor_039,Misc,376.64,50000,Approver_04,INV-102722
TXN-004338,2025-06-13,12:26,Friday,Sales,Vendor_045,Misc,27.73,20000,Approver_05,INV-102723
TXN-005858,2025-06-13,11:41,Friday,Marketing,Vendor_052,Equipment,2274.46,25000,Approver_02,INV-102724
TXN-000644,2025-06-13,09:51,Friday,Operations,Vendor_036,Software,2259.77,30000,Approver_06,INV-102725
TXN-005727,2025-06-13,14:39,Friday,Procurement,Vendor_039,Software,386.35,50000,Approver_09,INV-102726
TXN-004551,2025-06-13,17:26,Friday,Marketing,Vendor_050,Misc,511.66,25000,Approver_13,INV-102727
TXN-004534,2025-06-13,15:52,Friday,Finance,Vendor_006,Misc,752.59,60000,Approver_13,INV-102728
TXN-004546,2025-06-13,10:31,Friday,Marketing,Vendor_052,Travel,14.2,25000,Approver_09,INV-102729
TXN-004982,2025-06-13,13:17,Friday,Operations,Vendor_059,Travel,27753.53,30000,Approver_02,INV-102730
TXN-000712,2025-06-13,13:25,Friday,Finance,Vendor_030,Software,13.36,60000,Approver_06,INV-102731
TXN-003742,2025-06-13,10:02,Friday,HR,Vendor_011,Misc,469.48,15000,Approver_10,INV-102732
TXN-002614,2025-06-13,09:09,Friday,Procurement,Vendor_050,Travel,-754.37,50000,Approver_03,INV-102733
TXN-001797,2025-06-13,09:37,Friday,HR,Vendor_001,Utilities,106.38,15000,Approver_08,INV-102734
TXN-003367,2025-06-13,16:38,Friday,Finance,Vendor_030,Supplies,358.5,60000,Approver_03,INV-102735
TXN-004422,2025-06-13,11:03,Friday,IT,Vendor_024,Consulting,4462.66,40000,Approver_09,INV-102736
TXN-003362,2025-06-13,11:31,Friday,Sales,Vendor_008,Utilities,194.52,20000,Approver_09,INV-102737
TXN-004181,2025-06-13,12:03,Friday,IT,Vendor_029,Travel,432.57,40000,Approver_04,INV-102738
TXN-001095,2025-06-13,10:00,Friday,IT,Vendor_027,Equipment,6035.77,40000,Approver_04,INV-102739
TXN-002935,2025-06-13,11:27,Friday,Marketing,Vendor_037,Equipment,177.24,25000,Approver_04,INV-102740
TXN-001857,2025-06-16,11:09,Monday,Sales,Vendor_006,Software,2122.5,20000,Approver_15,INV-102741
TXN-003333,2025-06-16,13:51,Monday,Procurement,Vendor_057,Software,9050.28,50000,Approver_07,INV-102742
TXN-004993,2025-06-16,16:16,Monday,Marketing,Vendor_002,Equipment,10.61,25000,Approver_03,INV-102743
TXN-001029,2025-06-16,17:00,Monday,Finance,Vendor_020,Travel,5238.15,60000,Approver_10,INV-102744
TXN-005058,2025-06-16,16:42,Monday,HR,Vendor_009,Equipment,70.04,15000,Approver_05,INV-102745
TXN-000180,2025-06-16,15:10,Monday,HR,Vendor_045,Utilities,-3635.48,15000,Approver_10,INV-102746
TXN-004783,2025-06-16,16:44,Monday,Procurement,Vendor_035,Utilities,49668.3,50000,Approver_14,INV-102747
TXN-004754,2025-06-16,17:07,Monday,Operations,Vendor_039,Utilities,3485.31,30000,Approver_05,INV-102748
TXN-000472,2025-06-16,17:53,Monday,Procurement,Vendor_022,Software,12373.72,50000,Approver_13,INV-102749
TXN-002061,2025-06-16,15:58,Monday,Operations,Vendor_009,Consulting,482.86,30000,Approver_10,INV-102750
TXN-001722,2025-06-16,10:51,Monday,Sales,Vendor_038,Equipment,8968.98,20000,Approver_04,INV-102751
TXN-003716,2025-06-16,10:41,Monday,Sales,Vendor_005,Supplies,93.45,20000,Approver_11,INV-102752
TXN-004932,2025-06-16,12:36,Monday,Sales,Vendor_004,Utilities,5327.71,20000,Approver_08,INV-102753
TXN-003146,2025-06-16,18:53,Monday,Marketing,Vendor_008,Consulting,78.54,25000,Approver_04,INV-102754
TXN-003383,2025-06-16,12:37,Monday,Finance,Vendor_032,Travel,45.85,60000,Approver_11,INV-102755
TXN-002480,2025-06-16,13:13,Monday,IT,Vendor_029,Misc,195.87,40000,Approver_01,INV-102756
TXN-000338,2025-06-17,09:00,Tuesday,Procurement,Vendor_012,Consulting,303.57,50000,Approver_14,INV-102757
TXN-004367,2025-06-17,13:15,Tuesday,Procurement,Vendor_003,Utilities,7038.2,50000,Approver_11,INV-102758
TXN-000541,2025-06-17,11:27,Tuesday,IT,Vendor_007,Software,8605.88,40000,Approver_09,INV-102759
TXN-003304,2025-06-17,15:55,Tuesday,Marketing,Vendor_055,Consulting,104.86,25000,Approver_13,INV-102754
TXN-001058,2025-06-17,17:39,Tuesday,Sales,Vendor_027,Supplies,1190.02,20000,Approver_11,INV-102761
TXN-002588,2025-06-17,10:05,Tuesday,IT,Vendor_012,Travel,658.05,40000,Approver_05,INV-102762
TXN-004648,2025-06-17,09:15,Tuesday,Marketing,Vendor_053,Supplies,84.93,25000,Approver_02,INV-102753
TXN-005076,2025-06-17,16:28,Tuesday,HR,Vendor_044,Software,668.16,15000,Approver_05,INV-102764
TXN-004310,2025-06-17,13:31,Tuesday,Procurement,Vendor_046,Consulting,36.05,50000,Approver_11,INV-102765
TXN-000552,2025-06-17,15:20,Tuesday,Finance,Vendor_042,Software,766.44,60000,Approver_13,INV-102766
TXN-001623,2025-06-17,11:46,Tuesday,IT,Vendor_041,Consulting,395.26,40000,Approver_09,INV-102767
TXN-004877,2025-06-17,16:53,Tuesday,Sales,Vendor_054,Utilities,40204.79,20000,Approver_14,INV-102768
TXN-000589,2025-06-17,11:42,Tuesday,Sales,Vendor_015,Consulting,812.7,20000,Approver_09,INV-102769
TXN-002814,2025-06-17,12:45,Tuesday,Operations,Vendor_028,Equipment,11.62,30000,Approver_03,INV-102770
TXN-001480,2025-06-17,15:54,Tuesday,Marketing,Vendor_039,Software,1000.0,25000,Approver_15,INV-102771
TXN-003037,2025-06-17,10:16,Tuesday,Sales,Vendor_042,Utilities,86699.9,20000,Approver_04,INV-102772
TXN-003703,2025-06-17,17:27,Tuesday,Sales,Vendor_006,Consulting,5594.85,20000,Approver_10,INV-102773
TXN-004808,2025-06-17,16:33,Tuesday,Marketing,Vendor_040,Equipment,7500.0,25000,Approver_12,INV-102774
TXN-001535,2025-06-18,10:05,Wednesday,Sales,Vendor_040,Travel,5000.0,20000,Approver_13,INV-102775
TXN-005390,2025-06-18,12:14,Wednesday,HR,Vendor_007,Consulting,162.05,15000,Approver_15,INV-102776
TXN-004271,2025-06-18,16:12,Wednesday,Sales,Vendor_002,Equipment,11.16,20000,Approver_08,INV-102777
TXN-005237,2025-06-18,09:16,Wednesday,IT,Vendor_026,Misc,-1963.91,40000,Approver_11,INV-102778
TXN-000675,2025-06-18,10:32,Wednesday,Marketing,Vendor_035,Software,724.34,25000,Approver_09,INV-102779
TXN-002394,2025-06-18,15:16,Wednesday,HR,Vendor_024,Misc,-3255.22,15000,Approver_10,INV-102775
TXN-003477,2025-06-18,09:31,Wednesday,Sales,Vendor_002,Misc,16.61,20000,Approver_01,INV-102781
TXN-001394,2025-06-18,09:49,Wednesday,HR,Vendor_031,Software,7160.21,15000,Approver_10,INV-102782
TXN-000579,2025-06-18,10:49,Wednesday,HR,Vendor_015,Software,2994.49,15000,Approver_12,INV-102783
TXN-001341,2025-06-18,11:12,Wednesday,Operations,Vendor_004,Travel,131.48,30000,Approver_01,INV-102784
TXN-003858,2025-06-18,17:41,Wednesday,Operations,Vendor_009,Travel,257.72,30000,Approver_09,INV-102785
TXN-005011,2025-06-18,10:13,Wednesday,Procurement,Vendor_029,Equipment,803.7,50000,Approver_11,INV-102786
TXN-003949,2025-06-18,15:50,Wednesday,Sales,Vendor_038,Consulting,223.98,20000,Approver_12,INV-102787
TXN-002741,2025-06-18,17:25,Wednesday,Marketing,Vendor_029,Utilities,2500.0,25000,Approver_12,INV-102788
TXN-005419,2025-06-18,10:29,Wednesday,Procurement,Vendor_004,Software,22.88,50000,Approver_13,INV-102789
TXN-002922,2025-06-18,15:55,Wednesday,HR,Vendor_007,Misc,20009.6,15000,Approver_03,INV-102790
TXN-003137,2025-06-18,15:30,Wednesday,Finance,Vendor_031,Equipment,1234.02,60000,Approver_07,INV-102791
TXN-003775,2025-06-18,13:49,Wednesday,Marketing,Vendor_059,Equipment,472.16,25000,Approver_10,INV-102792
TXN-003528,2025-06-19,16:27,Thursday,Operations,Vendor_055,Supplies,108.92,30000,Approver_12,INV-102793
TXN-001033,2025-06-19,10:24,Thursday,HR,Vendor_014,Travel,2522.28,15000,Approver_02,INV-102794
TXN-002953,2025-06-19,11:06,Thursday,Operations,Vendor_047,Supplies,118.87,30000,Approver_08,INV-102795
TXN-004879,2025-06-19,17:56,Thursday,Finance,Vendor_011,Equipment,124.38,60000,Approver_06,INV-102796
TXN-004610,2025-06-19,16:29,Thursday,Operations,Vendor_058,Software,127.91,30000,Approver_09,INV-102797
TXN-000998,2025-06-19,15:56,Thursday,HR,Vendor_009,Software,1151.59,15000,Approver_13,INV-102798
TXN-000034,2025-06-19,16:53,Thursday,Operations,Vendor_005,Misc,212.15,30000,Approver_12,INV-102799
TXN-001836,2025-06-19,15:17,Thursday,HR,Vendor_009,Consulting,99.14,15000,Approver_08,INV-102800
TXN-003589,2025-06-19,13:30,Thursday,Marketing,Vendor_053,Supplies,28.18,25000,Approver_09,INV-102801
TXN-004381,2025-06-19,12:04,Thursday,HR,Vendor_049,Travel,18.04,15000,Approver_09,INV-102802
TXN-002954,2025-06-19,12:11,Thursday,Marketing,Vendor_035,Misc,475.12,25000,Approver_11,INV-102803
TXN-002033,2025-06-19,11:53,Thursday,Operations,Vendor_003,Equipment,25.03,30000,Approver_11,INV-102804
TXN-003065,2025-06-19,15:25,Thursday,Sales,Vendor_053,Software,40.99,20000,Approver_13,INV-102805
TXN-000948,2025-06-19,16:25,Thursday,HR,Vendor_023,Software,679.98,15000,Approver_05,INV-102806
TXN-004475,2025-06-19,17:46,Thursday,Operations,Vendor_014,Utilities,300.36,30000,Approver_15,INV-102807
TXN-000118,2025-06-19,18:58,Thursday,IT,Vendor_046,Software,3380.16,40000,Approver_03,INV-102808
TXN-004785,2025-06-19,08:34,Thursday,IT,Vendor_021,Utilities,12560.02,40000,Approver_01,INV-102809
TXN-004046,2025-06-19,11:33,Thursday,Marketing,Vendor_012,Misc,327.68,25000,Approver_11,INV-102810
TXN-002637,2025-06-19,13:00,Thursday,Procurement,Vendor_013,Consulting,170.13,50000,Approver_01,INV-102811
TXN-001417,2025-06-19,15:40,Thursday,Marketing,Vendor_053,Travel,1967.15,25000,Approver_06,INV-102812
TXN-005009,2025-06-19,09:03,Thursday,Procurement,Vendor_040,Equipment,14.24,50000,Approver_05,INV-102813
TXN-005201,2025-06-19,14:37,Thursday,Sales,Vendor_009,Supplies,335.75,20000,Approver_09,INV-102814
TXN-005242,2025-06-19,12:29,Thursday,Finance,Vendor_005,Software,282.42,60000,Approver_13,INV-102815
TXN-002484,2025-06-19,13:42,Thursday,Procurement,Vendor_047,Misc,555.35,50000,Approver_10,INV-102816
TXN-003446,2025-06-19,10:19,Thursday,Operations,Vendor_023,Consulting,35.21,30000,Approver_04,INV-102817
TXN-003087,2025-06-19,15:10,Thursday,Marketing,Vendor_028,Supplies,253.61,25000,Approver_09,INV-102818
TXN-005553,2025-06-19,10:42,Thursday,Procurement,Vendor_005,Travel,15.58,50000,Approver_09,INV-102819
TXN-003469,2025-06-19,16:31,Thursday,HR,Vendor_042,Equipment,119.84,15000,Approver_01,INV-102820
TXN-001421,2025-06-19,12:25,Thursday,IT,Vendor_055,Software,312.76,40000,Approver_06,INV-102821
TXN-002209,2025-06-19,18:28,Thursday,Marketing,Vendor_020,Utilities,950.51,25000,Approver_04,INV-102822
TXN-001184,2025-06-19,16:12,Thursday,IT,Vendor_027,Misc,36894.79,40000,Approver_05,INV-102823
TXN-003278,2025-06-20,12:05,Friday,Sales,Vendor_052,Consulting,75291.21,20000,Approver_06,INV-102824
TXN-005652,2025-06-20,16:01,Friday,HR,Vendor_060,Software,272.43,15000,Approver_01,INV-102825
TXN-005113,2025-06-20,11:39,Friday,Finance,Vendor_004,Equipment,14.08,60000,Approver_03,INV-102826
TXN-003161,2025-06-20,16:48,Friday,Marketing,Vendor_032,Misc,2104.48,25000,,INV-102827
TXN-004778,2025-06-20,15:03,Friday,Finance,Vendor_050,Misc,457.45,60000,Approver_05,INV-102822
TXN-005466,2025-06-20,12:29,Friday,Finance,Vendor_021,Software,53.69,60000,Approver_03,INV-102829
TXN-004033,2025-06-20,11:16,Friday,HR,Vendor_049,Misc,182.08,15000,Approver_06,INV-102830
TXN-002977,2025-06-20,11:39,Friday,Sales,Vendor_051,Travel,13084.41,20000,Approver_01,INV-102831
TXN-005583,2025-06-20,11:59,Friday,Finance,Vendor_015,Travel,505.18,60000,Approver_02,INV-102832
TXN-005373,2025-06-20,15:06,Friday,HR,Vendor_015,Equipment,74.47,15000,Approver_02,INV-102833
TXN-003813,2025-06-20,10:30,Friday,Marketing,Vendor_003,Equipment,128.21,25000,Approver_06,INV-102834
TXN-002951,2025-06-20,15:01,Friday,IT,Vendor_029,Utilities,140.69,40000,Approver_11,INV-102835
TXN-004513,2025-06-20,12:02,Friday,Procurement,Vendor_053,Equipment,2000.69,50000,,INV-102836
TXN-006000,2025-06-20,13:11,Friday,Operations,Vendor_013,Equipment,3583.07,30000,Approver_01,INV-102837
TXN-000655,2025-06-20,12:33,Friday,Marketing,Vendor_003,Supplies,117.68,25000,Approver_07,INV-102838
TXN-000897,2025-06-20,09:06,Friday,Marketing,Vendor_055,Equipment,182.49,25000,Approver_13,INV-102839
TXN-000158,2025-06-20,18:56,Friday,Operations,Vendor_049,Travel,29098.75,30000,Approver_05,INV-102840
TXN-000920,2025-06-20,15:58,Friday,Finance,Vendor_030,Misc,13386.16,60000,Approver_09,INV-102836
TXN-002079,2025-06-20,00:47,Friday,HR,Vendor_030,Equipment,3912.37,15000,Approver_01,INV-102842
TXN-001502,2025-06-20,08:20,Friday,Marketing,Vendor_026,Consulting,288.13,25000,Approver_04,INV-102843
TXN-001671,2025-06-20,14:20,Friday,Finance,Vendor_005,Utilities,153.7,60000,Approver_07,INV-102844
TXN-000322,2025-06-22,19:28,Sunday,Marketing,Vendor_018,Software,431.96,25000,Approver_04,INV-102845
TXN-001628,2025-06-23,15:22,Monday,Marketing,Vendor_048,Supplies,7500.0,25000,Approver_08,INV-102846
TXN-005588,2025-06-23,09:31,Monday,Marketing,Vendor_009,Software,1518.3,25000,Approver_06,INV-102847
TXN-002240,2025-06-23,08:05,Monday,Finance,Vendor_017,Travel,5000.0,60000,Approver_07,INV-102848
TXN-002915,2025-06-23,14:21,Monday,IT,Vendor_010,Supplies,39727.78,40000,Approver_13,INV-102849
TXN-002941,2025-06-23,13:50,Monday,Sales,Vendor_050,Equipment,18533.11,20000,Approver_09,INV-102850
TXN-000313,2025-06-23,09:48,Monday,Procurement,Vendor_050,Utilities,31427.69,50000,Approver_08,INV-102851
TXN-005267,2025-06-23,15:39,Monday,Sales,Vendor_007,Utilities,122.74,20000,Approver_12,INV-102852
TXN-003053,2025-06-23,16:27,Monday,Marketing,Vendor_046,Software,5618.31,25000,Approver_03,INV-102853
TXN-005490,2025-06-23,15:25,Monday,HR,Vendor_053,Software,455.87,15000,Approver_10,INV-102854
TXN-005024,2025-06-23,09:11,Monday,IT,Vendor_014,Software,191.79,40000,Approver_06,INV-102855
TXN-001864,2025-06-23,09:03,Monday,HR,Vendor_044,Travel,390.94,15000,Approver_12,INV-102856
TXN-002723,2025-06-23,23:44,Monday,Procurement,Vendor_044,Travel,11.46,50000,Approver_01,INV-102857
TXN-001250,2025-06-23,13:44,Monday,Sales,Vendor_023,Travel,2466.21,20000,Approver_02,INV-102858
TXN-001128,2025-06-23,09:34,Monday,Sales,Vendor_014,Travel,295.88,20000,Approver_12,INV-102859
TXN-001134,2025-06-23,14:07,Monday,IT,Vendor_004,Travel,130.8,40000,Approver_07,INV-102860
TXN-003655,2025-06-23,11:06,Monday,Sales,Vendor_024,Travel,7500.0,20000,Approver_06,INV-102861
TXN-003220,2025-06-23,17:40,Monday,Sales,Vendor_056,Supplies,39381.08,20000,Approver_05,INV-102862
TXN-002336,2025-06-23,18:47,Monday,Finance,Vendor_054,Misc,56435.06,60000,Approver_13,INV-102863
TXN-002600,2025-06-23,10:23,Monday,Operations,Vendor_038,Software,3158.36,30000,Approver_05,INV-102864
TXN-004711,2025-06-23,11:34,Monday,Operations,Vendor_014,Equipment,-2647.35,30000,Approver_09,INV-102865
TXN-001459,2025-06-23,16:30,Monday,Procurement,Vendor_054,Software,118.54,50000,Approver_08,INV-102866
TXN-003098,2025-06-23,14:51,Monday,Operations,Vendor_018,Misc,957.96,30000,Approver_04,INV-102867
TXN-005983,2025-06-23,10:57,Monday,Operations,Vendor_021,Equipment,56.98,30000,Approver_01,INV-102868
TXN-003873,2025-06-23,17:22,Monday,Operations,Vendor_007,Software,1073.12,30000,Approver_02,INV-102869
TXN-003467,2025-06-23,11:30,Monday,Finance,Vendor_021,Equipment,65.87,60000,Approver_09,INV-102870
TXN-001944,2025-06-23,10:11,Monday,HR,Vendor_036,Utilities,56.44,15000,Approver_02,INV-102871
TXN-003727,2025-06-23,09:04,Monday,Sales,Vendor_057,Travel,4902.27,20000,Approver_01,INV-102872
TXN-001728,2025-06-23,18:46,Monday,Operations,Vendor_005,Travel,976.22,30000,Approver_09,INV-102873
TXN-001971,2025-06-23,12:59,Monday,HR,Vendor_007,Consulting,228.86,15000,Approver_04,INV-102874
TXN-002952,2025-06-24,14:09,Tuesday,Operations,Vendor_018,Consulting,5340.0,30000,Approver_07,INV-102875
TXN-002232,2025-06-24,15:41,Tuesday,Marketing,Vendor_017,Utilities,283.94,25000,,INV-102876
TXN-004110,2025-06-24,17:54,Tuesday,Sales,Vendor_020,Equipment,13397.49,20000,Approver_10,INV-102877
TXN-005334,2025-06-24,12:33,Tuesday,IT,Vendor_025,Supplies,64.99,40000,Approver_05,INV-102878
TXN-003909,2025-06-24,13:59,Tuesday,IT,Vendor_041,Travel,25.98,40000,Approver_05,INV-102879
TXN-005602,2025-06-24,10:30,Tuesday,Sales,Vendor_047,Misc,1339.63,20000,Approver_05,INV-102880
TXN-000909,2025-06-24,10:36,Tuesday,Finance,Vendor_023,Supplies,10.23,60000,Approver_01,INV-102881
TXN-000728,2025-06-24,17:36,Tuesday,Finance,Vendor_018,Equipment,346.8,60000,Approver_08,INV-102882
TXN-005431,2025-06-24,11:01,Tuesday,HR,Vendor_016,Travel,9222.93,15000,Approver_03,INV-102883
TXN-002582,2025-06-24,16:29,Tuesday,Operations,Vendor_053,Utilities,2008.9,30000,Approver_10,INV-102884
TXN-000367,2025-06-24,16:32,Tuesday,HR,Vendor_034,Consulting,497.08,15000,Approver_01,INV-102885
TXN-002010,2025-06-24,10:01,Tuesday,Marketing,Vendor_014,Supplies,168.4,25000,Approver_08,INV-102886
TXN-000573,2025-06-24,12:33,Tuesday,Marketing,Vendor_024,Equipment,725.77,25000,Approver_02,INV-102887
TXN-003554,2025-06-24,22:58,Tuesday,HR,Vendor_040,Software,111.94,15000,Approver_14,INV-102888
TXN-000494,2025-06-24,13:20,Tuesday,Marketing,Vendor_060,Utilities,35.75,25000,Approver_03,INV-102889
TXN-000969,2025-06-24,11:27,Tuesday,Sales,Vendor_011,Equipment,25.29,20000,,INV-102890
TXN-005683,2025-06-24,12:15,Tuesday,Sales,Vendor_047,Equipment,80479.77,20000,Approver_13,INV-102891
TXN-004363,2025-06-24,11:31,Tuesday,Operations,Vendor_018,Consulting,3282.7,30000,Approver_03,INV-102892
TXN-004243,2025-06-24,14:17,Tuesday,Marketing,Vendor_049,Utilities,5000.0,25000,Approver_08,INV-102893
TXN-001070,2025-06-24,15:27,Tuesday,HR,Vendor_046,Misc,637.27,15000,Approver_07,INV-102894
TXN-001156,2025-06-24,13:05,Tuesday,IT,Vendor_027,Misc,12129.58,40000,Approver_08,INV-102895
TXN-004465,2025-06-24,16:27,Tuesday,HR,Vendor_032,Travel,45.78,15000,Approver_14,INV-102896
TXN-000298,2025-06-24,10:20,Tuesday,Sales,Vendor_047,Travel,1523.38,20000,Approver_11,INV-102897
TXN-004947,2025-06-25,10:22,Wednesday,Marketing,Vendor_047,Utilities,1178.68,25000,Approver_10,INV-102898
TXN-002104,2025-06-25,12:06,Wednesday,HR,Vendor_030,Misc,145.2,15000,Approver_08,INV-102899
TXN-002924,2025-06-25,15:36,Wednesday,Operations,Vendor_015,Travel,21.9,30000,Approver_15,INV-102900
TXN-005517,2025-06-25,10:48,Wednesday,Sales,Vendor_019,Supplies,1589.81,20000,Approver_12,INV-102901
TXN-000874,2025-06-25,09:54,Wednesday,Sales,Vendor_055,Consulting,73568.41,20000,Approver_02,INV-102902
TXN-001087,2025-06-25,17:58,Wednesday,Finance,Vendor_011,Equipment,90483.81,60000,Approver_02,INV-102903
TXN-001042,2025-06-25,09:23,Wednesday,Sales,Vendor_050,Equipment,-2506.29,20000,Approver_05,INV-102904
TXN-005620,2025-06-25,12:45,Wednesday,HR,Vendor_049,Travel,494.3,15000,Approver_09,INV-102905
TXN-005161,2025-06-25,11:35,Wednesday,Marketing,Vendor_032,Utilities,876.37,25000,Approver_06,INV-102906
TXN-001476,2025-06-25,16:13,Wednesday,Finance,Vendor_014,Utilities,930.81,60000,Approver_01,INV-102902
TXN-004878,2025-06-25,15:53,Wednesday,Operations,Vendor_059,Software,157.9,30000,Approver_07,INV-102908
TXN-003812,2025-06-25,11:07,Wednesday,Marketing,Vendor_021,Misc,12.77,25000,Approver_05,INV-102909
TXN-000239,2025-06-25,10:03,Wednesday,Operations,Vendor_046,Misc,9284.44,30000,Approver_09,INV-102910
TXN-000403,2025-06-25,14:11,Wednesday,Procurement,Vendor_013,Travel,7281.2,50000,Approver_15,INV-102911
TXN-003553,2025-06-25,11:19,Wednesday,HR,Vendor_020,Utilities,44.97,15000,Approver_09,INV-102912
TXN-001090,2025-06-25,11:52,Wednesday,Finance,Vendor_002,Utilities,23625.37,60000,Approver_07,INV-102913
TXN-001061,2025-06-25,12:02,Wednesday,Procurement,Vendor_030,Utilities,362.99,50000,,INV-102914
TXN-005760,2025-06-25,10:03,Wednesday,Procurement,Vendor_014,Utilities,1757.81,50000,Approver_03,INV-102915
TXN-003792,2025-06-25,10:58,Wednesday,Finance,Vendor_020,Supplies,31.18,60000,Approver_14,INV-102916
TXN-001055,2025-06-25,18:35,Wednesday,Marketing,Vendor_026,Misc,2111.84,25000,Approver_03,INV-102917
TXN-001527,2025-06-25,16:08,Wednesday,Finance,Vendor_013,Travel,1325.11,60000,Approver_12,INV-102918
TXN-005382,2025-06-25,09:09,Wednesday,Operations,Vendor_059,Travel,20000.0,30000,Approver_03,INV-102919
TXN-001046,2025-06-25,11:57,Wednesday,IT,Vendor_014,Equipment,204.06,40000,Approver_15,INV-102920
TXN-002083,2025-06-25,15:10,Wednesday,Operations,Vendor_038,Utilities,32019.97,30000,Approver_12,INV-102921
TXN-000124,2025-06-26,14:19,Thursday,Sales,Vendor_017,Consulting,14924.34,20000,Approver_02,INV-102922
TXN-002938,2025-06-26,17:25,Thursday,Procurement,Vendor_011,Travel,48300.48,50000,Approver_10,INV-102923
TXN-000555,2025-06-26,11:02,Thursday,Operations,Vendor_054,Misc,705.46,30000,Approver_04,INV-102924
TXN-002569,2025-06-26,16:18,Thursday,Finance,Vendor_008,Consulting,49.71,60000,Approver_06,INV-102925
TXN-005371,2025-06-26,09:32,Thursday,Procurement,Vendor_002,Misc,1000.0,50000,Approver_13,INV-102926
TXN-001631,2025-06-26,10:05,Thursday,Sales,Vendor_009,Software,72.52,20000,Approver_04,INV-102927
TXN-001602,2025-06-26,13:35,Thursday,Sales,Vendor_046,Equipment,1000.0,20000,Approver_04,INV-102928
TXN-004153,2025-06-26,11:48,Thursday,Marketing,Vendor_002,Utilities,191.34,25000,Approver_13,INV-102929
TXN-005421,2025-06-26,16:17,Thursday,Procurement,Vendor_021,Equipment,261.11,50000,Approver_11,INV-102930
TXN-000263,2025-06-26,15:17,Thursday,Finance,Vendor_019,Misc,462.69,60000,Approver_04,INV-102931
TXN-000046,2025-06-26,09:40,Thursday,Finance,Vendor_019,Supplies,2264.15,60000,Approver_15,INV-102932
TXN-004446,2025-06-26,16:10,Thursday,HR,Vendor_003,Supplies,384.25,15000,Approver_05,INV-102933
TXN-001462,2025-06-26,17:51,Thursday,Sales,Vendor_046,Supplies,283.42,20000,Approver_05,INV-102934
TXN-002780,2025-06-26,10:25,Thursday,Sales,Vendor_058,Misc,2959.54,20000,Approver_09,INV-102935
TXN-002423,2025-06-26,17:04,Thursday,HR,Vendor_012,Supplies,1760.98,15000,Approver_11,INV-102936
TXN-003230,2025-06-26,10:01,Thursday,Marketing,Vendor_040,Equipment,23337.26,25000,Approver_11,INV-102937
TXN-002309,2025-06-26,08:21,Thursday,HR,Vendor_011,Consulting,2500.0,15000,Approver_13,INV-102938
TXN-002288,2025-06-26,16:00,Thursday,HR,Vendor_052,Equipment,72.88,15000,Approver_09,INV-102939
TXN-000946,2025-06-26,11:27,Thursday,Operations,Vendor_007,Equipment,5047.7,30000,Approver_12,INV-102940
TXN-000345,2025-06-26,12:58,Thursday,IT,Vendor_010,Utilities,328.69,40000,Approver_02,INV-102941
TXN-003867,2025-06-26,10:47,Thursday,Finance,Vendor_048,Misc,91314.61,60000,Approver_07,INV-102942
TXN-005245,2025-06-26,15:07,Thursday,Sales,Vendor_054,Consulting,1321.54,20000,Approver_15,INV-102943
TXN-005183,2025-06-26,17:38,Thursday,Marketing,Vendor_060,Equipment,1453.06,25000,Approver_15,INV-102944
TXN-005686,2025-06-27,16:56,Friday,Procurement,Vendor_009,Software,614.27,50000,Approver_06,INV-102945
TXN-000236,2025-06-27,09:04,Friday,IT,Vendor_041,Software,15986.98,40000,Approver_08,INV-102946
TXN-001406,2025-06-27,11:19,Friday,HR,Vendor_047,Consulting,121.85,15000,Approver_14,INV-102947
TXN-003687,2025-06-27,08:32,Friday,IT,Vendor_025,Supplies,17075.78,40000,Approver_05,INV-102948
TXN-000940,2025-06-27,12:03,Friday,Marketing,Vendor_048,Software,30645.88,25000,Approver_09,INV-102949
TXN-004613,2025-06-27,16:34,Friday,Operations,Vendor_001,Consulting,155.87,30000,Approver_05,INV-102950
TXN-004604,2025-06-27,09:48,Friday,Procurement,Vendor_024,Equipment,166.17,50000,Approver_05,INV-102951
TXN-004391,2025-06-27,11:22,Friday,Operations,Vendor_037,Software,784.08,30000,Approver_06,INV-102952
TXN-002798,2025-06-27,09:29,Friday,Marketing,Vendor_009,Travel,3736.1,25000,Approver_15,INV-102953
TXN-003562,2025-06-27,15:02,Friday,Marketing,Vendor_057,Utilities,1582.56,25000,Approver_05,INV-102954
TXN-003551,2025-06-27,14:59,Friday,Procurement,Vendor_044,Misc,47669.32,50000,Approver_02,INV-102955
TXN-000641,2025-06-27,14:58,Friday,Procurement,Vendor_015,Supplies,181.54,50000,Approver_01,INV-102956
TXN-000194,2025-06-27,09:55,Friday,IT,Vendor_046,Consulting,269.36,40000,Approver_05,INV-102957
TXN-002956,2025-06-27,11:29,Friday,Finance,Vendor_016,Consulting,58395.74,60000,Approver_15,INV-102958
TXN-005810,2025-06-27,10:48,Friday,Sales,Vendor_037,Equipment,80.63,20000,Approver_06,INV-102959
TXN-000901,2025-06-27,10:33,Friday,Marketing,Vendor_030,Supplies,181.78,25000,Approver_02,INV-102960
TXN-000056,2025-06-27,11:36,Friday,Operations,Vendor_053,Software,96874.78,30000,Approver_01,INV-102961
TXN-005546,2025-06-27,15:26,Friday,Operations,Vendor_028,Consulting,3296.92,30000,Approver_12,INV-102962
TXN-003801,2025-06-27,13:33,Friday,Sales,Vendor_050,Utilities,191.94,20000,Approver_09,INV-102963
TXN-000041,2025-06-27,14:32,Friday,Operations,Vendor_040,Supplies,351.25,30000,Approver_03,INV-102964
TXN-001555,2025-06-27,16:11,Friday,HR,Vendor_051,Travel,18.33,15000,Approver_08,INV-102965
TXN-003629,2025-06-27,14:51,Friday,Finance,Vendor_031,Supplies,1223.15,60000,Approver_12,INV-102966
TXN-002436,2025-06-27,15:49,Friday,Procurement,Vendor_002,Misc,744.11,50000,Approver_06,INV-102967
TXN-001097,2025-06-27,13:20,Friday,Marketing,Vendor_029,Supplies,1184.63,25000,Approver_12,INV-102968
TXN-001810,2025-06-27,15:37,Friday,Marketing,Vendor_039,Software,18.02,25000,Approver_02,INV-102969
TXN-001019,2025-06-27,11:25,Friday,Sales,Vendor_054,Travel,681.2,20000,Approver_13,INV-102970
TXN-002048,2025-06-27,09:39,Friday,Procurement,Vendor_037,Equipment,78.69,50000,Approver_08,INV-102971
TXN-001367,2025-06-27,09:55,Friday,Procurement,Vendor_006,Equipment,2658.04,50000,Approver_04,INV-102972
TXN-003253,2025-06-27,12:01,Friday,Sales,Vendor_046,Supplies,75197.44,20000,Approver_13,INV-102973
TXN-003028,2025-06-27,16:01,Friday,Marketing,Vendor_027,Travel,157.76,25000,Approver_09,INV-102974
TXN-004980,2025-06-30,18:54,Monday,Procurement,Vendor_028,Supplies,2500.0,50000,Approver_15,INV-102975
TXN-004714,2025-06-30,17:09,Monday,HR,Vendor_039,Supplies,719.8,15000,Approver_04,INV-102976
TXN-004396,2025-06-30,15:39,Monday,IT,Vendor_028,Software,132.55,40000,Approver_14,INV-102977
TXN-003690,2025-06-30,11:15,Monday,IT,Vendor_005,Travel,739.98,40000,Approver_08,INV-102978
TXN-003219,2025-06-30,13:39,Monday,Marketing,Vendor_043,Utilities,1875.71,25000,Approver_04,INV-102979
TXN-003221,2025-06-30,15:55,Monday,Finance,Vendor_005,Supplies,3071.44,60000,Approver_08,INV-102980
TXN-000481,2025-06-30,12:51,Monday,IT,Vendor_018,Travel,285.35,40000,Approver_07,INV-102981
TXN-002203,2025-06-30,08:03,Monday,Finance,Vendor_015,Equipment,7854.99,60000,Approver_04,INV-102982
TXN-000617,2025-06-30,14:12,Monday,Procurement,Vendor_056,Equipment,14333.83,50000,,INV-102983
TXN-003866,2025-06-30,16:11,Monday,Operations,Vendor_003,Supplies,23546.74,30000,Approver_15,INV-102984
TXN-003864,2025-06-30,14:11,Monday,Marketing,Vendor_027,Misc,23994.44,25000,Approver_01,INV-102985
TXN-001923,2025-06-30,16:04,Monday,HR,Vendor_043,Equipment,35.19,15000,Approver_14,INV-102986
TXN-001412,2025-06-30,12:10,Monday,IT,Vendor_033,Utilities,293.82,40000,Approver_07,INV-102987
TXN-005063,2025-06-30,11:23,Monday,Marketing,Vendor_010,Consulting,220.87,25000,Approver_07,INV-102988
TXN-002696,2025-06-30,15:01,Monday,Sales,Vendor_021,Travel,12.58,20000,Approver_10,INV-102989
TXN-001468,2025-06-30,16:29,Monday,Sales,Vendor_022,Misc,90.99,20000,Approver_03,INV-102990
TXN-000140,2025-06-30,17:57,Monday,HR,Vendor_044,Software,625.95,15000,Approver_14,INV-102991
TXN-001383,2025-07-01,14:22,Tuesday,Procurement,Vendor_055,Software,977.77,50000,Approver_15,INV-102992
TXN-004409,2025-07-01,16:20,Tuesday,Procurement,Vendor_045,Utilities,92.19,50000,Approver_07,INV-102993
TXN-005249,2025-07-01,15:20,Tuesday,Procurement,Vendor_004,Consulting,49048.31,50000,Approver_08,INV-102994
TXN-000809,2025-07-01,16:47,Tuesday,Marketing,Vendor_038,Supplies,3481.45,25000,Approver_03,INV-102995
TXN-000101,2025-07-01,10:30,Tuesday,Operations,Vendor_019,Equipment,122.16,30000,Approver_01,INV-102996
TXN-004195,2025-07-01,17:49,Tuesday,Procurement,Vendor_034,Equipment,222.84,50000,Approver_06,INV-102997
TXN-001568,2025-07-01,10:16,Tuesday,Marketing,Vendor_027,Travel,16.02,25000,Approver_10,INV-102998
TXN-002463,2025-07-01,12:22,Tuesday,IT,Vendor_019,Travel,2500.0,40000,Approver_04,INV-102999
TXN-005297,2025-07-01,10:25,Tuesday,Marketing,Vendor_024,Equipment,260.27,25000,Approver_06,INV-103000
TXN-001588,2025-07-01,14:52,Tuesday,Sales,Vendor_052,Software,22.25,20000,Approver_02,INV-103001
TXN-000534,2025-07-01,11:36,Tuesday,HR,Vendor_051,Utilities,6532.39,15000,Approver_02,INV-103002
TXN-004156,2025-07-01,11:12,Tuesday,Marketing,Vendor_039,Supplies,20.02,25000,Approver_05,INV-103003
TXN-005607,2025-07-01,12:31,Tuesday,Marketing,Vendor_001,Utilities,423.65,25000,Approver_11,INV-103004
TXN-004593,2025-07-01,12:40,Tuesday,Procurement,Vendor_006,Misc,45710.72,50000,Approver_06,INV-103005
TXN-001652,2025-07-01,14:12,Tuesday,HR,Vendor_053,Supplies,256.44,15000,Approver_14,INV-103006
TXN-001678,2025-07-01,15:36,Tuesday,IT,Vendor_045,Equipment,3871.99,40000,Approver_03,INV-103007
TXN-004071,2025-07-01,10:30,Tuesday,HR,Vendor_039,Consulting,11.12,15000,Approver_01,INV-103008
TXN-003215,2025-07-01,15:43,Tuesday,Sales,Vendor_044,Supplies,24.85,20000,Approver_07,INV-103009
TXN-003495,2025-07-01,15:16,Tuesday,Operations,Vendor_013,Supplies,25272.09,30000,Approver_11,INV-103010
TXN-005493,2025-07-01,10:43,Tuesday,Finance,Vendor_049,Equipment,-3941.3,60000,Approver_01,INV-103011
TXN-000459,2025-07-01,12:37,Tuesday,Operations,Vendor_013,Travel,10.43,30000,Approver_10,INV-103012
TXN-004945,2025-07-01,11:39,Tuesday,Procurement,Vendor_029,Consulting,-4211.47,50000,Approver_14,INV-103013
TXN-003896,2025-07-01,15:13,Tuesday,HR,Vendor_021,Supplies,22753.9,15000,Approver_14,INV-103014
TXN-003693,2025-07-01,12:39,Tuesday,Marketing,Vendor_052,Supplies,524.93,25000,Approver_10,INV-103015
TXN-005996,2025-07-01,17:20,Tuesday,Finance,Vendor_056,Utilities,591.94,60000,Approver_07,INV-103016
TXN-004960,2025-07-01,10:05,Tuesday,HR,Vendor_003,Supplies,687.51,15000,Approver_05,INV-103017
TXN-002003,2025-07-01,11:51,Tuesday,Finance,Vendor_009,Software,105.46,60000,Approver_14,INV-103018
TXN-005316,2025-07-02,13:07,Wednesday,IT,Vendor_044,Equipment,10.01,40000,Approver_14,INV-103019
TXN-000921,2025-07-02,16:34,Wednesday,Finance,Vendor_055,Misc,41624.43,60000,Approver_10,INV-103020
TXN-005219,2025-07-02,16:50,Wednesday,Procurement,Vendor_057,Utilities,541.21,50000,Approver_12,INV-103021
TXN-004594,2025-07-02,15:40,Wednesday,Sales,Vendor_046,Equipment,57.28,20000,Approver_10,INV-103022
TXN-000516,2025-07-02,10:01,Wednesday,Operations,Vendor_058,Consulting,26803.03,30000,Approver_07,INV-103023
TXN-004247,2025-07-02,11:09,Wednesday,Procurement,Vendor_057,Consulting,109.22,50000,Approver_08,INV-103024
TXN-002367,2025-07-02,10:46,Wednesday,Procurement,Vendor_034,Equipment,10.22,50000,Approver_04,INV-103025
TXN-004376,2025-07-02,22:03,Wednesday,Finance,Vendor_002,Supplies,67.86,60000,Approver_12,INV-103026
TXN-003945,2025-07-02,14:29,Wednesday,HR,Vendor_054,Supplies,23759.81,15000,Approver_04,INV-103027
TXN-003791,2025-07-02,12:09,Wednesday,HR,Vendor_039,Supplies,229.34,15000,Approver_06,INV-103023
TXN-003513,2025-07-02,15:27,Wednesday,Sales,Vendor_004,Travel,127.24,20000,Approver_11,INV-103029
TXN-003147,2025-07-02,14:07,Wednesday,Marketing,Vendor_041,Travel,646.83,25000,Approver_13,INV-103030
TXN-000336,2025-07-02,14:16,Wednesday,Sales,Vendor_019,Consulting,145.56,20000,Approver_04,INV-103031
TXN-004503,2025-07-02,17:19,Wednesday,Finance,Vendor_056,Equipment,20.05,60000,Approver_05,INV-103032
TXN-004463,2025-07-02,08:16,Wednesday,Finance,Vendor_023,Supplies,-3282.06,60000,Approver_15,INV-103033
TXN-002925,2025-07-02,16:51,Wednesday,IT,Vendor_034,Supplies,111.57,40000,Approver_13,INV-103034
TXN-004822,2025-07-02,12:16,Wednesday,Marketing,Vendor_053,Software,372.81,25000,,INV-103035
TXN-002646,2025-07-02,11:50,Wednesday,Finance,Vendor_060,Misc,19340.37,60000,Approver_03,INV-103036
TXN-001757,2025-07-02,11:18,Wednesday,Finance,Vendor_004,Equipment,26750.37,60000,Approver_11,INV-103037
TXN-003008,2025-07-02,11:45,Wednesday,Finance,Vendor_023,Software,23.21,60000,Approver_02,INV-103038
TXN-005099,2025-07-02,11:01,Wednesday,Sales,Vendor_057,Travel,729.59,20000,Approver_12,INV-103039
TXN-002932,2025-07-02,15:26,Wednesday,HR,Vendor_027,Misc,4158.06,15000,Approver_13,INV-103040
TXN-001821,2025-07-03,15:39,Thursday,IT,Vendor_023,Consulting,2401.96,40000,Approver_02,INV-103041
TXN-005798,2025-07-03,16:51,Thursday,IT,Vendor_014,Software,4241.62,40000,Approver_09,INV-103042
TXN-004616,2025-07-03,18:44,Thursday,Operations,Vendor_010,Misc,29187.71,30000,Approver_14,INV-103043
TXN-005932,2025-07-03,14:41,Thursday,Operations,Vendor_010,Utilities,238.52,30000,Approver_11,INV-103044
TXN-003174,2025-07-03,10:36,Thursday,Procurement,Vendor_013,Supplies,9101.0,50000,Approver_09,INV-103045
TXN-000422,2025-07-03,14:23,Thursday,Operations,Vendor_054,Supplies,281.05,30000,Approver_03,INV-103046
TXN-002701,2025-07-03,16:25,Thursday,Operations,Vendor_008,Utilities,194.53,30000,Approver_15,INV-103047
TXN-005951,2025-07-03,08:41,Thursday,Operations,Vendor_029,Consulting,17.2,30000,Approver_12,INV-103048
TXN-005505,2025-07-03,11:23,Thursday,Marketing,Vendor_054,Supplies,1110.26,25000,Approver_01,INV-103049
TXN-001532,2025-07-03,11:37,Thursday,Procurement,Vendor_060,Consulting,49434.24,50000,Approver_11,INV-103050
TXN-000836,2025-07-03,15:00,Thursday,Marketing,Vendor_003,Equipment,156.12,25000,Approver_12,INV-103051
TXN-003093,2025-07-03,21:46,Thursday,HR,Vendor_015,Travel,492.17,15000,Approver_06,INV-103052
TXN-002114,2025-07-03,18:48,Thursday,HR,Vendor_040,Utilities,13858.12,15000,Approver_07,INV-103053
TXN-000723,2025-07-03,13:52,Thursday,Finance,Vendor_029,Utilities,3648.76,60000,Approver_09,INV-103054
TXN-003580,2025-07-03,08:22,Thursday,Procurement,Vendor_045,Software,907.4,50000,Approver_15,INV-103055
TXN-005618,2025-07-03,15:24,Thursday,HR,Vendor_044,Consulting,14124.03,15000,Approver_07,INV-103056
TXN-000618,2025-07-03,14:51,Thursday,Marketing,Vendor_006,Travel,112.5,25000,Approver_07,INV-103057
TXN-000852,2025-07-03,10:09,Thursday,Operations,Vendor_016,Consulting,258.28,30000,Approver_12,INV-103058
TXN-001305,2025-07-04,11:28,Friday,HR,Vendor_001,Software,2704.11,15000,Approver_13,INV-103059
TXN-002805,2025-07-04,10:37,Friday,Finance,Vendor_010,Travel,104.66,60000,Approver_02,INV-103060
TXN-005826,2025-07-04,08:06,Friday,Marketing,Vendor_004,Utilities,377.77,25000,Approver_06,INV-103061
TXN-001783,2025-07-04,10:58,Friday,Sales,Vendor_051,Travel,1662.27,20000,Approver_02,INV-103062
TXN-003096,2025-07-04,16:51,Friday,Procurement,Vendor_054,Equipment,46969.39,50000,Approver_14,INV-103063
TXN-004227,2025-07-04,15:58,Friday,Finance,Vendor_046,Software,34.98,60000,Approver_07,INV-103064
TXN-000038,2025-07-04,11:27,Friday,Finance,Vendor_016,Supplies,10.98,60000,Approver_04,INV-103065
TXN-000358,2025-07-04,10:21,Friday,Marketing,Vendor_001,Misc,113.81,25000,Approver_04,INV-103066
TXN-003743,2025-07-04,14:18,Friday,Marketing,Vendor_006,Utilities,4688.94,25000,Approver_10,INV-103067
TXN-004809,2025-07-04,15:56,Friday,Operations,Vendor_051,Equipment,22.01,30000,Approver_14,INV-103068
TXN-000545,2025-07-04,15:01,Friday,IT,Vendor_029,Supplies,1284.35,40000,Approver_07,INV-103069
TXN-004930,2025-07-04,16:25,Friday,Operations,Vendor_026,Travel,9598.52,30000,Approver_01,INV-103070
TXN-001497,2025-07-04,11:37,Friday,Marketing,Vendor_030,Software,10506.06,25000,Approver_12,INV-103071
TXN-001921,2025-07-04,12:56,Friday,IT,Vendor_038,Software,130.57,40000,Approver_10,INV-103072
TXN-002346,2025-07-04,14:26,Friday,Sales,Vendor_031,Consulting,6058.51,20000,Approver_09,INV-103073
TXN-004331,2025-07-04,15:42,Friday,HR,Vendor_044,Consulting,16.98,15000,Approver_05,INV-103074
TXN-002373,2025-07-04,10:21,Friday,Marketing,Vendor_040,Consulting,435.32,25000,Approver_11,INV-103075
TXN-002918,2025-07-07,08:40,Monday,Sales,Vendor_046,Equipment,18276.76,20000,Approver_05,INV-103076
TXN-005762,2025-07-07,17:31,Monday,IT,Vendor_045,Travel,80330.5,40000,Approver_09,INV-103077
TXN-001026,2025-07-07,17:22,Monday,Procurement,Vendor_042,Misc,590.98,50000,Approver_15,INV-103078
TXN-000325,2025-07-07,12:54,Monday,HR,Vendor_020,Misc,78083.31,15000,Approver_04,INV-103079
TXN-003124,2025-07-07,11:49,Monday,Marketing,Vendor_032,Utilities,1455.39,25000,Approver_13,INV-103080
TXN-000199,2025-07-07,15:20,Monday,Procurement,Vendor_048,Software,1253.38,50000,Approver_04,INV-103081
TXN-005392,2025-07-07,12:05,Monday,Operations,Vendor_016,Supplies,188.22,30000,Approver_09,INV-103082
TXN-000604,2025-07-07,16:21,Monday,Operations,Vendor_001,Supplies,2177.62,30000,Approver_05,INV-103083
TXN-003229,2025-07-07,17:14,Monday,Marketing,Vendor_049,Software,266.44,25000,Approver_12,INV-103084
TXN-000985,2025-07-07,12:26,Monday,Marketing,Vendor_014,Software,1786.78,25000,Approver_08,INV-103085
TXN-005049,2025-07-07,15:15,Monday,IT,Vendor_014,Utilities,715.2,40000,Approver_02,INV-103086
TXN-002566,2025-07-07,16:48,Monday,Sales,Vendor_047,Supplies,8826.56,20000,Approver_11,INV-103087
TXN-003825,2025-07-07,10:13,Monday,Marketing,Vendor_038,Supplies,10000.0,25000,Approver_06,INV-103088
TXN-004944,2025-07-07,15:16,Monday,HR,Vendor_026,Misc,25741.45,15000,Approver_11,INV-103089
TXN-001754,2025-07-07,15:52,Monday,Procurement,Vendor_015,Consulting,3427.42,50000,Approver_12,INV-103090
TXN-003577,2025-07-07,12:48,Monday,Finance,Vendor_025,Equipment,8266.73,60000,Approver_01,INV-103091
TXN-000219,2025-07-07,16:48,Monday,Finance,Vendor_038,Equipment,140.93,60000,Approver_12,INV-103092
TXN-002095,2025-07-07,15:06,Monday,Procurement,Vendor_057,Supplies,1114.65,50000,Approver_10,INV-103093
TXN-001645,2025-07-07,17:28,Monday,Finance,Vendor_033,Equipment,2198.34,60000,Approver_08,INV-103094
TXN-004977,2025-07-07,12:10,Monday,Finance,Vendor_039,Travel,1214.47,60000,Approver_09,INV-103095
TXN-002475,2025-07-07,12:21,Monday,Finance,Vendor_017,Software,5909.76,60000,Approver_13,INV-103096
TXN-000289,2025-07-07,14:31,Monday,Finance,Vendor_055,Supplies,90.18,60000,Approver_02,INV-103097
TXN-004789,2025-07-07,17:59,Monday,Procurement,Vendor_042,Travel,22.87,50000,Approver_04,INV-103098
TXN-001129,2025-07-08,11:54,Tuesday,Marketing,Vendor_031,Utilities,1513.2,25000,Approver_11,INV-103099
TXN-001229,2025-07-08,10:33,Tuesday,HR,Vendor_010,Supplies,2295.03,15000,Approver_01,INV-103100
TXN-004670,2025-07-08,14:12,Tuesday,HR,Vendor_026,Misc,703.74,15000,Approver_03,INV-103101
TXN-002101,2025-07-08,08:34,Tuesday,Procurement,Vendor_004,Travel,139.41,50000,Approver_02,INV-103102
TXN-005179,2025-07-08,17:18,Tuesday,HR,Vendor_034,Utilities,1000.0,15000,Approver_12,INV-103103
TXN-003633,2025-07-08,15:23,Tuesday,Operations,Vendor_002,Consulting,410.2,30000,Approver_06,INV-103104
TXN-005273,2025-07-08,14:04,Tuesday,Operations,Vendor_044,Travel,588.58,30000,Approver_08,INV-103105
TXN-000869,2025-07-08,18:49,Tuesday,Marketing,Vendor_048,Misc,-2856.81,25000,Approver_02,INV-103106
TXN-005535,2025-07-08,17:04,Tuesday,Sales,Vendor_028,Software,35.36,20000,Approver_02,INV-103107
TXN-003188,2025-07-08,14:51,Tuesday,Operations,Vendor_057,Travel,425.82,30000,Approver_13,INV-103108
TXN-001179,2025-07-08,15:37,Tuesday,Sales,Vendor_027,Travel,220.62,20000,Approver_14,INV-103109
TXN-005038,2025-07-08,16:46,Tuesday,Finance,Vendor_003,Software,2875.28,60000,Approver_11,INV-103110
TXN-003289,2025-07-08,14:29,Tuesday,Marketing,Vendor_045,Software,139.45,25000,Approver_14,INV-103111
TXN-001967,2025-07-08,12:27,Tuesday,HR,Vendor_046,Misc,15090.13,15000,Approver_03,INV-103112
TXN-003989,2025-07-08,11:49,Tuesday,Marketing,Vendor_008,Software,20000.0,25000,Approver_13,INV-103113
TXN-000581,2025-07-08,18:39,Tuesday,IT,Vendor_033,Software,37694.14,40000,Approver_05,INV-103114
TXN-003062,2025-07-08,01:40,Tuesday,Finance,Vendor_030,Misc,19248.39,60000,Approver_14,INV-103115
TXN-005561,2025-07-08,15:01,Tuesday,IT,Vendor_019,Utilities,51.29,40000,Approver_07,INV-103116
TXN-005796,2025-07-08,17:43,Tuesday,HR,Vendor_023,Software,16.89,15000,Approver_11,INV-103117
TXN-002908,2025-07-08,14:03,Tuesday,Operations,Vendor_042,Supplies,2983.7,30000,Approver_02,INV-103118
TXN-005186,2025-07-08,14:29,Tuesday,HR,Vendor_010,Utilities,14.75,15000,Approver_14,INV-103119
TXN-003672,2025-07-08,15:01,Tuesday,Finance,Vendor_046,Supplies,1523.43,60000,Approver_11,INV-103120
TXN-004382,2025-07-08,16:08,Tuesday,HR,Vendor_054,Equipment,1215.62,15000,Approver_09,INV-103121
TXN-000521,2025-07-08,10:25,Tuesday,IT,Vendor_020,Utilities,48.16,40000,Approver_11,INV-103122
TXN-000659,2025-07-09,14:49,Wednesday,IT,Vendor_033,Misc,26.47,40000,Approver_03,INV-103123
TXN-000259,2025-07-09,16:19,Wednesday,Finance,Vendor_042,Consulting,21.82,60000,Approver_01,INV-103124
TXN-002418,2025-07-09,17:57,Wednesday,IT,Vendor_054,Utilities,117.23,40000,Approver_14,INV-103125
TXN-002182,2025-07-09,15:38,Wednesday,Finance,Vendor_035,Equipment,2398.34,60000,Approver_01,INV-103126
TXN-004542,2025-07-09,15:13,Wednesday,Operations,Vendor_047,Supplies,166.74,30000,Approver_01,INV-103127
TXN-001269,2025-07-09,11:37,Wednesday,HR,Vendor_030,Equipment,522.24,15000,,INV-103128
TXN-003518,2025-07-09,10:15,Wednesday,Operations,Vendor_028,Travel,3450.24,30000,Approver_02,INV-103129
TXN-004190,2025-07-09,17:05,Wednesday,Marketing,Vendor_051,Equipment,389.5,25000,Approver_10,INV-103130
TXN-001311,2025-07-09,18:34,Wednesday,Operations,Vendor_031,Misc,84.88,30000,Approver_15,INV-103131
TXN-003225,2025-07-09,15:12,Wednesday,Sales,Vendor_033,Travel,576.58,20000,Approver_03,INV-103132
TXN-003816,2025-07-09,17:01,Wednesday,Operations,Vendor_031,Misc,37.07,30000,Approver_06,INV-103133
TXN-003192,2025-07-09,10:00,Wednesday,Sales,Vendor_025,Supplies,4129.85,20000,Approver_09,INV-103129
TXN-005258,2025-07-09,13:08,Wednesday,Operations,Vendor_004,Utilities,102.74,30000,Approver_05,INV-103135
TXN-003372,2025-07-09,11:22,Wednesday,Sales,Vendor_001,Supplies,20000.0,20000,Approver_10,INV-103136
TXN-005674,2025-07-09,17:27,Wednesday,Operations,Vendor_005,Equipment,702.06,30000,Approver_13,INV-103137
TXN-004225,2025-07-09,16:02,Wednesday,IT,Vendor_017,Travel,10.56,40000,Approver_01,INV-103138
TXN-001517,2025-07-09,12:34,Wednesday,Finance,Vendor_056,Misc,1610.91,60000,Approver_14,INV-103139
TXN-005906,2025-07-09,18:30,Wednesday,Finance,Vendor_004,Consulting,18914.46,60000,Approver_01,INV-103140
TXN-003537,2025-07-09,15:19,Wednesday,Operations,Vendor_044,Misc,9867.11,30000,Approver_01,INV-103141
TXN-000497,2025-07-09,12:13,Wednesday,IT,Vendor_027,Misc,470.32,40000,Approver_12,INV-103142
TXN-004112,2025-07-09,15:35,Wednesday,Operations,Vendor_022,Misc,9318.22,30000,Approver_06,INV-103143
TXN-001651,2025-07-09,16:58,Wednesday,Marketing,Vendor_024,Equipment,1317.77,25000,Approver_12,INV-103144
TXN-000108,2025-07-09,22:01,Wednesday,HR,Vendor_040,Consulting,54.71,15000,Approver_13,INV-103145
TXN-001906,2025-07-10,13:38,Thursday,Procurement,Vendor_023,Utilities,3747.74,50000,Approver_05,INV-103146
TXN-005018,2025-07-10,17:29,Thursday,Procurement,Vendor_044,Consulting,2500.0,50000,Approver_08,INV-103147
TXN-000448,2025-07-10,12:45,Thursday,Sales,Vendor_017,Software,12.39,20000,Approver_11,INV-103148
TXN-001160,2025-07-10,17:25,Thursday,IT,Vendor_058,Equipment,282.71,40000,Approver_10,INV-103149
TXN-004500,2025-07-10,11:25,Thursday,Operations,Vendor_042,Equipment,10000.0,30000,Approver_14,INV-103150
TXN-002857,2025-07-10,09:23,Thursday,Procurement,Vendor_008,Equipment,572.58,50000,Approver_07,INV-103151
TXN-000691,2025-07-10,15:02,Thursday,Marketing,Vendor_010,Consulting,11.56,25000,Approver_07,INV-103152
TXN-002815,2025-07-10,13:05,Thursday,HR,Vendor_009,Software,216.14,15000,Approver_13,INV-103153
TXN-003400,2025-07-10,11:53,Thursday,HR,Vendor_050,Consulting,164.91,15000,Approver_15,INV-103154
TXN-003597,2025-07-10,15:00,Thursday,Finance,Vendor_006,Misc,1641.83,60000,Approver_05,INV-103155
TXN-001312,2025-07-10,09:23,Thursday,Procurement,Vendor_036,Software,20000.0,50000,Approver_02,INV-103156
TXN-002202,2025-07-10,18:40,Thursday,HR,Vendor_007,Travel,20.42,15000,Approver_14,INV-103157
TXN-000407,2025-07-10,14:27,Thursday,Finance,Vendor_022,Equipment,71.49,60000,Approver_06,INV-103158
TXN-001181,2025-07-10,13:13,Thursday,HR,Vendor_047,Travel,10.39,15000,Approver_03,INV-103159
TXN-001276,2025-07-10,13:22,Thursday,Operations,Vendor_041,Supplies,32.28,30000,Approver_10,INV-103160
TXN-000843,2025-07-10,12:22,Thursday,HR,Vendor_028,Equipment,20000.0,15000,Approver_01,INV-103161
TXN-005430,2025-07-10,12:22,Thursday,Sales,Vendor_024,Consulting,114.27,20000,Approver_14,INV-103162
TXN-003145,2025-07-10,12:23,Thursday,Sales,Vendor_017,Supplies,5570.8,20000,Approver_13,INV-103163
TXN-002152,2025-07-10,13:00,Thursday,Sales,Vendor_015,Utilities,247.14,20000,Approver_01,INV-103164
TXN-001490,2025-07-10,16:25,Thursday,Finance,Vendor_013,Software,34.82,60000,Approver_11,INV-103165
TXN-002430,2025-07-10,17:44,Thursday,Operations,Vendor_049,Travel,2161.56,30000,Approver_07,INV-103166
TXN-003449,2025-07-10,14:58,Thursday,Sales,Vendor_009,Travel,38.41,20000,Approver_09,INV-103167
TXN-004825,2025-07-10,15:57,Thursday,Finance,Vendor_048,Supplies,83.07,60000,Approver_06,INV-103168
TXN-003538,2025-07-10,11:40,Thursday,IT,Vendor_028,Travel,2500.0,40000,Approver_11,INV-103169
TXN-004559,2025-07-11,15:17,Friday,Operations,Vendor_058,Equipment,77.18,30000,Approver_06,INV-103170
TXN-000724,2025-07-11,11:19,Friday,Finance,Vendor_033,Misc,39.38,60000,Approver_11,INV-103171
TXN-004834,2025-07-11,11:09,Friday,Finance,Vendor_053,Misc,15.33,60000,Approver_02,INV-103172
TXN-002382,2025-07-11,09:53,Friday,Finance,Vendor_027,Equipment,32.68,60000,Approver_03,INV-103173
TXN-000528,2025-07-11,13:37,Friday,Sales,Vendor_056,Utilities,24.93,20000,Approver_05,INV-103174
TXN-001309,2025-07-11,16:17,Friday,Operations,Vendor_040,Travel,50.2,30000,Approver_05,INV-103175
TXN-001350,2025-07-11,16:43,Friday,IT,Vendor_050,Supplies,1259.02,40000,Approver_10,INV-103176
TXN-002725,2025-07-11,12:08,Friday,Procurement,Vendor_004,Equipment,11.96,50000,Approver_11,INV-103177
TXN-001469,2025-07-11,14:30,Friday,Operations,Vendor_059,Software,8980.33,30000,Approver_02,INV-103178
TXN-005994,2025-07-11,15:23,Friday,Sales,Vendor_021,Software,2500.0,20000,Approver_15,INV-103179
TXN-003465,2025-07-11,16:39,Friday,Finance,Vendor_039,Travel,250.37,60000,,INV-103180
TXN-004694,2025-07-11,10:39,Friday,Procurement,Vendor_053,Supplies,102.33,50000,Approver_08,INV-103181
TXN-001294,2025-07-11,15:08,Friday,Sales,Vendor_016,Utilities,853.91,20000,Approver_13,INV-103182
TXN-000517,2025-07-11,15:21,Friday,Marketing,Vendor_015,Travel,185.85,25000,Approver_08,INV-103183
TXN-000990,2025-07-11,18:52,Friday,Finance,Vendor_042,Utilities,129.14,60000,Approver_14,INV-103184
TXN-000261,2025-07-11,15:18,Friday,HR,Vendor_012,Equipment,850.02,15000,Approver_08,INV-103185
TXN-005103,2025-07-11,08:30,Friday,Finance,Vendor_012,Consulting,28.91,60000,Approver_11,INV-103186
TXN-003021,2025-07-11,12:06,Friday,Marketing,Vendor_042,Utilities,1089.6,25000,Approver_04,INV-103187
TXN-001949,2025-07-11,11:01,Friday,Finance,Vendor_050,Misc,1577.89,60000,Approver_10,INV-103188
TXN-004873,2025-07-14,01:08,Monday,Marketing,Vendor_034,Equipment,264.01,25000,Approver_09,INV-103189
TXN-003832,2025-07-14,17:42,Monday,Sales,Vendor_058,Equipment,15.21,20000,Approver_15,INV-103190
TXN-000937,2025-07-14,15:58,Monday,IT,Vendor_003,Misc,106.95,40000,Approver_10,INV-103191
TXN-003980,2025-07-14,01:58,Monday,Operations,Vendor_048,Utilities,869.41,30000,Approver_09,INV-103192
TXN-003604,2025-07-14,10:37,Monday,Finance,Vendor_043,Travel,268.37,60000,Approver_10,INV-103193
TXN-001823,2025-07-14,18:07,Monday,HR,Vendor_022,Supplies,70.74,15000,Approver_09,INV-103194
TXN-005574,2025-07-14,14:26,Monday,Finance,Vendor_046,Equipment,136.24,60000,Approver_03,INV-103195
TXN-002536,2025-07-14,17:54,Monday,Sales,Vendor_005,Software,740.92,20000,Approver_15,INV-103196
TXN-004761,2025-07-14,17:38,Monday,Procurement,Vendor_037,Consulting,791.68,50000,Approver_06,INV-103197
TXN-004762,2025-07-14,15:29,Monday,Procurement,Vendor_030,Travel,3584.52,50000,Approver_02,INV-103198
TXN-000892,2025-07-14,12:06,Monday,IT,Vendor_029,Software,17.57,40000,Approver_07,INV-103199
TXN-003956,2025-07-14,10:51,Monday,Procurement,Vendor_019,Supplies,5887.18,50000,Approver_03,INV-103200
TXN-004104,2025-07-14,11:14,Monday,IT,Vendor_036,Utilities,123.53,40000,Approver_15,INV-103201
TXN-002713,2025-07-14,09:06,Monday,Procurement,Vendor_011,Consulting,14.29,50000,Approver_14,INV-103202
TXN-002525,2025-07-14,12:20,Monday,Finance,Vendor_016,Travel,14.02,60000,Approver_11,INV-103203
TXN-004007,2025-07-14,16:31,Monday,Operations,Vendor_023,Consulting,100.29,30000,Approver_09,INV-103204
TXN-003022,2025-07-14,12:41,Monday,Marketing,Vendor_040,Software,324.47,25000,Approver_03,INV-103205
TXN-001676,2025-07-14,10:47,Monday,Sales,Vendor_034,Travel,4629.74,20000,Approver_07,INV-103206
TXN-000590,2025-07-14,15:21,Monday,Operations,Vendor_056,Software,9926.8,30000,Approver_12,INV-103207
TXN-003997,2025-07-14,12:47,Monday,Sales,Vendor_060,Software,101.0,20000,Approver_02,INV-103208
TXN-004166,2025-07-14,11:39,Monday,Operations,Vendor_033,Supplies,626.42,30000,Approver_15,INV-103205
TXN-005754,2025-07-15,15:35,Tuesday,HR,Vendor_019,Software,9487.2,15000,Approver_05,INV-103210
TXN-002563,2025-07-15,16:31,Tuesday,Sales,Vendor_045,Travel,328.64,20000,Approver_07,INV-103211
TXN-002773,2025-07-15,11:49,Tuesday,Procurement,Vendor_059,Utilities,17.62,50000,Approver_02,INV-103212
TXN-005766,2025-07-15,14:37,Tuesday,Finance,Vendor_054,Misc,86070.2,60000,Approver_07,INV-103213
TXN-002229,2025-07-15,12:01,Tuesday,HR,Vendor_052,Software,37.94,15000,Approver_14,INV-103214
TXN-001551,2025-07-15,10:14,Tuesday,Finance,Vendor_013,Travel,74.33,60000,Approver_13,INV-103215
TXN-004095,2025-07-15,15:44,Tuesday,Sales,Vendor_044,Supplies,18723.63,20000,Approver_07,INV-103216
TXN-004637,2025-07-15,17:06,Tuesday,Operations,Vendor_027,Consulting,1781.41,30000,Approver_06,INV-103217
TXN-002675,2025-07-15,18:05,Tuesday,HR,Vendor_032,Consulting,189.55,15000,Approver_15,INV-103218
TXN-001684,2025-07-15,11:52,Tuesday,Procurement,Vendor_023,Supplies,18.1,50000,Approver_07,INV-103219
TXN-004379,2025-07-15,10:45,Tuesday,HR,Vendor_029,Utilities,383.03,15000,Approver_05,INV-103220
TXN-002248,2025-07-15,10:00,Tuesday,Marketing,Vendor_052,Software,113.81,25000,Approver_13,INV-103221
TXN-000651,2025-07-15,12:32,Tuesday,HR,Vendor_005,Misc,82378.59,15000,Approver_12,INV-103222
TXN-003772,2025-07-15,10:34,Tuesday,Marketing,Vendor_058,Utilities,11645.79,25000,Approver_07,INV-103223
TXN-003402,2025-07-15,13:44,Tuesday,Sales,Vendor_053,Software,42.83,20000,Approver_06,INV-103224
TXN-005061,2025-07-15,18:37,Tuesday,Operations,Vendor_015,Supplies,101.8,30000,,INV-103225
TXN-000610,2025-07-15,22:40,Tuesday,Procurement,Vendor_051,Utilities,4048.78,50000,Approver_06,INV-103226
TXN-004816,2025-07-15,17:05,Tuesday,HR,Vendor_005,Supplies,102.53,15000,Approver_14,INV-103227
TXN-004753,2025-07-15,14:17,Tuesday,Sales,Vendor_022,Supplies,12108.68,20000,Approver_09,INV-103228
TXN-001577,2025-07-15,15:05,Tuesday,Marketing,Vendor_004,Supplies,3314.43,25000,Approver_11,INV-103229
TXN-004034,2025-07-15,08:32,Tuesday,Procurement,Vendor_060,Supplies,437.14,50000,Approver_08,INV-103230
TXN-001332,2025-07-15,16:27,Tuesday,HR,Vendor_029,Consulting,236.3,15000,Approver_04,INV-103231
TXN-000949,2025-07-15,18:46,Tuesday,Finance,Vendor_043,Travel,5771.32,60000,Approver_15,INV-103232
TXN-000770,2025-07-15,11:47,Tuesday,HR,Vendor_011,Utilities,489.58,15000,Approver_06,INV-103233
TXN-002084,2025-07-15,15:39,Tuesday,Operations,Vendor_050,Supplies,1531.58,30000,Approver_03,INV-103234
TXN-003364,2025-07-15,11:27,Tuesday,IT,Vendor_040,Misc,15000.0,40000,Approver_12,INV-103235
TXN-000859,2025-07-16,15:22,Wednesday,Finance,Vendor_025,Equipment,12721.19,60000,Approver_11,INV-103236
TXN-004324,2025-07-16,10:39,Wednesday,Finance,Vendor_038,Equipment,5341.59,60000,Approver_13,INV-103237
TXN-000342,2025-07-16,09:29,Wednesday,Marketing,Vendor_023,Utilities,879.93,25000,Approver_06,INV-103238
TXN-001416,2025-07-16,15:23,Wednesday,HR,Vendor_020,Misc,54.14,15000,Approver_05,INV-103239
TXN-002051,2025-07-16,15:03,Wednesday,Sales,Vendor_052,Travel,962.94,20000,Approver_04,INV-103240
TXN-001565,2025-07-16,11:55,Wednesday,IT,Vendor_058,Consulting,1794.23,40000,Approver_13,INV-103241
TXN-000602,2025-07-16,09:03,Wednesday,Operations,Vendor_042,Travel,168.76,30000,Approver_14,INV-103242
TXN-000060,2025-07-16,18:37,Wednesday,Procurement,Vendor_017,Equipment,38472.42,50000,Approver_10,INV-103243
TXN-005417,2025-07-16,17:49,Wednesday,HR,Vendor_009,Travel,19803.57,15000,Approver_04,INV-103244
TXN-003427,2025-07-16,16:48,Wednesday,Sales,Vendor_051,Consulting,6552.72,20000,Approver_15,INV-103245
TXN-000917,2025-07-16,16:21,Wednesday,Marketing,Vendor_016,Supplies,24.9,25000,Approver_06,INV-103246
TXN-000492,2025-07-16,16:31,Wednesday,Finance,Vendor_047,Consulting,3491.39,60000,Approver_07,INV-103247
TXN-003681,2025-07-16,16:24,Wednesday,Sales,Vendor_054,Misc,44.25,20000,Approver_02,INV-103248
TXN-004556,2025-07-16,16:54,Wednesday,Finance,Vendor_050,Equipment,73359.69,60000,Approver_09,INV-103249
TXN-004512,2025-07-16,18:12,Wednesday,Marketing,Vendor_004,Equipment,53.04,25000,Approver_03,INV-103250
TXN-002278,2025-07-16,12:58,Wednesday,HR,Vendor_059,Consulting,5883.06,15000,Approver_11,INV-103251
TXN-001893,2025-07-16,14:38,Wednesday,Finance,Vendor_050,Consulting,2104.46,60000,Approver_10,INV-103248
TXN-004277,2025-07-16,11:54,Wednesday,Procurement,Vendor_041,Software,25.62,50000,Approver_04,INV-103253
TXN-003739,2025-07-16,15:25,Wednesday,Operations,Vendor_050,Travel,133.04,30000,Approver_06,INV-103254
TXN-000531,2025-07-16,17:01,Wednesday,Procurement,Vendor_029,Utilities,82.22,50000,Approver_06,INV-103255
TXN-005658,2025-07-16,15:52,Wednesday,Finance,Vendor_008,Equipment,86.9,60000,Approver_10,INV-103256
TXN-001149,2025-07-17,12:50,Thursday,Procurement,Vendor_002,Consulting,57.9,50000,Approver_08,INV-103257
TXN-000841,2025-07-17,11:30,Thursday,HR,Vendor_041,Misc,250.18,15000,Approver_10,INV-103258
TXN-004624,2025-07-17,13:09,Thursday,HR,Vendor_024,Supplies,904.85,15000,,INV-103259
TXN-000222,2025-07-17,18:59,Thursday,Sales,Vendor_010,Supplies,373.14,20000,Approver_09,INV-103260
TXN-001780,2025-07-17,10:10,Thursday,Operations,Vendor_015,Supplies,5555.06,30000,Approver_06,INV-103261
TXN-003315,2025-07-17,15:15,Thursday,IT,Vendor_029,Equipment,193.42,40000,Approver_07,INV-103262
TXN-000598,2025-07-17,18:18,Thursday,Marketing,Vendor_003,Travel,10000.0,25000,Approver_03,INV-103263
TXN-005352,2025-07-17,10:24,Thursday,IT,Vendor_007,Travel,80.04,40000,Approver_12,INV-103264
TXN-001649,2025-07-17,18:06,Thursday,Sales,Vendor_060,Software,2459.42,20000,Approver_02,INV-103265
TXN-003778,2025-07-17,14:39,Thursday,Sales,Vendor_034,Utilities,1224.0,20000,Approver_08,INV-103266
TXN-004835,2025-07-17,11:02,Thursday,Finance,Vendor_060,Utilities,112.79,60000,Approver_15,INV-103267
TXN-005794,2025-07-17,12:50,Thursday,IT,Vendor_060,Equipment,8768.91,40000,Approver_15,INV-103268
TXN-002221,2025-07-17,14:15,Thursday,Finance,Vendor_017,Utilities,13.09,60000,Approver_01,INV-103269
TXN-002447,2025-07-17,16:15,Thursday,Procurement,Vendor_050,Travel,158.28,50000,Approver_04,INV-103270
TXN-001263,2025-07-17,14:52,Thursday,Operations,Vendor_005,Utilities,307.65,30000,Approver_04,INV-103267
TXN-000580,2025-07-17,13:10,Thursday,HR,Vendor_045,Travel,8794.45,15000,Approver_05,INV-103272
TXN-002739,2025-07-17,12:43,Thursday,Procurement,Vendor_028,Supplies,405.87,50000,Approver_08,INV-103273
TXN-001955,2025-07-17,14:06,Thursday,Procurement,Vendor_025,Supplies,44787.05,50000,Approver_01,INV-103274
TXN-005969,2025-07-17,18:06,Thursday,Procurement,Vendor_041,Travel,12.84,50000,Approver_01,INV-103275
TXN-002881,2025-07-17,16:05,Thursday,Finance,Vendor_027,Travel,278.22,60000,Approver_12,INV-103276
TXN-002858,2025-07-18,16:15,Friday,Sales,Vendor_038,Consulting,57.13,20000,Approver_02,INV-103277
TXN-005285,2025-07-18,09:53,Friday,IT,Vendor_056,Consulting,120.57,40000,Approver_01,INV-103278
TXN-005970,2025-07-18,17:25,Friday,HR,Vendor_027,Equipment,-4232.33,15000,Approver_05,INV-103279
TXN-000697,2025-07-18,12:33,Friday,Operations,Vendor_018,Utilities,183.09,30000,Approver_10,INV-103280
TXN-000784,2025-07-18,10:41,Friday,Finance,Vendor_029,Misc,115.0,60000,Approver_06,INV-103281
TXN-002279,2025-07-18,17:34,Friday,IT,Vendor_059,Equipment,1718.29,40000,Approver_03,INV-103282
TXN-005651,2025-07-18,16:21,Friday,HR,Vendor_059,Equipment,386.91,15000,Approver_05,INV-103283
TXN-001610,2025-07-18,10:47,Friday,Procurement,Vendor_007,Consulting,674.97,50000,Approver_07,INV-103284
TXN-003752,2025-07-18,16:19,Friday,Finance,Vendor_059,Utilities,53.07,60000,Approver_05,INV-103285
TXN-005701,2025-07-18,11:42,Friday,Sales,Vendor_049,Travel,2078.33,20000,Approver_02,INV-103286
TXN-003379,2025-07-18,13:58,Friday,Sales,Vendor_004,Travel,1427.55,20000,Approver_08,INV-103287
TXN-002697,2025-07-18,14:13,Friday,Sales,Vendor_016,Travel,256.78,20000,Approver_06,INV-103288
TXN-005524,2025-07-18,08:11,Friday,Operations,Vendor_036,Misc,31.51,30000,Approver_03,INV-103289
TXN-004360,2025-07-18,13:06,Friday,Procurement,Vendor_022,Software,319.55,50000,Approver_04,INV-103290
TXN-002246,2025-07-18,09:22,Friday,IT,Vendor_024,Utilities,24862.16,40000,Approver_12,INV-103291
TXN-000815,2025-07-18,15:23,Friday,Finance,Vendor_001,Software,111.45,60000,Approver_15,INV-103292
TXN-002677,2025-07-18,14:01,Friday,HR,Vendor_038,Equipment,114.8,15000,Approver_10,INV-103293
TXN-001399,2025-07-18,12:11,Friday,IT,Vendor_017,Consulting,143.3,40000,Approver_02,INV-103294
TXN-002266,2025-07-18,16:14,Friday,HR,Vendor_004,Software,13912.84,15000,Approver_10,INV-103295
TXN-002478,2025-07-18,16:50,Friday,Sales,Vendor_033,Consulting,4296.43,20000,Approver_02,INV-103296
TXN-003331,2025-07-18,16:20,Friday,Sales,Vendor_046,Software,18.94,20000,Approver_13,INV-103297
TXN-004489,2025-07-18,16:42,Friday,IT,Vendor_052,Travel,1276.27,40000,Approver_08,INV-103298
TXN-003942,2025-07-18,15:47,Friday,Procurement,Vendor_035,Consulting,711.05,50000,Approver_05,INV-103299
TXN-001578,2025-07-19,01:22,Saturday,Procurement,Vendor_007,Misc,57.8,50000,Approver_09,INV-103300
TXN-005191,2025-07-19,13:19,Saturday,IT,Vendor_018,Utilities,245.52,40000,Approver_09,INV-103301
TXN-000104,2025-07-21,14:58,Monday,Procurement,Vendor_009,Supplies,6307.47,50000,Approver_03,INV-103302
TXN-005396,2025-07-21,12:55,Monday,IT,Vendor_040,Consulting,6321.99,40000,Approver_15,INV-103297
TXN-000757,2025-07-21,11:03,Monday,IT,Vendor_002,Travel,5114.45,40000,Approver_13,INV-103304
TXN-002826,2025-07-21,14:10,Monday,Sales,Vendor_055,Equipment,416.74,20000,Approver_01,INV-103299
TXN-005119,2025-07-21,15:32,Monday,Marketing,Vendor_026,Equipment,15000.0,25000,Approver_05,INV-103306
TXN-002818,2025-07-21,14:00,Monday,Marketing,Vendor_054,Consulting,3559.28,25000,Approver_02,INV-103307
TXN-002339,2025-07-21,11:58,Monday,HR,Vendor_031,Misc,216.21,15000,Approver_09,INV-103308
TXN-000344,2025-07-21,10:05,Monday,HR,Vendor_041,Travel,952.7,15000,Approver_02,INV-103309
TXN-000007,2025-07-21,17:13,Monday,Marketing,Vendor_040,Equipment,2121.0,25000,Approver_12,INV-103310
TXN-002655,2025-07-21,18:30,Monday,Sales,Vendor_053,Misc,820.19,20000,Approver_06,INV-103311
TXN-001741,2025-07-21,17:29,Monday,Procurement,Vendor_057,Supplies,12.69,50000,Approver_15,INV-103312
TXN-000414,2025-07-21,16:52,Monday,Operations,Vendor_047,Travel,10.84,30000,Approver_04,INV-103313
TXN-004545,2025-07-21,14:53,Monday,Marketing,Vendor_025,Software,562.03,25000,Approver_13,INV-103314
TXN-005820,2025-07-21,14:01,Monday,Sales,Vendor_041,Consulting,40461.06,20000,Approver_04,INV-103315
TXN-002969,2025-07-21,10:13,Monday,IT,Vendor_004,Consulting,3575.1,40000,Approver_07,INV-103316
TXN-000440,2025-07-21,14:47,Monday,Marketing,Vendor_004,Misc,3625.81,25000,Approver_11,INV-103317
TXN-003116,2025-07-21,12:50,Monday,Sales,Vendor_057,Travel,790.64,20000,Approver_12,INV-103318
TXN-003428,2025-07-21,16:40,Monday,Marketing,Vendor_031,Travel,-3934.95,25000,Approver_09,INV-103319
TXN-001808,2025-07-21,12:32,Monday,Finance,Vendor_032,Travel,471.66,60000,Approver_06,INV-103320
TXN-001365,2025-07-21,17:25,Monday,IT,Vendor_002,Consulting,2551.9,40000,Approver_01,INV-103321
TXN-005590,2025-07-21,15:23,Monday,Finance,Vendor_017,Consulting,2397.77,60000,Approver_15,INV-103322
TXN-002993,2025-07-21,11:18,Monday,Marketing,Vendor_007,Software,2597.4,25000,Approver_04,INV-103323
TXN-004257,2025-07-21,15:40,Monday,Marketing,Vendor_036,Equipment,5258.57,25000,Approver_04,INV-103324
TXN-003439,2025-07-21,15:25,Monday,Sales,Vendor_024,Supplies,1790.36,20000,Approver_05,INV-103325
TXN-001875,2025-07-21,14:37,Monday,HR,Vendor_060,Equipment,259.33,15000,Approver_03,INV-103326
TXN-005614,2025-07-21,17:45,Monday,IT,Vendor_053,Supplies,6529.85,40000,Approver_07,INV-103327
TXN-005582,2025-07-21,15:14,Monday,Finance,Vendor_054,Software,296.98,60000,Approver_13,INV-103328
TXN-004859,2025-07-21,16:21,Monday,Finance,Vendor_033,Supplies,693.46,60000,Approver_08,INV-103329
TXN-002123,2025-07-22,12:46,Tuesday,Marketing,Vendor_022,Consulting,74.48,25000,Approver_11,INV-103330
TXN-002087,2025-07-22,11:29,Tuesday,Finance,Vendor_021,Software,293.89,60000,Approver_13,INV-103331
TXN-000550,2025-07-22,09:36,Tuesday,Sales,Vendor_056,Travel,122.2,20000,Approver_08,INV-103332
TXN-002162,2025-07-22,09:39,Tuesday,HR,Vendor_008,Consulting,285.34,15000,Approver_14,INV-103333
TXN-001891,2025-07-22,12:41,Tuesday,Sales,Vendor_051,Consulting,62.32,20000,Approver_06,INV-103334
TXN-005467,2025-07-22,14:46,Tuesday,Procurement,Vendor_039,Supplies,48618.01,50000,Approver_13,INV-103335
TXN-000282,2025-07-22,17:50,Tuesday,Sales,Vendor_047,Misc,733.8,20000,Approver_02,INV-103336
TXN-003859,2025-07-22,09:25,Tuesday,Operations,Vendor_053,Supplies,87.97,30000,Approver_07,INV-103337
TXN-003450,2025-07-22,14:17,Tuesday,Operations,Vendor_008,Software,747.37,30000,Approver_08,INV-103338
TXN-005478,2025-07-22,12:37,Tuesday,Finance,Vendor_052,Supplies,15000.0,60000,Approver_14,INV-103339
TXN-001995,2025-07-22,14:19,Tuesday,Procurement,Vendor_016,Software,3490.87,50000,Approver_05,INV-103335
TXN-003967,2025-07-22,12:34,Tuesday,HR,Vendor_018,Equipment,9821.7,15000,Approver_13,INV-103341
TXN-001849,2025-07-22,11:53,Tuesday,Procurement,Vendor_026,Equipment,10.08,50000,Approver_03,INV-103342
TXN-005160,2025-07-22,09:00,Tuesday,Marketing,Vendor_022,Equipment,656.3,25000,Approver_12,INV-103343
TXN-004964,2025-07-22,09:08,Tuesday,Finance,Vendor_056,Software,2467.01,60000,Approver_05,INV-103344
TXN-002710,2025-07-22,14:13,Tuesday,Sales,Vendor_053,Software,2684.33,20000,Approver_03,INV-103345
TXN-003314,2025-07-22,14:45,Tuesday,Finance,Vendor_016,Equipment,146.84,60000,,INV-103346
TXN-004787,2025-07-22,10:34,Tuesday,HR,Vendor_010,Software,318.79,15000,Approver_03,INV-103347
TXN-000019,2025-07-22,12:16,Tuesday,Operations,Vendor_048,Travel,2332.29,30000,Approver_06,INV-103348
TXN-003243,2025-07-22,12:47,Tuesday,Operations,Vendor_046,Software,317.28,30000,Approver_01,INV-103349
TXN-005124,2025-07-22,16:59,Tuesday,Finance,Vendor_045,Utilities,56.35,60000,Approver_12,INV-103350
TXN-002384,2025-07-22,12:03,Tuesday,Sales,Vendor_003,Travel,10.48,20000,Approver_12,INV-103351
TXN-001221,2025-07-22,15:30,Tuesday,Sales,Vendor_051,Software,1591.11,20000,Approver_02,INV-103352
TXN-000812,2025-07-22,10:16,Tuesday,IT,Vendor_060,Equipment,81706.12,40000,Approver_14,INV-103353
TXN-003228,2025-07-23,14:38,Wednesday,Sales,Vendor_027,Supplies,19797.95,20000,Approver_13,INV-103354
TXN-001659,2025-07-23,15:46,Wednesday,Sales,Vendor_032,Supplies,185.94,20000,Approver_07,INV-103355
TXN-001226,2025-07-23,10:16,Wednesday,Procurement,Vendor_014,Supplies,655.79,50000,Approver_02,INV-103356
TXN-005268,2025-07-23,14:01,Wednesday,Marketing,Vendor_040,Utilities,180.1,25000,Approver_15,INV-103357
TXN-000578,2025-07-23,10:39,Wednesday,Marketing,Vendor_010,Software,6339.26,25000,Approver_13,INV-103358
TXN-005251,2025-07-23,15:13,Wednesday,Sales,Vendor_020,Software,1486.34,20000,Approver_08,INV-103359
TXN-005393,2025-07-23,09:06,Wednesday,Procurement,Vendor_004,Equipment,19.32,50000,Approver_03,INV-103360
TXN-000752,2025-07-23,15:29,Wednesday,Marketing,Vendor_058,Supplies,303.59,25000,Approver_01,INV-103361
TXN-003906,2025-07-23,18:06,Wednesday,Finance,Vendor_060,Software,631.52,60000,Approver_05,INV-103362
TXN-002593,2025-07-23,17:01,Wednesday,HR,Vendor_031,Travel,3312.91,15000,Approver_03,INV-103363
TXN-001251,2025-07-23,09:45,Wednesday,HR,Vendor_051,Misc,34.41,15000,Approver_14,INV-103364
TXN-002873,2025-07-23,11:59,Wednesday,HR,Vendor_052,Consulting,33.83,15000,Approver_12,INV-103365
TXN-001815,2025-07-23,09:27,Wednesday,Sales,Vendor_059,Consulting,12.16,20000,Approver_11,INV-103366
TXN-003790,2025-07-23,16:45,Wednesday,HR,Vendor_028,Equipment,459.42,15000,Approver_06,INV-103367
TXN-002607,2025-07-23,18:06,Wednesday,HR,Vendor_050,Misc,532.21,15000,Approver_13,INV-103368
TXN-003254,2025-07-23,12:57,Wednesday,Sales,Vendor_007,Travel,1969.05,20000,Approver_09,INV-103369
TXN-000719,2025-07-23,11:26,Wednesday,Marketing,Vendor_029,Supplies,275.81,25000,Approver_01,INV-103370
TXN-001629,2025-07-23,11:13,Wednesday,Finance,Vendor_043,Travel,22570.87,60000,Approver_15,INV-103371
TXN-001411,2025-07-23,10:01,Wednesday,Sales,Vendor_051,Supplies,960.47,20000,Approver_13,INV-103372
TXN-005529,2025-07-24,17:04,Thursday,HR,Vendor_030,Utilities,-4965.56,15000,Approver_10,INV-103373
TXN-002406,2025-07-24,18:07,Thursday,Sales,Vendor_031,Utilities,17.09,20000,,INV-103374
TXN-005256,2025-07-24,12:03,Thursday,Operations,Vendor_004,Software,20.65,30000,Approver_07,INV-103375
TXN-003381,2025-07-24,17:18,Thursday,Sales,Vendor_036,Equipment,287.93,20000,Approver_13,INV-103376
TXN-002734,2025-07-24,13:29,Thursday,Procurement,Vendor_034,Software,3487.11,50000,Approver_11,INV-103377
TXN-005436,2025-07-24,17:44,Thursday,Sales,Vendor_037,Consulting,30.6,20000,Approver_11,INV-103378
TXN-003865,2025-07-24,11:52,Thursday,Operations,Vendor_044,Supplies,154.75,30000,Approver_07,INV-103379
TXN-001713,2025-07-24,12:18,Thursday,Marketing,Vendor_039,Misc,611.1,25000,Approver_04,INV-103380
TXN-000817,2025-07-24,11:30,Thursday,Finance,Vendor_058,Equipment,15.54,60000,Approver_14,INV-103381
TXN-005494,2025-07-24,09:31,Thursday,Operations,Vendor_028,Misc,1215.15,30000,Approver_06,INV-103382
TXN-005696,2025-07-24,08:03,Thursday,Operations,Vendor_030,Utilities,150.91,30000,Approver_12,INV-103383
TXN-004981,2025-07-24,12:22,Thursday,Finance,Vendor_018,Utilities,15014.07,60000,Approver_05,INV-103384
TXN-001477,2025-07-24,17:34,Thursday,Operations,Vendor_029,Consulting,99460.43,30000,Approver_08,INV-103385
TXN-004055,2025-07-24,17:17,Thursday,HR,Vendor_011,Supplies,38.42,15000,Approver_10,INV-103386
TXN-001348,2025-07-24,11:39,Thursday,Operations,Vendor_034,Consulting,9848.56,30000,Approver_14,INV-103387
TXN-001101,2025-07-24,17:11,Thursday,Sales,Vendor_038,Software,127.79,20000,Approver_12,INV-103388
TXN-001689,2025-07-24,12:29,Thursday,Sales,Vendor_047,Equipment,60.8,20000,Approver_05,INV-103389
TXN-001968,2025-07-25,10:43,Friday,Finance,Vendor_046,Consulting,57.15,60000,Approver_01,INV-103390
TXN-002399,2025-07-25,15:01,Friday,HR,Vendor_029,Equipment,43.03,15000,Approver_05,INV-103391
TXN-002519,2025-07-25,11:33,Friday,HR,Vendor_058,Equipment,13701.25,15000,Approver_10,INV-103392
TXN-001658,2025-07-25,10:42,Friday,Finance,Vendor_019,Utilities,47.38,60000,Approver_07,INV-103393
TXN-003656,2025-07-25,11:29,Friday,Marketing,Vendor_043,Equipment,963.96,25000,Approver_05,INV-103394
TXN-002485,2025-07-25,11:02,Friday,IT,Vendor_005,Consulting,626.86,40000,Approver_04,INV-103395
TXN-001252,2025-07-25,09:23,Friday,Operations,Vendor_011,Consulting,2302.39,30000,Approver_15,INV-103396
TXN-000190,2025-07-25,18:09,Friday,IT,Vendor_001,Utilities,1356.83,40000,Approver_04,INV-103397
TXN-002420,2025-07-25,10:48,Friday,HR,Vendor_002,Utilities,117.02,15000,Approver_13,INV-103398
TXN-000331,2025-07-25,10:47,Friday,IT,Vendor_054,Equipment,64075.72,40000,Approver_08,INV-103399
TXN-002546,2025-07-25,12:34,Friday,HR,Vendor_038,Supplies,170.28,15000,Approver_10,INV-103400
TXN-001139,2025-07-25,08:16,Friday,Finance,Vendor_032,Software,571.87,60000,Approver_08,INV-103401
TXN-000737,2025-07-25,11:16,Friday,IT,Vendor_025,Supplies,56.88,40000,Approver_05,INV-103402
TXN-001595,2025-07-25,12:07,Friday,Procurement,Vendor_054,Software,1312.92,50000,Approver_14,INV-103403
TXN-004085,2025-07-25,10:18,Friday,IT,Vendor_001,Utilities,284.25,40000,Approver_08,INV-103404
TXN-003992,2025-07-25,14:40,Friday,HR,Vendor_052,Misc,531.01,15000,Approver_07,INV-103405
TXN-005711,2025-07-25,08:31,Friday,Operations,Vendor_039,Misc,378.5,30000,Approver_09,INV-103406
TXN-000444,2025-07-25,15:45,Friday,Procurement,Vendor_010,Consulting,48143.16,50000,Approver_04,INV-103407
TXN-005262,2025-07-25,11:33,Friday,Marketing,Vendor_048,Software,7734.41,25000,Approver_09,INV-103408
TXN-003838,2025-07-25,17:26,Friday,Procurement,Vendor_054,Utilities,4742.45,50000,Approver_03,INV-103409
TXN-002776,2025-07-25,13:57,Friday,Procurement,Vendor_018,Utilities,235.38,50000,Approver_05,INV-103410
TXN-005164,2025-07-26,06:11,Saturday,HR,Vendor_010,Supplies,46.16,15000,Approver_03,INV-103411
TXN-000678,2025-07-27,08:09,Sunday,Sales,Vendor_018,Misc,49745.62,20000,Approver_08,INV-103406
TXN-000793,2025-07-28,13:07,Monday,Finance,Vendor_050,Travel,2007.61,60000,Approver_09,INV-103413
TXN-001363,2025-07-28,15:54,Monday,Finance,Vendor_021,Equipment,159.04,60000,Approver_12,INV-103414
TXN-000377,2025-07-28,08:18,Monday,Operations,Vendor_006,Equipment,552.4,30000,Approver_09,INV-103415
TXN-000457,2025-07-28,17:27,Monday,HR,Vendor_024,Software,44.88,15000,Approver_07,INV-103416
TXN-002024,2025-07-28,16:34,Monday,IT,Vendor_001,Equipment,605.33,40000,Approver_07,INV-103417
TXN-000548,2025-07-28,12:50,Monday,Finance,Vendor_032,Misc,19.95,60000,Approver_08,INV-103418
TXN-000365,2025-07-28,12:31,Monday,Procurement,Vendor_034,Travel,1743.96,50000,Approver_12,INV-103419
TXN-005580,2025-07-28,12:16,Monday,Marketing,Vendor_018,Utilities,881.32,25000,,INV-103420
TXN-001065,2025-07-28,11:21,Monday,IT,Vendor_014,Misc,38717.9,40000,Approver_14,INV-103421
TXN-003621,2025-07-28,16:21,Monday,IT,Vendor_047,Travel,37642.07,40000,Approver_01,INV-103422
TXN-005137,2025-07-28,16:22,Monday,HR,Vendor_002,Utilities,14.98,15000,Approver_02,INV-103423
TXN-001707,2025-07-28,17:45,Monday,IT,Vendor_053,Travel,834.84,40000,Approver_05,INV-103424
TXN-004774,2025-07-28,10:21,Monday,HR,Vendor_011,Equipment,10249.45,15000,Approver_13,INV-103425
TXN-002158,2025-07-28,16:36,Monday,Marketing,Vendor_040,Consulting,1413.83,25000,Approver_14,INV-103426
TXN-003991,2025-07-28,16:57,Monday,Finance,Vendor_043,Software,53.79,60000,Approver_07,INV-103427
TXN-002735,2025-07-28,10:10,Monday,Sales,Vendor_025,Software,37851.51,20000,Approver_03,INV-103428
TXN-004958,2025-07-28,13:37,Monday,IT,Vendor_034,Consulting,804.21,40000,Approver_05,INV-103429
TXN-001954,2025-07-28,12:25,Monday,Marketing,Vendor_011,Utilities,5000.0,25000,Approver_06,INV-103430
TXN-002317,2025-07-28,08:15,Monday,Procurement,Vendor_033,Supplies,49305.47,50000,Approver_08,INV-103431
TXN-003502,2025-07-28,16:38,Monday,Procurement,Vendor_021,Travel,272.99,50000,Approver_12,INV-103432
TXN-005508,2025-07-28,14:07,Monday,Operations,Vendor_032,Utilities,142.81,30000,Approver_15,INV-103433
TXN-000870,2025-07-28,17:42,Monday,IT,Vendor_016,Misc,1512.33,40000,Approver_09,INV-103434
TXN-003677,2025-07-28,17:14,Monday,Sales,Vendor_058,Equipment,42.72,20000,Approver_13,INV-103435
TXN-000524,2025-07-28,13:04,Monday,IT,Vendor_048,Equipment,85602.99,40000,Approver_03,INV-103436
TXN-001247,2025-07-29,10:57,Tuesday,HR,Vendor_017,Misc,397.54,15000,Approver_05,INV-103437
TXN-004580,2025-07-29,15:01,Tuesday,Sales,Vendor_021,Travel,77741.13,20000,Approver_04,INV-103438
TXN-003459,2025-07-29,18:21,Tuesday,HR,Vendor_025,Software,36.21,15000,Approver_13,INV-103439
TXN-004554,2025-07-29,13:34,Tuesday,Procurement,Vendor_042,Utilities,609.25,50000,Approver_10,INV-103440
TXN-003338,2025-07-29,14:27,Tuesday,Marketing,Vendor_045,Software,158.48,25000,Approver_05,INV-103441
TXN-002027,2025-07-29,16:32,Tuesday,Marketing,Vendor_023,Software,4468.58,25000,Approver_09,INV-103442
TXN-004641,2025-07-29,09:44,Tuesday,Marketing,Vendor_055,Utilities,72.3,25000,Approver_05,INV-103443
TXN-004699,2025-07-29,09:09,Tuesday,Procurement,Vendor_002,Travel,188.62,50000,Approver_12,INV-103444
TXN-001301,2025-07-29,16:39,Tuesday,Marketing,Vendor_020,Utilities,377.15,25000,Approver_01,INV-103445
TXN-002603,2025-07-29,13:01,Tuesday,IT,Vendor_052,Utilities,68.86,40000,Approver_15,INV-103446
TXN-004636,2025-07-29,13:27,Tuesday,Sales,Vendor_043,Consulting,730.95,20000,Approver_09,INV-103447
TXN-003664,2025-07-29,11:51,Tuesday,Finance,Vendor_027,Travel,104.11,60000,Approver_03,INV-103448
TXN-005357,2025-07-29,10:36,Tuesday,IT,Vendor_016,Software,10.19,40000,Approver_11,INV-103449
TXN-005547,2025-07-29,11:50,Tuesday,Marketing,Vendor_057,Utilities,10000.0,25000,Approver_06,INV-103450
TXN-003020,2025-07-29,15:42,Tuesday,Finance,Vendor_005,Utilities,9068.58,60000,Approver_06,INV-103451
TXN-004328,2025-07-29,11:25,Tuesday,Procurement,Vendor_060,Supplies,318.7,50000,Approver_06,INV-103452
TXN-002757,2025-07-29,12:35,Tuesday,Operations,Vendor_006,Equipment,2391.53,30000,Approver_13,INV-103453
TXN-001855,2025-07-29,09:35,Tuesday,Procurement,Vendor_057,Travel,1859.68,50000,Approver_11,INV-103454
TXN-004224,2025-07-29,11:35,Tuesday,Sales,Vendor_014,Travel,40.13,20000,Approver_10,INV-103455
TXN-000490,2025-07-29,11:33,Tuesday,Operations,Vendor_055,Travel,3586.63,30000,Approver_06,INV-103456
TXN-005688,2025-07-29,11:46,Tuesday,IT,Vendor_018,Software,405.68,40000,Approver_04,INV-103457
TXN-003856,2025-07-29,11:49,Tuesday,IT,Vendor_042,Misc,24.75,40000,Approver_06,INV-103458
TXN-001589,2025-07-30,15:29,Wednesday,Procurement,Vendor_044,Software,63.19,50000,Approver_14,INV-103459
TXN-005301,2025-07-30,18:28,Wednesday,Finance,Vendor_016,Supplies,596.56,60000,Approver_05,INV-103460
TXN-004350,2025-07-30,15:48,Wednesday,Procurement,Vendor_038,Misc,58757.82,50000,Approver_11,INV-103461
TXN-000877,2025-07-30,16:12,Wednesday,Sales,Vendor_042,Consulting,38.14,20000,Approver_12,INV-103462
TXN-004498,2025-07-30,14:48,Wednesday,Procurement,Vendor_005,Supplies,235.82,50000,Approver_13,INV-103463
TXN-004704,2025-07-30,08:08,Wednesday,IT,Vendor_054,Consulting,185.91,40000,Approver_03,INV-103464
TXN-005308,2025-07-30,16:11,Wednesday,Sales,Vendor_056,Travel,101.75,20000,Approver_11,INV-103465
TXN-003191,2025-07-30,16:04,Wednesday,Marketing,Vendor_011,Supplies,1707.23,25000,Approver_14,INV-103466
TXN-003290,2025-07-30,10:12,Wednesday,Operations,Vendor_024,Travel,19.68,30000,Approver_06,INV-103467
TXN-004520,2025-07-30,16:38,Wednesday,Procurement,Vendor_002,Consulting,8157.74,50000,Approver_12,INV-103468
TXN-003504,2025-07-30,11:39,Wednesday,Finance,Vendor_006,Equipment,2505.41,60000,Approver_06,INV-103469
TXN-003097,2025-07-30,16:16,Wednesday,Procurement,Vendor_035,Consulting,13.65,50000,Approver_06,INV-103470
TXN-003653,2025-07-30,14:20,Wednesday,Sales,Vendor_026,Utilities,1937.13,20000,Approver_12,INV-103471
TXN-001833,2025-07-30,13:02,Wednesday,Marketing,Vendor_009,Software,24208.79,25000,Approver_07,INV-103472
TXN-002801,2025-07-30,11:15,Wednesday,Marketing,Vendor_024,Utilities,371.13,25000,Approver_06,INV-103473
TXN-005349,2025-07-30,12:07,Wednesday,Marketing,Vendor_048,Software,512.01,25000,Approver_15,INV-103474
TXN-003463,2025-07-30,11:29,Wednesday,IT,Vendor_036,Consulting,1984.3,40000,Approver_08,INV-103475
TXN-004766,2025-07-30,12:40,Wednesday,IT,Vendor_008,Utilities,204.54,40000,Approver_10,INV-103476
TXN-000692,2025-07-30,15:20,Wednesday,Sales,Vendor_028,Utilities,20.01,20000,Approver_13,INV-103477
TXN-000509,2025-07-30,15:53,Wednesday,HR,Vendor_040,Misc,37335.59,15000,Approver_02,INV-103478
TXN-005738,2025-07-30,15:24,Wednesday,IT,Vendor_001,Travel,8907.93,40000,Approver_05,INV-103479
TXN-000204,2025-07-30,15:27,Wednesday,IT,Vendor_010,Utilities,258.3,40000,Approver_06,INV-103480
TXN-000755,2025-07-30,15:46,Wednesday,Finance,Vendor_054,Equipment,19.55,60000,Approver_05,INV-103481
TXN-002651,2025-07-31,18:25,Thursday,Procurement,Vendor_043,Travel,100.48,50000,Approver_09,INV-103482
TXN-004107,2025-07-31,14:19,Thursday,Operations,Vendor_039,Misc,10000.0,30000,Approver_15,INV-103483
TXN-004059,2025-07-31,16:06,Thursday,IT,Vendor_043,Utilities,313.5,40000,Approver_14,INV-103484
TXN-004147,2025-07-31,12:35,Thursday,Finance,Vendor_030,Supplies,15000.0,60000,Approver_15,INV-103485
TXN-001998,2025-07-31,14:31,Thursday,Finance,Vendor_058,Travel,62.6,60000,Approver_15,INV-103486
TXN-003414,2025-07-31,17:47,Thursday,IT,Vendor_022,Utilities,111.9,40000,Approver_09,INV-103487
TXN-001820,2025-07-31,17:51,Thursday,Procurement,Vendor_031,Utilities,17760.34,50000,Approver_12,INV-103488
TXN-005862,2025-07-31,16:34,Thursday,Sales,Vendor_031,Software,203.13,20000,Approver_14,INV-103489
TXN-005332,2025-07-31,11:35,Thursday,Finance,Vendor_022,Travel,267.23,60000,Approver_02,INV-103490
TXN-005514,2025-07-31,16:42,Thursday,Marketing,Vendor_003,Utilities,265.9,25000,Approver_13,INV-103491
TXN-005528,2025-07-31,11:10,Thursday,Operations,Vendor_006,Supplies,3191.68,30000,Approver_05,INV-103492
TXN-000245,2025-07-31,16:33,Thursday,Procurement,Vendor_060,Travel,20000.0,50000,Approver_06,INV-103493
TXN-001756,2025-07-31,16:34,Thursday,HR,Vendor_040,Supplies,880.0,15000,Approver_15,INV-103494
TXN-003363,2025-07-31,11:44,Thursday,Finance,Vendor_055,Software,13113.91,60000,Approver_11,INV-103495
TXN-003728,2025-07-31,09:33,Thursday,Procurement,Vendor_041,Equipment,85.78,50000,Approver_07,INV-103496
TXN-000726,2025-07-31,11:43,Thursday,Finance,Vendor_018,Equipment,7641.75,60000,Approver_03,INV-103497
TXN-004690,2025-07-31,11:44,Thursday,Marketing,Vendor_016,Utilities,1446.89,25000,Approver_01,INV-103498
TXN-003247,2025-07-31,11:37,Thursday,HR,Vendor_012,Software,282.26,15000,Approver_02,INV-103499
TXN-000468,2025-07-31,14:08,Thursday,IT,Vendor_060,Consulting,649.02,40000,Approver_02,INV-103500
TXN-005842,2025-07-31,11:15,Thursday,Operations,Vendor_028,Software,30432.33,30000,Approver_04,INV-103501
TXN-005637,2025-07-31,11:30,Thursday,Operations,Vendor_044,Misc,8167.03,30000,Approver_06,INV-103502
TXN-001410,2025-07-31,15:33,Thursday,IT,Vendor_014,Software,11.86,40000,Approver_04,INV-103503
TXN-002999,2025-07-31,16:03,Thursday,HR,Vendor_032,Supplies,1243.26,15000,Approver_11,INV-103504
TXN-004798,2025-07-31,15:23,Thursday,Operations,Vendor_044,Supplies,862.92,30000,Approver_01,INV-103505
TXN-002111,2025-07-31,09:38,Thursday,IT,Vendor_047,Equipment,227.5,40000,,INV-103506
TXN-003616,2025-07-31,10:32,Thursday,Procurement,Vendor_009,Consulting,26.57,50000,Approver_01,INV-103507
TXN-000396,2025-07-31,11:16,Thursday,IT,Vendor_046,Software,940.55,40000,Approver_15,INV-103508
TXN-005690,2025-07-31,13:37,Thursday,Procurement,Vendor_058,Travel,194.98,50000,Approver_01,INV-103509
TXN-001705,2025-08-01,14:14,Friday,Finance,Vendor_027,Misc,90296.03,60000,Approver_07,INV-103510
TXN-003588,2025-08-01,08:56,Friday,HR,Vendor_028,Utilities,56.09,15000,Approver_10,INV-103511
TXN-001708,2025-08-01,14:37,Friday,Finance,Vendor_034,Supplies,27.61,60000,Approver_15,INV-103512
TXN-000800,2025-08-01,14:55,Friday,Sales,Vendor_040,Software,19331.92,20000,Approver_07,INV-103513
TXN-005347,2025-08-01,09:29,Friday,Marketing,Vendor_038,Equipment,5000.0,25000,Approver_01,INV-103514
TXN-005609,2025-08-01,11:19,Friday,Sales,Vendor_003,Travel,341.74,20000,Approver_09,INV-103515
TXN-001174,2025-08-01,17:31,Friday,Finance,Vendor_052,Supplies,31.42,60000,Approver_05,INV-103516
TXN-003534,2025-08-01,14:43,Friday,Operations,Vendor_051,Consulting,1102.45,30000,Approver_11,INV-103517
TXN-002572,2025-08-01,15:28,Friday,IT,Vendor_057,Travel,806.84,40000,Approver_05,INV-103518
TXN-004308,2025-08-01,10:08,Friday,Sales,Vendor_050,Utilities,1094.24,20000,Approver_10,INV-103519
TXN-005361,2025-08-01,09:58,Friday,Sales,Vendor_013,Equipment,146.83,20000,Approver_08,INV-103520
TXN-001060,2025-08-01,18:36,Friday,HR,Vendor_027,Utilities,1242.34,15000,,INV-103521
TXN-005921,2025-08-01,16:10,Friday,Finance,Vendor_033,Consulting,87.19,60000,Approver_04,INV-103522
TXN-002459,2025-08-01,08:01,Friday,Operations,Vendor_060,Software,419.21,30000,Approver_05,INV-103523
TXN-005263,2025-08-01,10:03,Friday,Finance,Vendor_041,Utilities,12.68,60000,Approver_01,INV-103524
TXN-004943,2025-08-01,17:38,Friday,HR,Vendor_052,Consulting,89.81,15000,Approver_06,INV-103525
TXN-005740,2025-08-01,16:04,Friday,Operations,Vendor_054,Software,3112.48,30000,Approver_05,INV-103526
TXN-005453,2025-08-01,15:36,Friday,Procurement,Vendor_032,Consulting,8143.04,50000,Approver_15,INV-103527
TXN-002294,2025-08-01,16:26,Friday,Procurement,Vendor_038,Travel,366.28,50000,Approver_08,INV-103528
TXN-004986,2025-08-01,12:29,Friday,Procurement,Vendor_007,Supplies,216.79,50000,Approver_06,INV-103529
TXN-000417,2025-08-01,14:22,Friday,HR,Vendor_054,Travel,23221.26,15000,Approver_13,INV-103530
TXN-005226,2025-08-01,15:43,Friday,Marketing,Vendor_012,Travel,361.86,25000,Approver_10,INV-103531
TXN-005689,2025-08-01,17:19,Friday,HR,Vendor_050,Software,382.94,15000,Approver_09,INV-103532
TXN-002820,2025-08-01,11:11,Friday,Operations,Vendor_021,Misc,608.78,30000,Approver_03,INV-103533
TXN-003494,2025-08-01,14:29,Friday,Marketing,Vendor_028,Consulting,818.63,25000,Approver_11,INV-103534
TXN-005317,2025-08-03,03:10,Sunday,Marketing,Vendor_056,Travel,731.33,25000,Approver_06,INV-103535
TXN-000924,2025-08-04,14:31,Monday,Finance,Vendor_037,Equipment,116.38,60000,Approver_03,INV-103536
TXN-000189,2025-08-04,14:13,Monday,Finance,Vendor_035,Supplies,6166.38,60000,Approver_09,INV-103537
TXN-002401,2025-08-04,16:55,Monday,HR,Vendor_013,Consulting,124.53,15000,Approver_15,INV-103538
TXN-000551,2025-08-04,17:01,Monday,Procurement,Vendor_053,Supplies,176.02,50000,Approver_04,INV-103539
TXN-001498,2025-08-04,18:46,Monday,Marketing,Vendor_060,Equipment,515.45,25000,Approver_10,INV-103540
TXN-000302,2025-08-04,17:35,Monday,Procurement,Vendor_054,Utilities,2068.37,50000,Approver_05,INV-103541
TXN-003770,2025-08-04,12:10,Monday,IT,Vendor_027,Misc,291.39,40000,,INV-103542
TXN-003064,2025-08-04,11:05,Monday,Sales,Vendor_023,Supplies,1346.78,20000,Approver_13,INV-103543
TXN-000129,2025-08-04,16:39,Monday,Finance,Vendor_025,Equipment,14.37,60000,Approver_13,INV-103544
TXN-005208,2025-08-04,13:46,Monday,Operations,Vendor_017,Equipment,441.07,30000,Approver_07,INV-103545
TXN-000677,2025-08-04,14:59,Monday,Procurement,Vendor_046,Utilities,1822.53,50000,Approver_10,INV-103546
TXN-004027,2025-08-04,11:02,Monday,Operations,Vendor_060,Consulting,92.78,30000,Approver_15,INV-103547
TXN-005891,2025-08-04,16:48,Monday,IT,Vendor_045,Travel,127.38,40000,Approver_15,INV-103548
TXN-004485,2025-08-04,17:54,Monday,Finance,Vendor_040,Equipment,128.43,60000,,INV-103549
TXN-000087,2025-08-04,15:14,Monday,Operations,Vendor_027,Misc,1412.27,30000,Approver_12,INV-103550
TXN-004473,2025-08-04,10:39,Monday,IT,Vendor_033,Misc,37.2,40000,Approver_02,INV-103551
TXN-004182,2025-08-04,15:01,Monday,Sales,Vendor_002,Software,104.11,20000,Approver_02,INV-103552
TXN-003019,2025-08-04,10:45,Monday,Operations,Vendor_039,Misc,309.36,30000,Approver_10,INV-103553
TXN-005543,2025-08-04,12:15,Monday,IT,Vendor_002,Travel,46.96,40000,Approver_10,INV-103554
TXN-004541,2025-08-04,18:31,Monday,Procurement,Vendor_051,Supplies,272.5,50000,Approver_09,INV-103555
TXN-001787,2025-08-04,14:38,Monday,Operations,Vendor_040,Misc,14.78,30000,Approver_04,INV-103556
TXN-002189,2025-08-04,14:45,Monday,Sales,Vendor_058,Supplies,5875.73,20000,Approver_11,INV-103557
TXN-004448,2025-08-04,10:33,Monday,Sales,Vendor_045,Travel,1994.76,20000,Approver_15,INV-103558
TXN-005812,2025-08-04,14:06,Monday,Marketing,Vendor_055,Supplies,91165.63,25000,Approver_06,INV-103559
TXN-005401,2025-08-05,17:57,Tuesday,Marketing,Vendor_019,Supplies,22506.93,25000,Approver_07,INV-103560
TXN-003777,2025-08-05,17:45,Tuesday,Operations,Vendor_049,Travel,5430.9,30000,Approver_09,INV-103561
TXN-005890,2025-08-05,11:46,Tuesday,Marketing,Vendor_057,Misc,184.89,25000,Approver_13,INV-103562
TXN-001270,2025-08-05,12:56,Tuesday,Procurement,Vendor_055,Utilities,108.15,50000,Approver_03,INV-103563
TXN-005229,2025-08-05,11:25,Tuesday,Procurement,Vendor_019,Software,5996.24,50000,Approver_11,INV-103564
TXN-000643,2025-08-05,14:18,Tuesday,Operations,Vendor_037,Equipment,1384.79,30000,Approver_11,INV-103565
TXN-005980,2025-08-05,13:29,Tuesday,Sales,Vendor_052,Supplies,10.74,20000,Approver_02,INV-103566
TXN-003798,2025-08-05,17:42,Tuesday,Finance,Vendor_003,Consulting,21.16,60000,Approver_09,INV-103567
TXN-001904,2025-08-05,11:29,Tuesday,Procurement,Vendor_055,Misc,239.19,50000,Approver_11,INV-103568
TXN-002648,2025-08-05,16:54,Tuesday,Procurement,Vendor_016,Supplies,425.35,50000,Approver_01,INV-103569
TXN-004502,2025-08-05,16:37,Tuesday,Procurement,Vendor_028,Travel,2500.0,50000,Approver_07,INV-103570
TXN-005541,2025-08-05,09:03,Tuesday,Operations,Vendor_059,Misc,52.3,30000,Approver_12,INV-103571
TXN-003635,2025-08-05,15:38,Tuesday,HR,Vendor_017,Utilities,10000.0,15000,Approver_13,INV-103572
TXN-000059,2025-08-05,18:26,Tuesday,Sales,Vendor_006,Software,18254.32,20000,Approver_05,INV-103573
TXN-004686,2025-08-05,10:04,Tuesday,HR,Vendor_022,Misc,98.07,15000,Approver_05,INV-103574
TXN-004432,2025-08-05,14:10,Tuesday,Sales,Vendor_013,Supplies,413.36,20000,Approver_14,INV-103575
TXN-003036,2025-08-05,10:55,Tuesday,Operations,Vendor_014,Software,-4207.92,30000,Approver_03,INV-103576
TXN-001767,2025-08-05,16:18,Tuesday,IT,Vendor_018,Utilities,38921.28,40000,Approver_07,INV-103577
TXN-001045,2025-08-05,11:51,Tuesday,IT,Vendor_017,Consulting,321.31,40000,Approver_15,INV-103578
TXN-004786,2025-08-05,15:16,Tuesday,IT,Vendor_016,Utilities,576.0,40000,Approver_10,INV-103579
TXN-005172,2025-08-05,11:21,Tuesday,HR,Vendor_017,Travel,3761.51,15000,Approver_12,INV-103580
TXN-001526,2025-08-05,14:33,Tuesday,Finance,Vendor_051,Supplies,92523.85,60000,Approver_04,INV-103581
TXN-002724,2025-08-05,13:42,Tuesday,Procurement,Vendor_048,Consulting,39435.23,50000,Approver_02,INV-103582
TXN-002959,2025-08-05,11:49,Tuesday,Operations,Vendor_049,Consulting,61798.31,30000,Approver_11,INV-103583
TXN-001075,2025-08-06,13:11,Wednesday,Finance,Vendor_052,Equipment,14872.72,60000,Approver_02,INV-103584
TXN-003780,2025-08-06,15:50,Wednesday,Sales,Vendor_021,Travel,3857.38,20000,Approver_05,INV-103585
TXN-002001,2025-08-06,09:47,Wednesday,IT,Vendor_021,Software,153.71,40000,Approver_15,INV-103586
TXN-002081,2025-08-06,09:16,Wednesday,HR,Vendor_053,Supplies,87.25,15000,Approver_07,INV-103587
TXN-002654,2025-08-06,12:23,Wednesday,Finance,Vendor_057,Utilities,5957.97,60000,Approver_09,INV-103588
TXN-004032,2025-08-06,12:57,Wednesday,Finance,Vendor_047,Consulting,36291.39,60000,Approver_04,INV-103589
TXN-003787,2025-08-06,17:22,Wednesday,Operations,Vendor_025,Supplies,18.53,30000,Approver_05,INV-103590
TXN-002586,2025-08-06,11:52,Wednesday,Procurement,Vendor_001,Misc,157.4,50000,Approver_08,INV-103591
TXN-005648,2025-08-06,17:31,Wednesday,Marketing,Vendor_014,Consulting,2839.48,25000,Approver_15,INV-103592
TXN-000801,2025-08-06,13:15,Wednesday,Finance,Vendor_026,Utilities,30.11,60000,Approver_02,INV-103593
TXN-004149,2025-08-06,09:14,Wednesday,Operations,Vendor_033,Software,59.56,30000,Approver_09,INV-103594
TXN-003560,2025-08-06,10:19,Wednesday,Operations,Vendor_003,Equipment,28341.9,30000,,INV-103595
TXN-005097,2025-08-06,16:15,Wednesday,HR,Vendor_049,Supplies,644.49,15000,Approver_07,INV-103596
TXN-001374,2025-08-06,15:54,Wednesday,HR,Vendor_058,Equipment,3578.04,15000,Approver_06,INV-103597
TXN-000629,2025-08-06,15:44,Wednesday,Marketing,Vendor_016,Travel,10000.0,25000,Approver_14,INV-103598
TXN-004576,2025-08-06,11:28,Wednesday,Procurement,Vendor_024,Consulting,2521.96,50000,Approver_05,INV-103599
TXN-004820,2025-08-07,11:58,Thursday,Procurement,Vendor_023,Misc,56.79,50000,Approver_10,INV-103600
TXN-003345,2025-08-07,10:39,Thursday,Procurement,Vendor_030,Consulting,365.48,50000,Approver_06,INV-103601
TXN-004123,2025-08-07,12:58,Thursday,IT,Vendor_008,Consulting,126.79,40000,Approver_02,INV-103602
TXN-004550,2025-08-07,11:37,Thursday,Finance,Vendor_013,Supplies,6643.43,60000,Approver_01,INV-103603
TXN-000941,2025-08-07,08:25,Thursday,HR,Vendor_034,Software,56622.13,15000,Approver_12,INV-103604
TXN-004996,2025-08-07,11:10,Thursday,IT,Vendor_054,Utilities,37029.31,40000,Approver_08,INV-103605
TXN-001760,2025-08-07,11:40,Thursday,Operations,Vendor_033,Equipment,160.84,30000,Approver_06,INV-103606
TXN-005232,2025-08-07,11:18,Thursday,Marketing,Vendor_021,Supplies,134.31,25000,Approver_08,INV-103607
TXN-004352,2025-08-07,16:55,Thursday,Procurement,Vendor_022,Utilities,17.98,50000,Approver_08,INV-103608
TXN-003968,2025-08-07,09:37,Thursday,IT,Vendor_040,Travel,27.37,40000,Approver_03,INV-103609
TXN-004985,2025-08-07,11:15,Thursday,Finance,Vendor_020,Equipment,1517.31,60000,Approver_12,INV-103610
TXN-002469,2025-08-07,09:43,Thursday,IT,Vendor_053,Supplies,5015.16,40000,Approver_15,INV-103611
TXN-002686,2025-08-07,15:59,Thursday,IT,Vendor_021,Travel,6738.65,40000,Approver_03,INV-103612
TXN-003541,2025-08-07,14:02,Thursday,Finance,Vendor_046,Travel,33.16,60000,Approver_11,INV-103613
TXN-003933,2025-08-07,08:38,Thursday,Marketing,Vendor_015,Software,427.2,25000,Approver_08,INV-103614
TXN-001794,2025-08-07,10:32,Thursday,HR,Vendor_005,Equipment,10898.12,15000,Approver_14,INV-103615
TXN-000727,2025-08-07,09:58,Thursday,Operations,Vendor_059,Travel,53248.02,30000,Approver_11,INV-103616
TXN-002772,2025-08-07,12:36,Thursday,HR,Vendor_022,Utilities,2841.43,15000,Approver_02,INV-103617
TXN-005934,2025-08-07,17:30,Thursday,Sales,Vendor_029,Supplies,8111.26,20000,Approver_15,INV-103618
TXN-004442,2025-08-07,11:36,Thursday,Marketing,Vendor_004,Consulting,181.96,25000,Approver_13,INV-103619
TXN-002122,2025-08-07,09:19,Thursday,Marketing,Vendor_002,Software,13028.16,25000,Approver_09,INV-103620
TXN-003563,2025-08-07,12:00,Thursday,Marketing,Vendor_053,Utilities,78.91,25000,Approver_01,INV-103621
TXN-005589,2025-08-07,15:14,Thursday,IT,Vendor_011,Consulting,488.28,40000,Approver_15,INV-103622
TXN-005844,2025-08-07,11:41,Thursday,Finance,Vendor_054,Consulting,8521.47,60000,Approver_08,INV-103623
TXN-005020,2025-08-07,09:06,Thursday,IT,Vendor_019,Consulting,51.92,40000,Approver_06,INV-103624
TXN-002117,2025-08-08,08:18,Friday,Operations,Vendor_024,Software,28125.34,30000,Approver_03,INV-103625
TXN-005841,2025-08-08,10:02,Friday,Marketing,Vendor_052,Travel,636.14,25000,Approver_14,INV-103626
TXN-002349,2025-08-08,09:00,Friday,Operations,Vendor_053,Consulting,65.56,30000,Approver_06,INV-103627
TXN-002872,2025-08-08,10:24,Friday,Operations,Vendor_043,Travel,32843.13,30000,Approver_03,INV-103628
TXN-001405,2025-08-08,13:11,Friday,Marketing,Vendor_022,Software,26.29,25000,Approver_04,INV-103629
TXN-003937,2025-08-08,11:43,Friday,HR,Vendor_044,Utilities,468.51,15000,Approver_02,INV-103630
TXN-002863,2025-08-08,12:28,Friday,Finance,Vendor_019,Equipment,13.76,60000,Approver_13,INV-103631
TXN-000698,2025-08-08,09:41,Friday,Marketing,Vendor_049,Supplies,4926.22,25000,Approver_04,INV-103632
TXN-001296,2025-08-08,11:52,Friday,Operations,Vendor_030,Equipment,146.4,30000,Approver_04,INV-103633
TXN-001433,2025-08-08,10:56,Friday,Marketing,Vendor_043,Supplies,15000.0,25000,Approver_02,INV-103634
TXN-003271,2025-08-08,15:50,Friday,HR,Vendor_011,Travel,347.94,15000,Approver_08,INV-103635
TXN-004952,2025-08-08,18:42,Friday,Finance,Vendor_045,Software,706.42,60000,Approver_04,INV-103636
TXN-004154,2025-08-08,10:10,Friday,Sales,Vendor_016,Travel,53.1,20000,Approver_01,INV-103637
TXN-003352,2025-08-08,10:13,Friday,Finance,Vendor_006,Supplies,713.82,60000,Approver_06,INV-103638
TXN-000571,2025-08-08,10:31,Friday,IT,Vendor_032,Supplies,1300.88,40000,Approver_09,INV-103639
TXN-000635,2025-08-08,15:28,Friday,Operations,Vendor_002,Travel,1606.5,30000,Approver_11,INV-103640
TXN-004883,2025-08-08,16:14,Friday,Procurement,Vendor_018,Software,20000.0,50000,Approver_15,INV-103641
TXN-001295,2025-08-08,18:14,Friday,IT,Vendor_038,Equipment,167.1,40000,Approver_01,INV-103642
TXN-003556,2025-08-08,16:56,Friday,Sales,Vendor_021,Supplies,5279.93,20000,Approver_01,INV-103643
TXN-001245,2025-08-08,11:29,Friday,Operations,Vendor_056,Travel,839.75,30000,Approver_11,INV-103644
TXN-000057,2025-08-08,11:12,Friday,HR,Vendor_002,Supplies,66456.47,15000,Approver_05,INV-103645
TXN-001460,2025-08-08,15:11,Friday,Marketing,Vendor_034,Software,56.97,25000,Approver_09,INV-103646
TXN-005661,2025-08-08,17:35,Friday,Marketing,Vendor_032,Equipment,54.13,25000,Approver_07,INV-103647
TXN-000430,2025-08-08,18:08,Friday,HR,Vendor_052,Travel,60.54,15000,Approver_02,INV-103648
TXN-002200,2025-08-08,15:15,Friday,Operations,Vendor_034,Equipment,95834.31,30000,Approver_08,INV-103649
TXN-000165,2025-08-08,10:05,Friday,Marketing,Vendor_013,Misc,735.26,25000,Approver_13,INV-103650
TXN-000205,2025-08-08,17:07,Friday,Sales,Vendor_036,Utilities,4213.7,20000,,INV-103651
TXN-001077,2025-08-08,13:17,Friday,Operations,Vendor_040,Consulting,24.77,30000,Approver_10,INV-103652
TXN-004967,2025-08-10,23:19,Sunday,HR,Vendor_052,Equipment,89327.43,15000,Approver_08,INV-103653
TXN-002450,2025-08-11,17:19,Monday,Operations,Vendor_037,Equipment,214.55,30000,Approver_05,INV-103654
TXN-000048,2025-08-11,09:34,Monday,Marketing,Vendor_058,Software,2243.44,25000,Approver_12,INV-103655
TXN-001011,2025-08-11,15:42,Monday,Sales,Vendor_048,Utilities,36.04,20000,Approver_05,INV-103656
TXN-003920,2025-08-11,13:04,Monday,IT,Vendor_051,Utilities,674.56,40000,Approver_13,INV-103657
TXN-004669,2025-08-11,14:02,Monday,HR,Vendor_034,Equipment,18.14,15000,Approver_02,INV-103658
TXN-004841,2025-08-11,10:14,Monday,Procurement,Vendor_044,Misc,69327.75,50000,Approver_09,INV-103659
TXN-000030,2025-08-11,16:02,Monday,Procurement,Vendor_027,Supplies,125.08,50000,Approver_06,INV-103660
TXN-004931,2025-08-11,14:41,Monday,Operations,Vendor_040,Software,53573.74,30000,Approver_03,INV-103661
TXN-005928,2025-08-11,11:24,Monday,IT,Vendor_053,Consulting,15.18,40000,Approver_10,INV-103662
TXN-004803,2025-08-11,11:04,Monday,Sales,Vendor_042,Supplies,42.8,20000,Approver_07,INV-103663
TXN-000315,2025-08-11,09:29,Monday,Finance,Vendor_048,Consulting,3029.24,60000,Approver_12,INV-103664
TXN-003014,2025-08-11,18:33,Monday,Marketing,Vendor_031,Equipment,174.7,25000,Approver_14,INV-103661
TXN-005539,2025-08-11,10:09,Monday,Finance,Vendor_006,Software,8390.95,60000,Approver_09,INV-103666
TXN-000868,2025-08-11,09:12,Monday,IT,Vendor_027,Utilities,172.61,40000,Approver_15,INV-103667
TXN-002236,2025-08-11,11:55,Monday,Marketing,Vendor_037,Utilities,596.34,25000,Approver_06,INV-103668
TXN-002263,2025-08-11,18:30,Monday,Operations,Vendor_051,Supplies,94008.36,30000,Approver_15,INV-103669
TXN-002553,2025-08-11,13:04,Monday,HR,Vendor_003,Consulting,90247.64,15000,Approver_06,INV-103670
TXN-001731,2025-08-11,17:48,Monday,Procurement,Vendor_034,Travel,440.85,50000,Approver_09,INV-103671
TXN-004880,2025-08-11,15:15,Monday,Marketing,Vendor_005,Software,5418.41,25000,Approver_04,INV-103672
TXN-004788,2025-08-12,09:54,Tuesday,IT,Vendor_058,Supplies,217.3,40000,Approver_13,INV-103673
TXN-001208,2025-08-12,13:27,Tuesday,Operations,Vendor_048,Utilities,27141.95,30000,Approver_01,INV-103674
TXN-002585,2025-08-12,11:23,Tuesday,Operations,Vendor_057,Supplies,210.77,30000,Approver_08,INV-103675
TXN-003686,2025-08-12,09:04,Tuesday,Marketing,Vendor_045,Software,24144.91,25000,Approver_10,INV-103676
TXN-004204,2025-08-12,12:34,Tuesday,Operations,Vendor_045,Software,100.78,30000,Approver_07,INV-103677
TXN-004450,2025-08-12,13:37,Tuesday,HR,Vendor_021,Utilities,3069.56,15000,Approver_08,INV-103678
TXN-003706,2025-08-12,18:08,Tuesday,Finance,Vendor_032,Utilities,1454.3,60000,Approver_04,INV-103679
TXN-000307,2025-08-12,11:32,Tuesday,Sales,Vendor_043,Equipment,1672.1,20000,,INV-103680
TXN-002767,2025-08-12,14:27,Tuesday,Finance,Vendor_037,Utilities,8817.05,60000,Approver_12,INV-103681
TXN-003365,2025-08-12,11:50,Tuesday,Procurement,Vendor_005,Equipment,2613.92,50000,Approver_09,INV-103682
TXN-005836,2025-08-12,18:53,Tuesday,Operations,Vendor_010,Software,184.99,30000,Approver_01,INV-103683
TXN-000975,2025-08-12,11:12,Tuesday,HR,Vendor_058,Software,313.62,15000,Approver_07,INV-103684
TXN-005040,2025-08-12,15:01,Tuesday,Finance,Vendor_002,Travel,1278.58,60000,Approver_02,INV-103685
TXN-002357,2025-08-12,10:06,Tuesday,Finance,Vendor_045,Utilities,17.54,60000,Approver_06,INV-103686
TXN-000045,2025-08-12,16:48,Tuesday,Finance,Vendor_020,Travel,5494.25,60000,Approver_14,INV-103687
TXN-000133,2025-08-12,16:27,Tuesday,Procurement,Vendor_027,Travel,-4689.28,50000,Approver_04,INV-103688
TXN-000992,2025-08-12,12:19,Tuesday,Finance,Vendor_029,Consulting,137.08,60000,Approver_01,INV-103689
TXN-001420,2025-08-12,16:02,Tuesday,Sales,Vendor_043,Equipment,43.11,20000,Approver_03,INV-103690
TXN-002320,2025-08-12,11:32,Tuesday,HR,Vendor_031,Travel,40.45,15000,Approver_13,INV-103691
TXN-000096,2025-08-12,09:22,Tuesday,Procurement,Vendor_045,Equipment,630.64,50000,Approver_14,INV-103692
TXN-003542,2025-08-12,09:24,Tuesday,IT,Vendor_038,Travel,39496.73,40000,Approver_07,INV-103693
TXN-001164,2025-08-12,16:02,Tuesday,Operations,Vendor_044,Misc,119.57,30000,Approver_09,INV-103694
TXN-003078,2025-08-12,11:19,Tuesday,IT,Vendor_020,Supplies,919.61,40000,Approver_06,INV-103695
TXN-004259,2025-08-12,08:56,Tuesday,IT,Vendor_016,Misc,710.48,40000,Approver_13,INV-103696
TXN-001552,2025-08-12,15:37,Tuesday,Sales,Vendor_048,Supplies,47689.93,20000,Approver_11,INV-103697
TXN-001464,2025-08-12,15:00,Tuesday,HR,Vendor_020,Misc,112.84,15000,Approver_15,INV-103698
TXN-001094,2025-08-12,11:02,Tuesday,Marketing,Vendor_021,Supplies,-3316.11,25000,Approver_15,INV-103699
TXN-002197,2025-08-12,16:56,Tuesday,Sales,Vendor_023,Travel,7754.52,20000,Approver_13,INV-103700
TXN-000950,2025-08-12,14:13,Tuesday,IT,Vendor_051,Consulting,808.86,40000,Approver_10,INV-103701
TXN-001368,2025-08-13,18:23,Wednesday,Finance,Vendor_056,Utilities,168.44,60000,Approver_03,INV-103702
TXN-005708,2025-08-13,11:45,Wednesday,Procurement,Vendor_004,Travel,766.25,50000,Approver_07,INV-103703
TXN-002252,2025-08-13,14:56,Wednesday,IT,Vendor_031,Utilities,2595.97,40000,Approver_13,INV-103704
TXN-005946,2025-08-13,15:54,Wednesday,Procurement,Vendor_046,Utilities,48000.93,50000,,INV-103705
TXN-005439,2025-08-13,16:43,Wednesday,HR,Vendor_038,Software,11.72,15000,Approver_10,INV-103706
TXN-003774,2025-08-13,12:07,Wednesday,HR,Vendor_013,Supplies,66.03,15000,Approver_08,INV-103707
TXN-004066,2025-08-13,15:54,Wednesday,HR,Vendor_013,Consulting,579.97,15000,Approver_14,INV-103708
TXN-003744,2025-08-13,11:39,Wednesday,HR,Vendor_043,Supplies,-1193.66,15000,Approver_14,INV-103709
TXN-001850,2025-08-13,16:40,Wednesday,Finance,Vendor_059,Supplies,1000.0,60000,Approver_12,INV-103710
TXN-003760,2025-08-13,09:31,Wednesday,Operations,Vendor_040,Misc,5197.89,30000,Approver_07,INV-103711
TXN-002592,2025-08-13,10:47,Wednesday,Marketing,Vendor_038,Software,152.82,25000,Approver_14,INV-103712
TXN-000953,2025-08-13,14:07,Wednesday,Operations,Vendor_051,Misc,174.57,30000,Approver_15,INV-103713
TXN-000731,2025-08-13,18:23,Wednesday,Finance,Vendor_013,Misc,12.16,60000,Approver_04,INV-103714
TXN-000804,2025-08-13,11:20,Wednesday,IT,Vendor_006,Software,1863.58,40000,Approver_11,INV-103715
TXN-005627,2025-08-13,11:30,Wednesday,Sales,Vendor_053,Consulting,627.95,20000,Approver_15,INV-103716
TXN-005909,2025-08-13,17:22,Wednesday,Marketing,Vendor_057,Utilities,81028.17,25000,Approver_01,INV-103717
TXN-005537,2025-08-13,08:09,Wednesday,Marketing,Vendor_043,Supplies,271.59,25000,Approver_03,INV-103718
TXN-002521,2025-08-13,13:12,Wednesday,Marketing,Vendor_023,Travel,56957.08,25000,Approver_08,INV-103719
TXN-005830,2025-08-13,15:09,Wednesday,HR,Vendor_029,Supplies,513.69,15000,Approver_12,INV-103720
TXN-003522,2025-08-13,14:38,Wednesday,Operations,Vendor_028,Consulting,160.74,30000,Approver_06,INV-103721
TXN-004132,2025-08-13,09:39,Wednesday,Finance,Vendor_011,Supplies,29.14,60000,Approver_01,INV-103722
TXN-002516,2025-08-13,18:19,Wednesday,HR,Vendor_030,Misc,2722.52,15000,Approver_11,INV-103723
TXN-005077,2025-08-13,11:50,Wednesday,Marketing,Vendor_023,Travel,23.74,25000,Approver_06,INV-103724
TXN-003946,2025-08-13,15:29,Wednesday,Operations,Vendor_019,Utilities,755.77,30000,Approver_09,INV-103725
TXN-002551,2025-08-13,09:10,Wednesday,Procurement,Vendor_007,Supplies,44.72,50000,Approver_04,INV-103726
TXN-000084,2025-08-13,12:01,Wednesday,Procurement,Vendor_003,Misc,806.25,50000,Approver_03,INV-103727
TXN-004518,2025-08-13,11:13,Wednesday,HR,Vendor_015,Travel,809.16,15000,Approver_05,INV-103728
TXN-004161,2025-08-13,14:04,Wednesday,Procurement,Vendor_058,Travel,96608.58,50000,Approver_04,INV-103729
TXN-005575,2025-08-13,17:43,Wednesday,Sales,Vendor_048,Consulting,401.4,20000,Approver_11,INV-103730
TXN-002267,2025-08-14,15:27,Thursday,Marketing,Vendor_057,Travel,110.24,25000,Approver_10,INV-103726
TXN-005956,2025-08-14,17:11,Thursday,Marketing,Vendor_021,Equipment,9686.96,25000,Approver_11,INV-103732
TXN-005023,2025-08-14,10:09,Thursday,HR,Vendor_016,Travel,4091.37,15000,Approver_09,INV-103733
TXN-003508,2025-08-14,18:54,Thursday,Finance,Vendor_059,Consulting,6870.77,60000,Approver_07,INV-103734
TXN-001396,2025-08-14,16:40,Thursday,Sales,Vendor_021,Software,582.11,20000,Approver_05,INV-103735
TXN-002901,2025-08-14,15:11,Thursday,IT,Vendor_042,Utilities,56.19,40000,Approver_09,INV-103736
TXN-000314,2025-08-14,11:57,Thursday,IT,Vendor_014,Supplies,1191.9,40000,Approver_06,INV-103737
TXN-003442,2025-08-14,13:54,Thursday,Finance,Vendor_058,Supplies,108.6,60000,Approver_08,INV-103738
TXN-003885,2025-08-14,21:15,Thursday,Marketing,Vendor_027,Software,453.97,25000,Approver_02,INV-103739
TXN-004675,2025-08-14,15:36,Thursday,Finance,Vendor_052,Travel,393.97,60000,Approver_02,INV-103740
TXN-004024,2025-08-14,15:21,Thursday,Procurement,Vendor_022,Utilities,3528.86,50000,Approver_10,INV-103741
TXN-004092,2025-08-14,16:31,Thursday,Sales,Vendor_032,Utilities,121.41,20000,Approver_14,INV-103742
TXN-003121,2025-08-14,15:44,Thursday,HR,Vendor_055,Utilities,7964.64,15000,Approver_15,INV-103743
TXN-004440,2025-08-14,15:34,Thursday,Operations,Vendor_007,Software,7333.49,30000,Approver_07,INV-103744
TXN-002070,2025-08-14,09:56,Thursday,Operations,Vendor_027,Travel,2336.25,30000,Approver_06,INV-103745
TXN-001554,2025-08-14,18:55,Thursday,HR,Vendor_007,Equipment,725.89,15000,Approver_14,INV-103746
TXN-002545,2025-08-14,17:14,Thursday,IT,Vendor_044,Equipment,329.37,40000,Approver_13,INV-103747
TXN-000405,2025-08-15,16:15,Friday,Procurement,Vendor_045,Travel,284.44,50000,Approver_14,INV-103748
TXN-002837,2025-08-15,13:41,Friday,Sales,Vendor_045,Software,1553.29,20000,Approver_04,INV-103749
TXN-005898,2025-08-15,10:04,Friday,Procurement,Vendor_010,Travel,824.42,50000,Approver_10,INV-103750
TXN-001903,2025-08-15,11:57,Friday,Procurement,Vendor_051,Travel,9011.09,50000,Approver_14,INV-103751
TXN-002656,2025-08-15,11:36,Friday,Finance,Vendor_059,Consulting,375.11,60000,Approver_10,INV-103752
TXN-004274,2025-08-15,14:00,Friday,IT,Vendor_019,Consulting,4325.99,40000,Approver_05,INV-103753
TXN-001932,2025-08-15,09:19,Friday,Finance,Vendor_018,Consulting,6740.54,60000,Approver_03,INV-103754
TXN-002307,2025-08-15,15:55,Friday,Operations,Vendor_014,Supplies,73169.7,30000,Approver_03,INV-103755
TXN-001121,2025-08-15,14:33,Friday,HR,Vendor_039,Supplies,68427.28,15000,Approver_12,INV-103756
TXN-000415,2025-08-15,16:15,Friday,Operations,Vendor_008,Consulting,11.21,30000,Approver_14,INV-103757
TXN-000072,2025-08-15,12:24,Friday,Finance,Vendor_026,Utilities,1521.54,60000,Approver_01,INV-103758
TXN-001881,2025-08-15,08:02,Friday,Operations,Vendor_034,Consulting,73.97,30000,Approver_11,INV-103759
TXN-005723,2025-08-15,12:31,Friday,Sales,Vendor_037,Consulting,19604.78,20000,Approver_04,INV-103760
TXN-004497,2025-08-15,13:20,Friday,Finance,Vendor_051,Consulting,100.94,60000,Approver_07,INV-103761
TXN-005107,2025-08-15,15:42,Friday,Marketing,Vendor_030,Supplies,16.57,25000,Approver_05,INV-103762
TXN-000418,2025-08-15,12:23,Friday,Procurement,Vendor_059,Travel,91.52,50000,Approver_03,INV-103763
TXN-002729,2025-08-15,12:49,Friday,Sales,Vendor_055,Consulting,59564.93,20000,Approver_03,INV-103764
TXN-002606,2025-08-15,09:51,Friday,Finance,Vendor_030,Equipment,18363.63,60000,Approver_03,INV-103765
TXN-003409,2025-08-15,13:08,Friday,IT,Vendor_023,Consulting,11.55,40000,Approver_03,INV-103766
TXN-000054,2025-08-15,15:56,Friday,Operations,Vendor_054,Utilities,425.99,30000,Approver_15,INV-103767
TXN-001561,2025-08-15,08:54,Friday,Operations,Vendor_049,Travel,65.59,30000,Approver_09,INV-103768
TXN-004043,2025-08-15,14:50,Friday,Sales,Vendor_051,Travel,42.28,20000,Approver_12,INV-103763
TXN-003222,2025-08-15,15:47,Friday,Procurement,Vendor_038,Consulting,22.13,50000,Approver_13,INV-103770
TXN-004194,2025-08-15,11:31,Friday,HR,Vendor_023,Misc,9066.64,15000,Approver_12,INV-103771
TXN-002717,2025-08-15,17:22,Friday,Finance,Vendor_054,Software,924.12,60000,Approver_09,INV-103772
TXN-003913,2025-08-15,09:48,Friday,Finance,Vendor_054,Supplies,553.53,60000,Approver_08,INV-103773
TXN-003899,2025-08-15,10:25,Friday,Marketing,Vendor_023,Misc,23.38,25000,Approver_04,INV-103774
TXN-005662,2025-08-15,15:35,Friday,HR,Vendor_056,Equipment,30806.19,15000,Approver_14,INV-103775
TXN-001177,2025-08-16,09:29,Saturday,HR,Vendor_038,Equipment,4986.51,15000,Approver_05,INV-103776
TXN-005787,2025-08-18,10:21,Monday,Marketing,Vendor_018,Consulting,1891.52,25000,Approver_01,INV-103777
TXN-000357,2025-08-18,12:35,Monday,Operations,Vendor_022,Consulting,139.44,30000,Approver_02,INV-103778
TXN-000384,2025-08-18,09:07,Monday,HR,Vendor_031,Consulting,5000.0,15000,Approver_04,INV-103779
TXN-005368,2025-08-18,17:16,Monday,Sales,Vendor_039,Equipment,125.98,20000,Approver_09,INV-103780
TXN-005713,2025-08-18,16:52,Monday,Procurement,Vendor_026,Supplies,236.64,50000,Approver_03,INV-103781
TXN-001553,2025-08-18,11:49,Monday,IT,Vendor_033,Misc,5000.0,40000,Approver_10,INV-103782
TXN-005656,2025-08-18,17:18,Monday,IT,Vendor_054,Travel,35325.45,40000,Approver_07,INV-103783
TXN-001248,2025-08-18,15:14,Monday,Sales,Vendor_027,Travel,10000.0,20000,Approver_07,INV-103784
TXN-000628,2025-08-18,17:09,Monday,Operations,Vendor_049,Consulting,250.01,30000,Approver_15,INV-103785
TXN-003595,2025-08-18,16:15,Monday,IT,Vendor_049,Utilities,151.66,40000,Approver_02,INV-103786
TXN-004234,2025-08-18,15:11,Monday,Sales,Vendor_048,Equipment,745.59,20000,Approver_08,INV-103787
TXN-001972,2025-08-18,11:45,Monday,HR,Vendor_011,Travel,600.59,15000,Approver_14,INV-103788
TXN-000217,2025-08-18,12:39,Monday,HR,Vendor_020,Travel,10.69,15000,Approver_12,INV-103789
TXN-005286,2025-08-18,16:13,Monday,Operations,Vendor_024,Supplies,289.03,30000,Approver_07,INV-103790
TXN-003443,2025-08-18,10:49,Monday,HR,Vendor_019,Utilities,14342.92,15000,Approver_14,INV-103791
TXN-002298,2025-08-18,12:05,Monday,Operations,Vendor_023,Software,27964.85,30000,Approver_07,INV-103792
TXN-002981,2025-08-18,15:49,Monday,Operations,Vendor_022,Misc,33.03,30000,Approver_05,INV-103793
TXN-004266,2025-08-18,10:33,Monday,Procurement,Vendor_017,Equipment,9475.98,50000,Approver_13,INV-103794
TXN-002135,2025-08-18,15:25,Monday,Finance,Vendor_023,Supplies,127.58,60000,Approver_14,INV-103795
TXN-005829,2025-08-18,16:24,Monday,Operations,Vendor_048,Supplies,7500.0,30000,Approver_06,INV-103796
TXN-002667,2025-08-18,08:10,Monday,Sales,Vendor_020,Utilities,18559.92,20000,Approver_15,INV-103797
TXN-000523,2025-08-18,09:22,Monday,IT,Vendor_037,Travel,68.62,40000,Approver_02,INV-103798
TXN-001858,2025-08-18,12:54,Monday,Operations,Vendor_024,Supplies,2500.0,30000,Approver_01,INV-103799
TXN-004731,2025-08-18,09:07,Monday,HR,Vendor_021,Consulting,147.03,15000,Approver_14,INV-103800
TXN-002031,2025-08-18,10:31,Monday,Sales,Vendor_010,Supplies,18562.73,20000,,INV-103801
TXN-001353,2025-08-19,09:14,Tuesday,Operations,Vendor_039,Supplies,10908.98,30000,Approver_08,INV-103802
TXN-004096,2025-08-19,13:46,Tuesday,HR,Vendor_015,Supplies,36351.02,15000,Approver_06,INV-103803
TXN-000880,2025-08-19,09:59,Tuesday,Procurement,Vendor_033,Misc,288.07,50000,Approver_11,INV-103804
TXN-004200,2025-08-19,12:43,Tuesday,Procurement,Vendor_034,Misc,6177.05,50000,Approver_10,INV-103805
TXN-004611,2025-08-19,09:50,Tuesday,Sales,Vendor_002,Consulting,37.19,20000,Approver_08,INV-103806
TXN-003975,2025-08-19,17:00,Tuesday,IT,Vendor_005,Travel,354.19,40000,Approver_10,INV-103807
TXN-005202,2025-08-19,15:29,Tuesday,Procurement,Vendor_013,Misc,45234.61,50000,Approver_02,INV-103808
TXN-000934,2025-08-19,16:50,Tuesday,Sales,Vendor_020,Supplies,18141.57,20000,Approver_15,INV-103809
TXN-000010,2025-08-19,15:27,Tuesday,HR,Vendor_024,Equipment,4200.47,15000,Approver_07,INV-103810
TXN-000015,2025-08-19,17:00,Tuesday,Operations,Vendor_006,Consulting,26.74,30000,Approver_09,INV-103811
TXN-002395,2025-08-19,17:01,Tuesday,Sales,Vendor_046,Misc,18579.71,20000,Approver_07,INV-103812
TXN-002589,2025-08-19,15:05,Tuesday,Finance,Vendor_023,Software,250.29,60000,Approver_10,INV-103813
TXN-002746,2025-08-19,16:04,Tuesday,Procurement,Vendor_020,Travel,359.07,50000,Approver_05,INV-103814
TXN-000013,2025-08-19,12:42,Tuesday,Finance,Vendor_002,Supplies,87.67,60000,Approver_03,INV-103815
TXN-003285,2025-08-19,14:14,Tuesday,IT,Vendor_025,Travel,240.24,40000,Approver_09,INV-103816
TXN-000397,2025-08-19,12:11,Tuesday,Operations,Vendor_034,Supplies,7121.11,30000,Approver_03,INV-103817
TXN-005793,2025-08-19,18:47,Tuesday,Procurement,Vendor_048,Equipment,4198.01,50000,Approver_05,INV-103818
TXN-002975,2025-08-19,15:50,Tuesday,IT,Vendor_047,Misc,37015.62,40000,Approver_13,INV-103819
TXN-002471,2025-08-19,12:10,Tuesday,Sales,Vendor_049,Equipment,2088.59,20000,Approver_11,INV-103820
TXN-002689,2025-08-19,10:03,Tuesday,IT,Vendor_035,Equipment,2356.99,40000,Approver_08,INV-103821
TXN-002552,2025-08-19,11:59,Tuesday,Finance,Vendor_047,Travel,356.45,60000,Approver_09,INV-103822
TXN-002894,2025-08-19,08:25,Tuesday,Finance,Vendor_010,Equipment,452.28,60000,Approver_10,INV-103823
TXN-000196,2025-08-19,15:36,Tuesday,Operations,Vendor_022,Utilities,2816.99,30000,Approver_07,INV-103824
TXN-001666,2025-08-20,14:14,Wednesday,Procurement,Vendor_023,Equipment,13.83,50000,Approver_10,INV-103825
TXN-000476,2025-08-20,14:51,Wednesday,Procurement,Vendor_012,Supplies,2316.45,50000,Approver_13,INV-103826
TXN-003203,2025-08-20,13:23,Wednesday,Operations,Vendor_011,Utilities,18.07,30000,Approver_10,INV-103827
TXN-005176,2025-08-20,15:19,Wednesday,Procurement,Vendor_054,Consulting,2108.56,50000,Approver_12,INV-103828
TXN-002389,2025-08-20,12:51,Wednesday,Marketing,Vendor_011,Software,5000.0,25000,Approver_02,INV-103829
TXN-000181,2025-08-20,15:35,Wednesday,Operations,Vendor_013,Travel,21.06,30000,Approver_09,INV-103830
TXN-002204,2025-08-20,15:12,Wednesday,Operations,Vendor_052,Utilities,841.7,30000,Approver_15,INV-103831
TXN-005106,2025-08-20,12:11,Wednesday,IT,Vendor_041,Consulting,486.88,40000,Approver_03,INV-103832
TXN-001404,2025-08-20,18:05,Wednesday,Sales,Vendor_016,Travel,134.7,20000,Approver_13,INV-103833
TXN-003090,2025-08-20,11:16,Wednesday,Sales,Vendor_035,Consulting,45.83,20000,Approver_13,INV-103834
TXN-004659,2025-08-20,09:18,Wednesday,Sales,Vendor_031,Equipment,14.75,20000,Approver_14,INV-103835
TXN-000993,2025-08-20,11:38,Wednesday,Operations,Vendor_041,Supplies,48601.58,30000,Approver_06,INV-103836
TXN-003613,2025-08-20,08:15,Wednesday,Operations,Vendor_035,Software,897.91,30000,Approver_01,INV-103837
TXN-004280,2025-08-20,15:23,Wednesday,Sales,Vendor_044,Software,5037.24,20000,Approver_10,INV-103838
TXN-001516,2025-08-20,17:12,Wednesday,Procurement,Vendor_050,Utilities,263.68,50000,Approver_13,INV-103839
TXN-001980,2025-08-20,10:32,Wednesday,Procurement,Vendor_032,Utilities,19738.14,50000,Approver_12,INV-103840
TXN-004244,2025-08-20,12:23,Wednesday,Finance,Vendor_038,Misc,48.69,60000,Approver_12,INV-103841
TXN-002934,2025-08-20,09:06,Wednesday,Operations,Vendor_004,Travel,17.89,30000,Approver_02,INV-103842
TXN-002247,2025-08-20,09:18,Wednesday,IT,Vendor_029,Consulting,121.89,40000,Approver_13,INV-103843
TXN-005254,2025-08-20,17:12,Wednesday,HR,Vendor_013,Travel,49906.37,15000,Approver_14,INV-103838
TXN-003981,2025-08-20,10:15,Wednesday,Marketing,Vendor_013,Consulting,12.65,25000,Approver_12,INV-103845
TXN-003181,2025-08-20,14:47,Wednesday,Operations,Vendor_055,Utilities,107.73,30000,Approver_11,INV-103846
TXN-004726,2025-08-20,17:54,Wednesday,IT,Vendor_037,Software,1529.78,40000,Approver_09,INV-103847
TXN-001434,2025-08-20,09:27,Wednesday,IT,Vendor_029,Supplies,143.96,40000,Approver_10,INV-103848
TXN-000200,2025-08-20,16:28,Wednesday,Marketing,Vendor_017,Travel,288.04,25000,Approver_13,INV-103849
TXN-001044,2025-08-20,12:22,Wednesday,IT,Vendor_038,Consulting,20.14,40000,Approver_03,INV-103850
TXN-000498,2025-08-20,01:27,Wednesday,Procurement,Vendor_020,Utilities,150.34,50000,Approver_13,INV-103851
TXN-004019,2025-08-20,12:42,Wednesday,Finance,Vendor_023,Consulting,31289.43,60000,Approver_12,INV-103852
TXN-001715,2025-08-21,10:15,Thursday,Sales,Vendor_021,Utilities,324.23,20000,Approver_15,INV-103853
TXN-003591,2025-08-21,16:39,Thursday,Marketing,Vendor_050,Supplies,15138.23,25000,Approver_02,INV-103854
TXN-002613,2025-08-21,10:07,Thursday,Marketing,Vendor_025,Supplies,16517.9,25000,Approver_10,INV-103855
TXN-001699,2025-08-21,12:01,Thursday,Procurement,Vendor_039,Supplies,45896.0,50000,Approver_03,INV-103856
TXN-002042,2025-08-21,17:51,Thursday,Operations,Vendor_037,Equipment,815.85,30000,Approver_11,INV-103857
TXN-001829,2025-08-21,15:01,Thursday,HR,Vendor_007,Supplies,1000.0,15000,Approver_14,INV-103858
TXN-003054,2025-08-21,17:49,Thursday,Sales,Vendor_050,Consulting,4440.56,20000,Approver_05,INV-103859
TXN-000838,2025-08-21,11:20,Thursday,HR,Vendor_024,Consulting,1567.14,15000,Approver_10,INV-103860
TXN-002534,2025-08-21,18:50,Thursday,Marketing,Vendor_029,Equipment,169.27,25000,Approver_03,INV-103861
TXN-000023,2025-08-21,11:47,Thursday,Procurement,Vendor_011,Travel,7183.3,50000,Approver_01,INV-103862
TXN-004222,2025-08-21,10:16,Thursday,Sales,Vendor_020,Utilities,1726.37,20000,Approver_14,INV-103863
TXN-001876,2025-08-21,15:10,Thursday,Operations,Vendor_051,Utilities,38119.56,30000,Approver_03,INV-103864
TXN-002559,2025-08-21,10:32,Thursday,Sales,Vendor_048,Utilities,5441.13,20000,Approver_08,INV-103865
TXN-000260,2025-08-21,12:36,Thursday,Finance,Vendor_041,Misc,657.97,60000,Approver_11,INV-103866
TXN-002212,2025-08-21,12:01,Thursday,Sales,Vendor_056,Equipment,29.39,20000,Approver_12,INV-103867
TXN-003914,2025-08-21,11:13,Thursday,IT,Vendor_034,Supplies,3517.5,40000,Approver_10,INV-103868
TXN-005250,2025-08-21,16:16,Thursday,Finance,Vendor_037,Software,62.95,60000,Approver_14,INV-103869
TXN-003782,2025-08-21,15:08,Thursday,Sales,Vendor_024,Misc,-645.45,20000,Approver_13,INV-103870
TXN-000873,2025-08-21,17:37,Thursday,Operations,Vendor_018,Software,56.02,30000,Approver_13,INV-103871
TXN-005288,2025-08-21,13:58,Thursday,HR,Vendor_054,Equipment,2732.41,15000,Approver_06,INV-103872
TXN-004572,2025-08-21,14:41,Thursday,HR,Vendor_017,Misc,99664.04,15000,Approver_01,INV-103873
TXN-001316,2025-08-21,11:43,Thursday,IT,Vendor_026,Utilities,779.48,40000,Approver_14,INV-103874
TXN-001598,2025-08-22,15:48,Friday,IT,Vendor_002,Consulting,12.38,40000,Approver_01,INV-103875
TXN-003901,2025-08-22,11:10,Friday,HR,Vendor_049,Software,196.02,15000,Approver_07,INV-103876
TXN-004217,2025-08-22,10:21,Friday,Finance,Vendor_004,Travel,33944.09,60000,Approver_12,INV-103877
TXN-004000,2025-08-22,10:56,Friday,Procurement,Vendor_043,Equipment,1000.0,50000,Approver_04,INV-103878
TXN-001556,2025-08-22,11:17,Friday,Marketing,Vendor_027,Travel,182.94,25000,Approver_07,INV-103879
TXN-003915,2025-08-22,15:41,Friday,Sales,Vendor_022,Misc,824.23,20000,Approver_07,INV-103880
TXN-000652,2025-08-22,10:02,Friday,HR,Vendor_009,Supplies,18.69,15000,Approver_09,INV-103881
TXN-002328,2025-08-22,14:19,Friday,Procurement,Vendor_024,Supplies,21.59,50000,Approver_13,INV-103882
TXN-004466,2025-08-22,18:00,Friday,Procurement,Vendor_040,Equipment,67.78,50000,Approver_04,INV-103883
TXN-002699,2025-08-22,18:39,Friday,Sales,Vendor_045,Utilities,321.39,20000,Approver_15,INV-103884
TXN-000879,2025-08-22,11:11,Friday,Procurement,Vendor_035,Supplies,978.84,50000,Approver_02,INV-103885
TXN-000846,2025-08-22,16:59,Friday,Procurement,Vendor_003,Supplies,320.49,50000,Approver_08,INV-103886
TXN-000918,2025-08-22,12:09,Friday,HR,Vendor_047,Travel,13932.81,15000,Approver_08,INV-103887
TXN-004558,2025-08-22,18:59,Friday,Procurement,Vendor_041,Travel,916.87,50000,Approver_11,INV-103888
TXN-001663,2025-08-22,10:02,Friday,Procurement,Vendor_057,Misc,93181.59,50000,Approver_13,INV-103889
TXN-005168,2025-08-22,08:39,Friday,Sales,Vendor_008,Supplies,16963.74,20000,Approver_12,INV-103890
TXN-005067,2025-08-22,16:45,Friday,Marketing,Vendor_040,Software,24.94,25000,Approver_05,INV-103891
TXN-005902,2025-08-22,12:14,Friday,Operations,Vendor_047,Travel,285.11,30000,Approver_05,INV-103892
TXN-003957,2025-08-25,11:53,Monday,Finance,Vendor_029,Travel,6276.42,60000,Approver_08,INV-103893
TXN-003927,2025-08-25,09:43,Monday,Marketing,Vendor_038,Travel,12.18,25000,Approver_07,INV-103894
TXN-003698,2025-08-25,08:18,Monday,Finance,Vendor_021,Software,388.51,60000,Approver_01,INV-103895
TXN-002631,2025-08-25,11:54,Monday,Operations,Vendor_006,Utilities,43825.89,30000,Approver_13,INV-103896
TXN-002640,2025-08-25,16:49,Monday,Marketing,Vendor_013,Travel,20000.0,25000,Approver_11,INV-103897
TXN-000638,2025-08-25,14:46,Monday,HR,Vendor_013,Travel,5950.76,15000,Approver_12,INV-103898
TXN-005758,2025-08-25,16:15,Monday,Sales,Vendor_048,Travel,448.62,20000,Approver_06,INV-103899
TXN-005680,2025-08-25,09:10,Monday,HR,Vendor_040,Travel,2500.0,15000,Approver_03,INV-103900
TXN-000324,2025-08-25,11:03,Monday,Procurement,Vendor_051,Consulting,273.28,50000,Approver_03,INV-103901
TXN-003100,2025-08-25,11:00,Monday,IT,Vendor_057,Misc,183.91,40000,Approver_02,INV-103902
TXN-001560,2025-08-25,18:31,Monday,Marketing,Vendor_047,Supplies,17.67,25000,Approver_12,INV-103898
TXN-002313,2025-08-25,10:40,Monday,Marketing,Vendor_016,Utilities,33.21,25000,Approver_12,INV-103904
TXN-003349,2025-08-25,15:36,Monday,Procurement,Vendor_041,Misc,39.92,50000,Approver_05,INV-103905
TXN-000599,2025-08-25,14:54,Monday,Sales,Vendor_023,Utilities,13.04,20000,Approver_08,INV-103906
TXN-004307,2025-08-25,13:13,Monday,Operations,Vendor_049,Misc,20000.0,30000,Approver_08,INV-103907
TXN-000797,2025-08-25,15:58,Monday,Operations,Vendor_028,Travel,109.14,30000,Approver_09,INV-103908
TXN-004975,2025-08-25,17:21,Monday,Operations,Vendor_056,Utilities,10.05,30000,Approver_11,INV-103909
TXN-004076,2025-08-25,12:16,Monday,Marketing,Vendor_016,Software,113.65,25000,Approver_15,INV-103910
TXN-005355,2025-08-25,13:21,Monday,Marketing,Vendor_037,Equipment,148.55,25000,Approver_11,INV-103911
TXN-000379,2025-08-25,11:29,Monday,IT,Vendor_050,Software,5300.84,40000,Approver_01,INV-103912
TXN-002275,2025-08-25,12:59,Monday,Sales,Vendor_023,Utilities,249.08,20000,Approver_13,INV-103913
TXN-004022,2025-08-25,16:05,Monday,IT,Vendor_048,Supplies,18366.44,40000,Approver_12,INV-103914
TXN-005383,2025-08-25,13:02,Monday,Operations,Vendor_027,Misc,52643.15,30000,Approver_10,INV-103915
TXN-003919,2025-08-25,18:31,Monday,Operations,Vendor_048,Utilities,2500.0,30000,Approver_10,INV-103916
TXN-002671,2025-08-25,17:49,Monday,IT,Vendor_035,Misc,92000.61,40000,Approver_03,INV-103917
TXN-005485,2025-08-25,10:47,Monday,Operations,Vendor_014,Utilities,2111.26,30000,Approver_13,INV-103918
TXN-005122,2025-08-25,15:02,Monday,Marketing,Vendor_031,Utilities,1000.0,25000,Approver_07,INV-103919
TXN-004961,2025-08-25,18:29,Monday,Operations,Vendor_023,Equipment,130.05,30000,Approver_03,INV-103920
TXN-004906,2025-08-25,17:34,Monday,Procurement,Vendor_009,Misc,326.36,50000,Approver_11,INV-103921
TXN-002462,2025-08-25,11:30,Monday,Marketing,Vendor_009,Utilities,97.53,25000,Approver_04,INV-103922
TXN-002991,2025-08-25,16:53,Monday,Marketing,Vendor_054,Software,10.99,25000,Approver_11,INV-103923
TXN-001943,2025-08-25,12:34,Monday,Procurement,Vendor_058,Travel,23842.32,50000,Approver_01,INV-103924
TXN-001841,2025-08-25,17:03,Monday,Operations,Vendor_030,Supplies,80.98,30000,Approver_02,INV-103925
TXN-005471,2025-08-25,11:25,Monday,Marketing,Vendor_026,Travel,124.44,25000,Approver_02,INV-103926
TXN-005919,2025-08-26,15:41,Tuesday,HR,Vendor_047,Travel,13.32,15000,Approver_05,INV-103927
TXN-001159,2025-08-26,17:42,Tuesday,Finance,Vendor_006,Software,201.49,60000,Approver_13,INV-103928
TXN-002186,2025-08-26,11:27,Tuesday,Operations,Vendor_044,Supplies,13.95,30000,Approver_03,INV-103929
TXN-002862,2025-08-26,17:15,Tuesday,HR,Vendor_041,Misc,14810.95,15000,Approver_12,INV-103930
TXN-005459,2025-08-26,13:43,Tuesday,Operations,Vendor_017,Software,18.92,30000,Approver_01,INV-103931
TXN-000191,2025-08-26,10:02,Tuesday,Finance,Vendor_034,Software,66865.3,60000,Approver_02,INV-103932
TXN-004029,2025-08-26,11:39,Tuesday,Finance,Vendor_037,Misc,55664.68,60000,Approver_07,INV-103933
TXN-002645,2025-08-26,17:04,Tuesday,IT,Vendor_019,Utilities,736.23,40000,Approver_06,INV-103934
TXN-005050,2025-08-26,14:48,Tuesday,HR,Vendor_025,Supplies,5940.97,15000,Approver_11,INV-103935
TXN-000561,2025-08-26,09:35,Tuesday,Operations,Vendor_040,Misc,21.27,30000,Approver_14,INV-103936
TXN-005042,2025-08-26,16:20,Tuesday,IT,Vendor_060,Software,6366.91,40000,Approver_13,INV-103937
TXN-004627,2025-08-26,16:01,Tuesday,Procurement,Vendor_006,Software,2274.89,50000,Approver_01,INV-103938
TXN-002078,2025-08-26,12:27,Tuesday,Marketing,Vendor_032,Consulting,968.5,25000,Approver_03,INV-103939
TXN-000681,2025-08-26,09:39,Tuesday,HR,Vendor_006,Consulting,215.43,15000,Approver_01,INV-103940
TXN-003342,2025-08-26,17:48,Tuesday,HR,Vendor_006,Software,12979.34,15000,Approver_12,INV-103941
TXN-003261,2025-08-26,08:53,Tuesday,Procurement,Vendor_007,Misc,-1483.71,50000,Approver_15,INV-103942
TXN-003371,2025-08-26,11:14,Tuesday,IT,Vendor_039,Travel,277.97,40000,Approver_06,INV-103943
TXN-000413,2025-08-26,16:12,Tuesday,HR,Vendor_015,Travel,1000.0,15000,Approver_08,INV-103944
TXN-005818,2025-08-26,13:11,Tuesday,Marketing,Vendor_023,Equipment,819.32,25000,Approver_05,INV-103945
TXN-001335,2025-08-26,10:38,Tuesday,Sales,Vendor_039,Utilities,61.23,20000,Approver_02,INV-103946
TXN-003499,2025-08-26,18:19,Tuesday,HR,Vendor_035,Software,247.55,15000,Approver_05,INV-103947
TXN-002413,2025-08-26,16:02,Tuesday,Marketing,Vendor_060,Misc,24014.43,25000,Approver_09,INV-103948
TXN-001697,2025-08-26,11:28,Tuesday,Procurement,Vendor_030,Software,-2737.79,50000,Approver_01,INV-103949
TXN-004315,2025-08-26,13:47,Tuesday,Operations,Vendor_035,Consulting,89.81,30000,Approver_05,INV-103950
TXN-002293,2025-08-26,14:36,Tuesday,Procurement,Vendor_043,Supplies,770.22,50000,Approver_02,INV-103951
TXN-000436,2025-08-27,11:39,Wednesday,HR,Vendor_045,Supplies,10000.0,15000,Approver_10,INV-103952
TXN-003169,2025-08-27,10:47,Wednesday,IT,Vendor_052,Travel,300.17,40000,Approver_05,INV-103953
TXN-003531,2025-08-27,15:31,Wednesday,Operations,Vendor_048,Consulting,49.87,30000,Approver_14,INV-103954
TXN-001203,2025-08-27,17:59,Wednesday,Marketing,Vendor_026,Utilities,860.12,25000,Approver_10,INV-103955
TXN-002931,2025-08-27,15:21,Wednesday,Marketing,Vendor_005,Equipment,476.99,25000,Approver_14,INV-103956
TXN-003987,2025-08-27,17:42,Wednesday,Finance,Vendor_046,Travel,444.55,60000,Approver_15,INV-103957
TXN-005724,2025-08-27,15:53,Wednesday,Finance,Vendor_029,Equipment,10000.0,60000,Approver_03,INV-103958
TXN-005807,2025-08-27,16:27,Wednesday,Sales,Vendor_027,Travel,100.38,20000,Approver_11,INV-103959
TXN-004438,2025-08-27,15:19,Wednesday,Operations,Vendor_056,Travel,28673.61,30000,Approver_13,INV-103960
TXN-001997,2025-08-27,18:51,Wednesday,Marketing,Vendor_010,Equipment,5041.36,25000,Approver_10,INV-103961
TXN-002695,2025-08-27,11:05,Wednesday,Finance,Vendor_040,Misc,51.51,60000,Approver_01,INV-103962
TXN-000373,2025-08-27,14:35,Wednesday,Operations,Vendor_045,Utilities,3512.25,30000,Approver_02,INV-103963
TXN-004105,2025-08-27,11:51,Wednesday,Sales,Vendor_040,Supplies,20.76,20000,Approver_15,INV-103964
TXN-002144,2025-08-27,17:33,Wednesday,Procurement,Vendor_052,Consulting,4944.88,50000,Approver_15,INV-103965
TXN-002126,2025-08-27,09:40,Wednesday,Procurement,Vendor_054,Travel,3430.82,50000,Approver_09,INV-103966
TXN-003462,2025-08-27,12:17,Wednesday,Finance,Vendor_039,Consulting,53.68,60000,Approver_15,INV-103967
TXN-002792,2025-08-27,15:48,Wednesday,Finance,Vendor_001,Misc,-247.43,60000,Approver_14,INV-103968
TXN-005287,2025-08-27,13:25,Wednesday,Finance,Vendor_024,Travel,5000.0,60000,Approver_04,INV-103969
TXN-001861,2025-08-27,14:25,Wednesday,Sales,Vendor_048,Consulting,530.3,20000,Approver_04,INV-103970
TXN-003451,2025-08-27,11:12,Wednesday,Operations,Vendor_007,Travel,7601.1,30000,Approver_01,INV-103971
TXN-002184,2025-08-27,09:20,Wednesday,Operations,Vendor_030,Equipment,1697.73,30000,Approver_09,INV-103972
TXN-001776,2025-08-27,09:35,Wednesday,IT,Vendor_050,Misc,6085.48,40000,Approver_11,INV-103973
TXN-003893,2025-08-28,11:01,Thursday,Finance,Vendor_049,Supplies,4165.92,60000,Approver_04,INV-103974
TXN-002125,2025-08-28,18:32,Thursday,Marketing,Vendor_009,Supplies,791.79,25000,Approver_13,INV-103975
TXN-003189,2025-08-28,12:12,Thursday,HR,Vendor_058,Consulting,7775.06,15000,Approver_15,INV-103976
TXN-004555,2025-08-28,08:56,Thursday,IT,Vendor_011,Utilities,39454.54,40000,Approver_13,INV-103977
TXN-001216,2025-08-28,15:36,Thursday,Procurement,Vendor_016,Software,77.4,50000,Approver_15,INV-103978
TXN-001729,2025-08-28,17:47,Thursday,Operations,Vendor_043,Supplies,216.75,30000,Approver_03,INV-103979
TXN-004836,2025-08-28,12:47,Thursday,Marketing,Vendor_013,Software,6413.47,25000,Approver_04,INV-103980
TXN-005873,2025-08-28,17:00,Thursday,IT,Vendor_031,Software,67.23,40000,Approver_05,INV-103981
TXN-004936,2025-08-28,16:57,Thursday,Operations,Vendor_012,Supplies,10000.0,30000,Approver_12,INV-103982
TXN-004186,2025-08-28,11:44,Thursday,Finance,Vendor_042,Equipment,2593.25,60000,Approver_10,INV-103983
TXN-002176,2025-08-28,11:59,Thursday,Procurement,Vendor_057,Misc,923.61,50000,Approver_08,INV-103984
TXN-001205,2025-08-28,11:23,Thursday,Sales,Vendor_044,Misc,19466.43,20000,Approver_03,INV-103985
TXN-002030,2025-08-28,15:34,Thursday,Sales,Vendor_025,Software,630.32,20000,Approver_08,INV-103986
TXN-003983,2025-08-28,17:05,Thursday,Marketing,Vendor_008,Software,130.93,25000,Approver_15,INV-103987
TXN-005955,2025-08-28,12:16,Thursday,HR,Vendor_026,Software,837.54,15000,Approver_03,INV-103988
TXN-001919,2025-08-29,12:43,Friday,Sales,Vendor_055,Consulting,9072.87,20000,Approver_02,INV-103989
TXN-001330,2025-08-29,15:27,Friday,HR,Vendor_030,Software,1243.61,15000,Approver_04,INV-103990
TXN-004752,2025-08-29,18:40,Friday,Operations,Vendor_004,Utilities,20000.0,30000,Approver_15,INV-103991
TXN-002561,2025-08-29,11:27,Friday,Sales,Vendor_044,Equipment,10000.0,20000,Approver_06,INV-103992
TXN-003623,2025-08-29,09:27,Friday,Sales,Vendor_034,Software,31610.48,20000,Approver_15,INV-103993
TXN-001331,2025-08-29,08:13,Friday,Procurement,Vendor_002,Supplies,3867.0,50000,Approver_15,INV-103994
TXN-005907,2025-08-29,10:20,Friday,Operations,Vendor_056,Travel,1670.69,30000,Approver_15,INV-103995
TXN-003753,2025-08-29,16:11,Friday,Procurement,Vendor_012,Equipment,15000.0,50000,Approver_14,INV-103996
TXN-000527,2025-08-29,11:33,Friday,Operations,Vendor_007,Equipment,227.61,30000,Approver_02,INV-103997
TXN-001176,2025-08-29,18:30,Friday,IT,Vendor_020,Equipment,20000.0,40000,Approver_09,INV-103998
TXN-001376,2025-08-29,18:03,Friday,Finance,Vendor_008,Travel,639.27,60000,Approver_13,INV-103999
TXN-003876,2025-08-29,17:03,Friday,Marketing,Vendor_022,Consulting,181.73,25000,Approver_10,INV-104000
TXN-004899,2025-08-29,08:41,Friday,Procurement,Vendor_023,Travel,243.23,50000,Approver_05,INV-104001
TXN-004718,2025-08-29,13:00,Friday,Procurement,Vendor_053,Utilities,160.05,50000,Approver_12,INV-104002
TXN-004561,2025-08-29,11:21,Friday,IT,Vendor_057,Software,7500.0,40000,Approver_14,INV-104003
TXN-005659,2025-08-29,16:38,Friday,Operations,Vendor_042,Equipment,15000.0,30000,Approver_07,INV-104004
TXN-002634,2025-08-29,18:37,Friday,Marketing,Vendor_054,Supplies,121.95,25000,Approver_15,INV-104005
TXN-003033,2025-08-29,14:50,Friday,Operations,Vendor_037,Utilities,610.36,30000,Approver_14,INV-104006
TXN-001814,2025-08-29,12:07,Friday,Marketing,Vendor_006,Misc,1000.0,25000,Approver_02,INV-104007
TXN-005247,2025-08-30,03:03,Saturday,HR,Vendor_005,Software,11619.8,15000,Approver_05,INV-104008
TXN-005197,2025-09-01,11:59,Monday,Marketing,Vendor_039,Consulting,20232.95,25000,Approver_08,INV-104009
TXN-004606,2025-09-01,10:46,Monday,Marketing,Vendor_045,Utilities,1018.03,25000,Approver_01,INV-104010
TXN-004168,2025-09-01,14:49,Monday,Marketing,Vendor_014,Travel,67487.94,25000,Approver_15,INV-104011
TXN-005863,2025-09-01,11:39,Monday,HR,Vendor_003,Equipment,440.86,15000,Approver_03,INV-104012
TXN-000484,2025-09-01,09:26,Monday,Operations,Vendor_047,Consulting,140.72,30000,Approver_13,INV-104013
TXN-001355,2025-09-01,12:50,Monday,Sales,Vendor_009,Travel,84.65,20000,Approver_10,INV-104014
TXN-004298,2025-09-01,17:09,Monday,Finance,Vendor_021,Consulting,964.56,60000,Approver_03,INV-104015
TXN-002016,2025-09-01,13:06,Monday,Sales,Vendor_025,Utilities,123.05,20000,Approver_14,INV-104016
TXN-002291,2025-09-01,11:46,Monday,Sales,Vendor_031,Misc,889.47,20000,Approver_06,INV-104017
TXN-004994,2025-09-01,12:40,Monday,IT,Vendor_003,Software,130.64,40000,Approver_01,INV-104018
TXN-000511,2025-09-01,14:23,Monday,Finance,Vendor_026,Software,57701.46,60000,Approver_09,INV-104019
TXN-001385,2025-09-01,09:05,Monday,HR,Vendor_048,Consulting,550.57,15000,Approver_11,INV-104020
TXN-000782,2025-09-01,08:11,Monday,IT,Vendor_043,Travel,4377.9,40000,Approver_01,INV-104021
TXN-005395,2025-09-01,10:16,Monday,Finance,Vendor_043,Travel,78.65,60000,Approver_15,INV-104022
TXN-001455,2025-09-01,13:59,Monday,IT,Vendor_015,Supplies,215.48,40000,Approver_15,INV-104023
TXN-004586,2025-09-01,14:46,Monday,IT,Vendor_043,Software,42.94,40000,Approver_14,INV-104024
TXN-001214,2025-09-01,15:00,Monday,Marketing,Vendor_017,Utilities,1073.01,25000,Approver_03,INV-104025
TXN-000888,2025-09-01,12:25,Monday,Finance,Vendor_035,Misc,354.5,60000,Approver_15,INV-104026
TXN-005808,2025-09-01,13:21,Monday,Procurement,Vendor_050,Equipment,697.33,50000,Approver_05,INV-104027
TXN-003575,2025-09-01,10:02,Monday,Sales,Vendor_035,Consulting,842.79,20000,Approver_13,INV-104028
TXN-005854,2025-09-01,10:26,Monday,Sales,Vendor_060,Equipment,11.38,20000,Approver_06,INV-104029
TXN-003277,2025-09-01,10:08,Monday,IT,Vendor_009,Misc,19.14,40000,Approver_07,INV-104030
TXN-003918,2025-09-01,12:34,Monday,Sales,Vendor_040,Consulting,316.0,20000,Approver_05,INV-104031
TXN-001373,2025-09-01,14:37,Monday,HR,Vendor_026,Consulting,11.89,15000,Approver_08,INV-104032
TXN-002542,2025-09-01,12:43,Monday,Sales,Vendor_057,Utilities,224.24,20000,Approver_08,INV-104033
TXN-002076,2025-09-01,11:53,Monday,Operations,Vendor_037,Misc,27583.37,30000,,INV-104034
TXN-002159,2025-09-01,11:18,Monday,HR,Vendor_050,Travel,398.31,15000,Approver_13,INV-104035
TXN-001201,2025-09-01,18:40,Monday,Marketing,Vendor_029,Travel,52151.11,25000,Approver_11,INV-104036
TXN-001261,2025-09-01,12:10,Monday,Marketing,Vendor_039,Utilities,24219.03,25000,Approver_09,INV-104037
TXN-004431,2025-09-01,17:06,Monday,Procurement,Vendor_025,Utilities,7227.84,50000,Approver_01,INV-104038
TXN-001166,2025-09-02,15:22,Tuesday,Operations,Vendor_060,Misc,631.71,30000,Approver_01,INV-104033
TXN-000761,2025-09-02,17:25,Tuesday,Operations,Vendor_051,Utilities,324.59,30000,Approver_06,INV-104036
TXN-003141,2025-09-02,17:18,Tuesday,HR,Vendor_037,Equipment,549.07,15000,Approver_01,INV-104041
TXN-005433,2025-09-02,16:32,Tuesday,IT,Vendor_022,Software,1915.96,40000,Approver_12,INV-104042
TXN-004393,2025-09-02,10:55,Tuesday,Sales,Vendor_035,Supplies,13.24,20000,Approver_11,INV-104043
TXN-004884,2025-09-02,12:32,Tuesday,Finance,Vendor_026,Misc,1854.81,60000,Approver_09,INV-104044
TXN-005108,2025-09-02,14:43,Tuesday,Operations,Vendor_044,Misc,29168.16,30000,,INV-104045
TXN-001511,2025-09-02,15:30,Tuesday,IT,Vendor_009,Supplies,170.27,40000,Approver_13,INV-104046
TXN-000871,2025-09-02,17:58,Tuesday,Finance,Vendor_026,Misc,3800.44,60000,Approver_12,INV-104047
TXN-003585,2025-09-02,09:44,Tuesday,Marketing,Vendor_001,Travel,328.22,25000,Approver_09,INV-104048
TXN-004069,2025-09-02,21:11,Tuesday,IT,Vendor_008,Software,40.43,40000,Approver_15,INV-104049
TXN-003966,2025-09-02,11:51,Tuesday,IT,Vendor_033,Supplies,10000.0,40000,Approver_15,INV-104050
TXN-001255,2025-09-02,16:00,Tuesday,IT,Vendor_003,Supplies,32236.45,40000,Approver_02,INV-104051
TXN-004570,2025-09-02,12:29,Tuesday,Procurement,Vendor_055,Software,20000.0,50000,Approver_15,INV-104052
TXN-002077,2025-09-02,14:47,Tuesday,IT,Vendor_052,Supplies,130.24,40000,Approver_01,INV-104053
TXN-000861,2025-09-02,17:42,Tuesday,Marketing,Vendor_031,Equipment,5654.7,25000,Approver_04,INV-104054
TXN-003642,2025-09-02,14:51,Tuesday,Sales,Vendor_007,Utilities,14935.62,20000,Approver_09,INV-104055
TXN-001801,2025-09-02,18:46,Tuesday,HR,Vendor_054,Supplies,19.11,15000,Approver_03,INV-104056
TXN-004860,2025-09-02,11:09,Tuesday,Operations,Vendor_038,Travel,242.82,30000,Approver_01,INV-104057
TXN-004856,2025-09-02,11:31,Tuesday,HR,Vendor_023,Misc,1449.47,15000,Approver_01,INV-104058
TXN-003081,2025-09-02,11:15,Tuesday,Operations,Vendor_035,Misc,2169.02,30000,Approver_15,INV-104059
TXN-003163,2025-09-02,00:59,Tuesday,IT,Vendor_043,Consulting,21.19,40000,Approver_02,INV-104060
TXN-001022,2025-09-02,16:37,Tuesday,Sales,Vendor_028,Misc,1975.32,20000,Approver_15,INV-104061
TXN-002616,2025-09-02,16:16,Tuesday,Marketing,Vendor_019,Equipment,264.31,25000,Approver_02,INV-104062
TXN-004971,2025-09-02,16:36,Tuesday,HR,Vendor_044,Travel,181.45,15000,,INV-104063
TXN-000955,2025-09-02,11:38,Tuesday,Finance,Vendor_018,Software,408.66,60000,Approver_07,INV-104064
TXN-001113,2025-09-02,15:45,Tuesday,Marketing,Vendor_037,Equipment,20000.0,25000,Approver_13,INV-104065
TXN-003018,2025-09-02,10:08,Tuesday,Operations,Vendor_052,Software,1376.09,30000,Approver_10,INV-104066
TXN-004749,2025-09-02,10:58,Tuesday,Finance,Vendor_016,Software,16.8,60000,Approver_04,INV-104067
TXN-002518,2025-09-02,12:32,Tuesday,IT,Vendor_050,Supplies,186.08,40000,Approver_12,INV-104068
TXN-000425,2025-09-03,10:29,Wednesday,Procurement,Vendor_033,Software,40160.3,50000,Approver_04,INV-104069
TXN-005465,2025-09-03,17:36,Wednesday,Finance,Vendor_020,Equipment,5309.56,60000,Approver_03,INV-104070
TXN-004989,2025-09-03,15:58,Wednesday,Sales,Vendor_012,Travel,2852.11,20000,Approver_07,INV-104071
TXN-005974,2025-09-03,16:41,Wednesday,HR,Vendor_027,Misc,10184.36,15000,Approver_04,INV-104072
TXN-000368,2025-09-03,14:28,Wednesday,HR,Vendor_024,Supplies,130.44,15000,Approver_13,INV-104073
TXN-004898,2025-09-03,10:06,Wednesday,Finance,Vendor_035,Supplies,145.84,60000,Approver_05,INV-104074
TXN-000783,2025-09-03,12:58,Wednesday,IT,Vendor_033,Equipment,74245.73,40000,Approver_07,INV-104075
TXN-002439,2025-09-03,16:51,Wednesday,IT,Vendor_015,Supplies,130.91,40000,Approver_09,INV-104076
TXN-005991,2025-09-03,11:46,Wednesday,Marketing,Vendor_005,Utilities,3973.26,25000,Approver_02,INV-104077
TXN-000280,2025-09-03,16:27,Wednesday,HR,Vendor_017,Consulting,47.95,15000,Approver_10,INV-104078
TXN-003476,2025-09-03,08:23,Wednesday,IT,Vendor_029,Supplies,28.92,40000,Approver_10,INV-104079
TXN-001925,2025-09-03,09:18,Wednesday,IT,Vendor_041,Utilities,12.33,40000,Approver_08,INV-104080
TXN-003327,2025-09-03,15:16,Wednesday,Sales,Vendor_054,Utilities,20.43,20000,Approver_13,INV-104081
TXN-002268,2025-09-03,09:49,Wednesday,HR,Vendor_036,Travel,400.53,15000,Approver_10,INV-104082
TXN-005579,2025-09-03,16:08,Wednesday,IT,Vendor_052,Utilities,5134.69,40000,Approver_10,INV-104077
TXN-001482,2025-09-03,15:22,Wednesday,Procurement,Vendor_007,Utilities,20000.0,50000,Approver_13,INV-104084
TXN-003088,2025-09-03,09:24,Wednesday,Finance,Vendor_045,Travel,55916.92,60000,Approver_08,INV-104085
TXN-003976,2025-09-03,14:21,Wednesday,Operations,Vendor_020,Equipment,1171.59,30000,Approver_09,INV-104086
TXN-004524,2025-09-03,08:10,Wednesday,HR,Vendor_059,Supplies,18.74,15000,Approver_12,INV-104087
TXN-001349,2025-09-03,15:51,Wednesday,Operations,Vendor_033,Software,10000.0,30000,Approver_05,INV-104088
TXN-002143,2025-09-04,11:36,Thursday,Operations,Vendor_007,Misc,4488.6,30000,Approver_02,INV-104089
TXN-001947,2025-09-04,10:35,Thursday,HR,Vendor_030,Misc,10000.0,15000,Approver_14,INV-104090
TXN-004552,2025-09-04,17:10,Thursday,IT,Vendor_051,Travel,1338.84,40000,Approver_11,INV-104091
TXN-003201,2025-09-04,11:06,Thursday,Sales,Vendor_053,Supplies,94.14,20000,Approver_12,INV-104092
TXN-005846,2025-09-04,15:15,Thursday,Sales,Vendor_052,Equipment,1350.1,20000,Approver_01,INV-104093
TXN-004553,2025-09-04,11:01,Thursday,Sales,Vendor_035,Travel,99.04,20000,Approver_05,INV-104094
TXN-000539,2025-09-04,18:37,Thursday,Marketing,Vendor_055,Consulting,145.98,25000,Approver_06,INV-104095
TXN-000408,2025-09-04,14:56,Thursday,Finance,Vendor_059,Misc,1789.78,60000,Approver_11,INV-104096
TXN-005000,2025-09-04,15:58,Thursday,Marketing,Vendor_018,Supplies,780.59,25000,Approver_06,INV-104097
TXN-001272,2025-09-04,10:44,Thursday,Sales,Vendor_046,Supplies,110.72,20000,Approver_07,INV-104098
TXN-005184,2025-09-04,11:09,Thursday,IT,Vendor_009,Utilities,11.36,40000,Approver_14,INV-104099
TXN-001503,2025-09-04,12:17,Thursday,Marketing,Vendor_058,Software,480.32,25000,Approver_09,INV-104100
TXN-001238,2025-09-04,12:42,Thursday,Finance,Vendor_059,Software,46.6,60000,Approver_08,INV-104101
TXN-001768,2025-09-04,18:28,Thursday,IT,Vendor_018,Travel,303.33,40000,Approver_06,INV-104102
TXN-004861,2025-09-04,09:30,Thursday,Finance,Vendor_055,Software,3262.65,60000,Approver_04,INV-104103
TXN-002273,2025-09-04,11:32,Thursday,Operations,Vendor_046,Consulting,4361.59,30000,Approver_03,INV-104104
TXN-004235,2025-09-04,13:09,Thursday,Finance,Vendor_042,Supplies,54.64,60000,Approver_04,INV-104105
TXN-004912,2025-09-04,11:21,Thursday,IT,Vendor_052,Consulting,37668.14,40000,Approver_08,INV-104106
TXN-000076,2025-09-04,09:30,Thursday,Sales,Vendor_015,Utilities,-2019.39,20000,Approver_12,INV-104107
TXN-003972,2025-09-04,11:43,Thursday,Sales,Vendor_060,Supplies,734.84,20000,Approver_01,INV-104108
TXN-002136,2025-09-04,15:45,Thursday,Operations,Vendor_055,Consulting,156.4,30000,Approver_01,INV-104109
TXN-001662,2025-09-04,12:28,Thursday,Marketing,Vendor_052,Utilities,22.62,25000,Approver_05,INV-104110
TXN-000065,2025-09-04,14:16,Thursday,Finance,Vendor_020,Equipment,14030.51,60000,Approver_10,INV-104111
TXN-000526,2025-09-04,11:02,Thursday,Marketing,Vendor_032,Utilities,730.27,25000,Approver_08,INV-104112
TXN-002722,2025-09-05,10:34,Friday,Marketing,Vendor_037,Equipment,125.35,25000,Approver_10,INV-104109
TXN-003846,2025-09-05,14:35,Friday,Marketing,Vendor_020,Software,9203.18,25000,Approver_09,INV-104114
TXN-004407,2025-09-05,15:31,Friday,Marketing,Vendor_031,Equipment,31.37,25000,Approver_13,INV-104115
TXN-003990,2025-09-05,14:24,Friday,Sales,Vendor_017,Misc,12334.8,20000,Approver_02,INV-104116
TXN-001148,2025-09-05,10:51,Friday,IT,Vendor_051,Travel,278.92,40000,Approver_09,INV-104117
TXN-004233,2025-09-05,12:37,Friday,Marketing,Vendor_033,Consulting,9920.91,25000,Approver_11,INV-104118
TXN-005672,2025-09-05,18:25,Friday,Finance,Vendor_036,Equipment,779.66,60000,Approver_06,INV-104119
TXN-005185,2025-09-05,15:29,Friday,Finance,Vendor_026,Utilities,13.91,60000,Approver_03,INV-104120
TXN-005005,2025-09-05,15:00,Friday,Operations,Vendor_010,Consulting,22292.02,30000,Approver_13,INV-104121
TXN-001612,2025-09-05,11:16,Friday,IT,Vendor_034,Consulting,4330.56,40000,Approver_13,INV-104122
TXN-000349,2025-09-05,14:33,Friday,IT,Vendor_049,Travel,112.33,40000,Approver_13,INV-104123
TXN-005811,2025-09-05,17:02,Friday,IT,Vendor_006,Utilities,84.89,40000,Approver_14,INV-104124
TXN-001586,2025-09-05,15:32,Friday,HR,Vendor_017,Supplies,10.48,15000,Approver_05,INV-104125
TXN-005198,2025-09-05,12:19,Friday,Marketing,Vendor_058,Utilities,7001.83,25000,Approver_12,INV-104126
TXN-003543,2025-09-05,12:43,Friday,Operations,Vendor_040,Equipment,3231.54,30000,Approver_09,INV-104127
TXN-002145,2025-09-05,14:01,Friday,Finance,Vendor_004,Equipment,12.01,60000,Approver_12,INV-104128
TXN-003244,2025-09-05,15:48,Friday,Procurement,Vendor_012,Utilities,4453.13,50000,Approver_15,INV-104129
TXN-000328,2025-09-05,11:44,Friday,HR,Vendor_060,Utilities,13.42,15000,Approver_09,INV-104130
TXN-004362,2025-09-05,12:03,Friday,Procurement,Vendor_036,Supplies,4905.62,50000,Approver_14,INV-104131
TXN-004564,2025-09-05,12:58,Friday,Sales,Vendor_027,Software,398.71,20000,Approver_08,INV-104132
TXN-000632,2025-09-05,09:57,Friday,Finance,Vendor_026,Supplies,428.43,60000,Approver_09,INV-104133
TXN-000352,2025-09-05,11:42,Friday,Procurement,Vendor_053,Misc,174.59,50000,Approver_08,INV-104134
TXN-004911,2025-09-05,11:23,Friday,Procurement,Vendor_019,Utilities,22.52,50000,Approver_09,INV-104135
TXN-005385,2025-09-05,17:19,Friday,Procurement,Vendor_043,Software,64.26,50000,Approver_03,INV-104136
TXN-003935,2025-09-05,15:04,Friday,Operations,Vendor_006,Utilities,25.58,30000,Approver_08,INV-104137
TXN-000922,2025-09-06,10:18,Saturday,Operations,Vendor_056,Software,1097.3,30000,Approver_13,INV-104138
TXN-000335,2025-09-08,09:08,Monday,Marketing,Vendor_049,Software,216.58,25000,Approver_03,INV-104139
TXN-001504,2025-09-08,11:49,Monday,Marketing,Vendor_017,Travel,2879.51,25000,Approver_03,INV-104140
TXN-000442,2025-09-08,16:08,Monday,IT,Vendor_009,Misc,456.57,40000,Approver_01,INV-104141
TXN-002428,2025-09-08,15:46,Monday,Operations,Vendor_058,Equipment,414.05,30000,Approver_12,INV-104142
TXN-003552,2025-09-08,10:18,Monday,IT,Vendor_023,Consulting,13016.14,40000,Approver_04,INV-104143
TXN-004435,2025-09-08,17:35,Monday,Marketing,Vendor_036,Consulting,865.79,25000,Approver_03,INV-104144
TXN-001435,2025-09-08,09:48,Monday,Finance,Vendor_004,Software,121.17,60000,Approver_13,INV-104145
TXN-003474,2025-09-08,16:35,Monday,Operations,Vendor_008,Software,1809.57,30000,Approver_02,INV-104146
TXN-000221,2025-09-08,16:56,Monday,IT,Vendor_047,Consulting,43910.18,40000,Approver_04,INV-104147
TXN-000370,2025-09-08,13:14,Monday,Procurement,Vendor_009,Travel,1666.87,50000,Approver_09,INV-104148
TXN-004656,2025-09-08,14:59,Monday,IT,Vendor_028,Software,2099.28,40000,Approver_09,INV-104149
TXN-001290,2025-09-08,08:36,Monday,HR,Vendor_025,Travel,213.78,15000,Approver_13,INV-104150
TXN-000248,2025-09-08,08:58,Monday,Finance,Vendor_035,Consulting,27.99,60000,Approver_04,INV-104151
TXN-003882,2025-09-08,15:57,Monday,Marketing,Vendor_032,Supplies,14.53,25000,Approver_05,INV-104152
TXN-002260,2025-09-08,15:21,Monday,IT,Vendor_028,Utilities,52.99,40000,Approver_03,INV-104153
TXN-002383,2025-09-08,11:42,Monday,Marketing,Vendor_007,Equipment,10321.52,25000,Approver_03,INV-104154
TXN-000058,2025-09-08,09:54,Monday,Finance,Vendor_021,Supplies,599.24,60000,Approver_15,INV-104155
TXN-004571,2025-09-08,14:13,Monday,Operations,Vendor_016,Equipment,26.93,30000,Approver_11,INV-104156
TXN-002404,2025-09-08,15:34,Monday,Marketing,Vendor_041,Utilities,6246.48,25000,Approver_02,INV-104157
TXN-001465,2025-09-08,17:24,Monday,Finance,Vendor_044,Consulting,22.67,60000,Approver_09,INV-104158
TXN-001533,2025-09-08,09:01,Monday,Operations,Vendor_020,Supplies,47005.5,30000,Approver_15,INV-104159
TXN-004940,2025-09-08,12:41,Monday,Procurement,Vendor_022,Supplies,21128.77,50000,Approver_03,INV-104160
TXN-005224,2025-09-08,11:04,Monday,HR,Vendor_023,Consulting,55549.85,15000,Approver_04,INV-104161
TXN-000094,2025-09-08,10:23,Monday,Operations,Vendor_022,Supplies,27887.7,30000,Approver_13,INV-104162
TXN-002457,2025-09-09,10:05,Tuesday,Procurement,Vendor_011,Software,337.67,50000,Approver_06,INV-104163
TXN-003464,2025-09-09,15:35,Tuesday,Procurement,Vendor_040,Travel,46652.67,50000,Approver_14,INV-104164
TXN-004595,2025-09-09,17:58,Tuesday,IT,Vendor_042,Travel,39348.79,40000,Approver_08,INV-104165
TXN-004421,2025-09-09,12:41,Tuesday,Operations,Vendor_030,Misc,-185.63,30000,Approver_04,INV-104166
TXN-001844,2025-09-09,17:32,Tuesday,Sales,Vendor_055,Consulting,19.39,20000,Approver_13,INV-104167
TXN-002398,2025-09-09,10:10,Tuesday,Operations,Vendor_043,Consulting,75313.54,30000,Approver_07,INV-104168
TXN-002379,2025-09-09,10:16,Tuesday,HR,Vendor_020,Equipment,7500.0,15000,Approver_02,INV-104169
TXN-003730,2025-09-09,09:15,Tuesday,Operations,Vendor_049,Consulting,1303.82,30000,Approver_11,INV-104170
TXN-001147,2025-09-09,12:34,Tuesday,HR,Vendor_019,Utilities,68220.77,15000,Approver_07,INV-104171
TXN-004779,2025-09-09,11:50,Tuesday,Marketing,Vendor_002,Utilities,921.63,25000,Approver_06,INV-104172
TXN-004719,2025-09-09,17:58,Tuesday,Operations,Vendor_017,Equipment,699.46,30000,Approver_08,INV-104173
TXN-005381,2025-09-09,15:37,Tuesday,IT,Vendor_055,Software,718.8,40000,Approver_05,INV-104174
TXN-003009,2025-09-09,12:34,Tuesday,Finance,Vendor_023,Equipment,709.48,60000,Approver_15,INV-104175
TXN-002036,2025-09-09,11:01,Tuesday,Operations,Vendor_056,Equipment,645.03,30000,Approver_14,INV-104176
TXN-004874,2025-09-09,15:02,Tuesday,HR,Vendor_001,Equipment,213.62,15000,Approver_06,INV-104177
TXN-004517,2025-09-09,11:10,Tuesday,Procurement,Vendor_048,Supplies,9050.77,50000,Approver_13,INV-104178
TXN-000708,2025-09-09,15:45,Tuesday,IT,Vendor_035,Travel,2048.86,40000,Approver_08,INV-104179
TXN-000926,2025-09-09,15:47,Tuesday,HR,Vendor_058,Equipment,365.45,15000,Approver_12,INV-104180
TXN-002194,2025-09-10,11:59,Wednesday,HR,Vendor_047,Misc,145.52,15000,Approver_14,INV-104181
TXN-001890,2025-09-10,14:14,Wednesday,Operations,Vendor_047,Utilities,2686.69,30000,Approver_13,INV-104182
TXN-005476,2025-09-10,12:12,Wednesday,Sales,Vendor_018,Misc,23.22,20000,Approver_03,INV-104179
TXN-004767,2025-09-10,10:34,Wednesday,Operations,Vendor_028,Consulting,445.44,30000,Approver_14,INV-104184
TXN-000426,2025-09-10,13:57,Wednesday,Finance,Vendor_005,Utilities,54.19,60000,Approver_08,INV-104185
TXN-005484,2025-09-10,16:07,Wednesday,Operations,Vendor_050,Equipment,190.38,30000,Approver_06,INV-104186
TXN-002047,2025-09-10,13:17,Wednesday,Marketing,Vendor_021,Misc,613.81,25000,Approver_14,INV-104187
TXN-004236,2025-09-10,15:16,Wednesday,Procurement,Vendor_019,Software,188.12,50000,Approver_07,INV-104188
TXN-001286,2025-09-10,12:22,Wednesday,HR,Vendor_040,Travel,580.27,15000,Approver_04,INV-104189
TXN-004239,2025-09-10,11:14,Wednesday,Finance,Vendor_048,Utilities,-371.09,60000,Approver_06,INV-104190
TXN-003948,2025-09-10,09:41,Wednesday,IT,Vendor_002,Consulting,36514.69,40000,Approver_11,INV-104191
TXN-002721,2025-09-10,12:18,Wednesday,HR,Vendor_021,Equipment,12.77,15000,Approver_09,INV-104192
TXN-004589,2025-09-10,11:07,Wednesday,Finance,Vendor_008,Software,140.86,60000,Approver_14,INV-104193
TXN-005133,2025-09-10,01:04,Wednesday,Procurement,Vendor_048,Equipment,34566.19,50000,Approver_11,INV-104194
TXN-003822,2025-09-10,11:53,Wednesday,IT,Vendor_003,Equipment,243.51,40000,Approver_08,INV-104195
TXN-005066,2025-09-10,09:14,Wednesday,Finance,Vendor_050,Consulting,15610.55,60000,Approver_10,INV-104196
TXN-000568,2025-09-10,15:53,Wednesday,Operations,Vendor_024,Misc,6384.35,30000,Approver_14,INV-104197
TXN-000558,2025-09-10,12:01,Wednesday,Sales,Vendor_014,Utilities,298.61,20000,Approver_12,INV-104198
TXN-005586,2025-09-10,10:46,Wednesday,Operations,Vendor_056,Utilities,2615.3,30000,Approver_07,INV-104199
TXN-000070,2025-09-10,18:46,Wednesday,IT,Vendor_002,Equipment,305.16,40000,Approver_07,INV-104200
TXN-004758,2025-09-10,11:48,Wednesday,IT,Vendor_058,Supplies,3692.1,40000,Approver_08,INV-104201
TXN-000776,2025-09-10,10:27,Wednesday,Procurement,Vendor_017,Utilities,579.23,50000,Approver_06,INV-104202
TXN-002164,2025-09-10,15:36,Wednesday,Finance,Vendor_043,Supplies,113.07,60000,Approver_08,INV-104203
TXN-002716,2025-09-10,09:38,Wednesday,Finance,Vendor_051,Utilities,559.04,60000,Approver_10,INV-104204
TXN-000049,2025-09-10,16:45,Wednesday,Procurement,Vendor_029,Equipment,1182.4,50000,Approver_10,INV-104205
TXN-004148,2025-09-10,12:48,Wednesday,HR,Vendor_042,Consulting,-4707.02,15000,Approver_05,INV-104206
TXN-000833,2025-09-11,12:35,Thursday,Finance,Vendor_026,Software,313.11,60000,Approver_09,INV-104207
TXN-001525,2025-09-11,16:53,Thursday,Marketing,Vendor_021,Misc,158.03,25000,Approver_11,INV-104208
TXN-000862,2025-09-11,09:23,Thursday,Procurement,Vendor_016,Equipment,1990.73,50000,Approver_06,INV-104209
TXN-003183,2025-09-11,16:56,Thursday,Finance,Vendor_060,Equipment,97.56,60000,Approver_06,INV-104210
TXN-003545,2025-09-11,15:39,Thursday,Operations,Vendor_058,Misc,27181.78,30000,Approver_11,INV-104211
TXN-003373,2025-09-11,12:23,Thursday,IT,Vendor_022,Misc,10.69,40000,Approver_14,INV-104212
TXN-003110,2025-09-11,09:30,Thursday,IT,Vendor_052,Equipment,371.45,40000,Approver_15,INV-104213
TXN-002867,2025-09-11,12:17,Thursday,Marketing,Vendor_016,Misc,234.92,25000,Approver_13,INV-104214
TXN-001008,2025-09-11,16:07,Thursday,Finance,Vendor_057,Consulting,2450.57,60000,Approver_15,INV-104215
TXN-002220,2025-09-11,16:18,Thursday,Operations,Vendor_009,Equipment,45.1,30000,Approver_15,INV-104216
TXN-004370,2025-09-11,08:43,Thursday,Finance,Vendor_046,Supplies,5000.0,60000,Approver_14,INV-104211
TXN-004607,2025-09-11,12:05,Thursday,Sales,Vendor_014,Misc,902.75,20000,Approver_02,INV-104218
TXN-003593,2025-09-11,17:08,Thursday,Sales,Vendor_054,Equipment,3379.91,20000,Approver_12,INV-104219
TXN-005442,2025-09-11,17:05,Thursday,IT,Vendor_021,Equipment,170.78,40000,Approver_04,INV-104220
TXN-005502,2025-09-11,17:41,Thursday,Procurement,Vendor_045,Misc,190.29,50000,Approver_03,INV-104221
TXN-005100,2025-09-12,11:15,Friday,Sales,Vendor_012,Consulting,201.43,20000,Approver_15,INV-104222
TXN-003282,2025-09-12,17:23,Friday,HR,Vendor_015,Misc,12.17,15000,Approver_07,INV-104223
TXN-004486,2025-09-12,12:48,Friday,Operations,Vendor_035,Consulting,3149.87,30000,Approver_11,INV-104219
TXN-003257,2025-09-12,11:58,Friday,Sales,Vendor_027,Software,923.24,20000,Approver_11,INV-104225
TXN-004413,2025-09-12,12:10,Friday,Operations,Vendor_010,Misc,443.75,30000,Approver_14,INV-104226
TXN-005043,2025-09-12,11:38,Friday,Procurement,Vendor_022,Equipment,141.81,50000,Approver_14,INV-104227
TXN-000967,2025-09-12,11:02,Friday,Operations,Vendor_020,Software,18535.81,30000,Approver_12,INV-104228
TXN-001917,2025-09-12,17:50,Friday,HR,Vendor_057,Utilities,726.79,15000,Approver_12,INV-104229
TXN-001122,2025-09-12,12:25,Friday,Sales,Vendor_012,Equipment,475.47,20000,Approver_13,INV-104230
TXN-004423,2025-09-12,10:05,Friday,Procurement,Vendor_051,Utilities,7339.63,50000,Approver_14,INV-104231
TXN-005315,2025-09-12,17:19,Friday,Operations,Vendor_008,Consulting,72.73,30000,Approver_08,INV-104232
TXN-004635,2025-09-12,16:48,Friday,Sales,Vendor_011,Supplies,28.33,20000,Approver_10,INV-104233
TXN-002712,2025-09-12,15:41,Friday,HR,Vendor_037,Software,13611.61,15000,Approver_10,INV-104234
TXN-004012,2025-09-12,09:16,Friday,Finance,Vendor_005,Travel,6887.97,60000,Approver_05,INV-104235
TXN-004968,2025-09-12,15:04,Friday,Finance,Vendor_051,Consulting,548.4,60000,Approver_11,INV-104236
TXN-000409,2025-09-12,11:51,Friday,HR,Vendor_022,Software,1661.51,15000,Approver_10,INV-104237
TXN-001049,2025-09-12,14:20,Friday,Finance,Vendor_048,Software,466.11,60000,Approver_06,INV-104238
TXN-003900,2025-09-12,16:50,Friday,Sales,Vendor_045,Equipment,9329.8,20000,Approver_06,INV-104239
TXN-001989,2025-09-12,12:21,Friday,Procurement,Vendor_042,Utilities,16.64,50000,Approver_02,INV-104240
TXN-004354,2025-09-12,11:03,Friday,Sales,Vendor_023,Travel,37.91,20000,Approver_08,INV-104241
TXN-001751,2025-09-12,15:44,Friday,Sales,Vendor_030,Supplies,9132.73,20000,Approver_03,INV-104242
TXN-003109,2025-09-12,11:43,Friday,Operations,Vendor_035,Utilities,27676.3,30000,Approver_09,INV-104243
TXN-005655,2025-09-12,11:11,Friday,Procurement,Vendor_049,Consulting,2653.57,50000,Approver_15,INV-104244
TXN-003179,2025-09-12,17:57,Friday,Marketing,Vendor_034,Travel,33.06,25000,Approver_04,INV-104245
TXN-002494,2025-09-15,11:43,Monday,IT,Vendor_005,Misc,3847.38,40000,Approver_06,INV-104246
TXN-000183,2025-09-15,12:34,Monday,Marketing,Vendor_013,Equipment,7500.0,25000,Approver_10,INV-104247
TXN-002364,2025-09-15,15:56,Monday,Marketing,Vendor_026,Misc,126.61,25000,Approver_05,INV-104248
TXN-005085,2025-09-15,10:06,Monday,Operations,Vendor_025,Supplies,1582.3,30000,Approver_04,INV-104249
TXN-004516,2025-09-15,15:17,Monday,IT,Vendor_048,Consulting,11.28,40000,,INV-104250
TXN-004483,2025-09-15,12:58,Monday,Sales,Vendor_001,Software,105.19,20000,Approver_11,INV-104251
TXN-002352,2025-09-15,14:00,Monday,Operations,Vendor_045,Supplies,46399.54,30000,Approver_03,INV-104252
TXN-000705,2025-09-15,17:01,Monday,HR,Vendor_060,Travel,684.76,15000,Approver_08,INV-104253
TXN-004439,2025-09-15,15:00,Monday,Procurement,Vendor_029,Software,373.69,50000,Approver_02,INV-104254
TXN-004950,2025-09-15,17:50,Monday,Sales,Vendor_001,Utilities,7087.04,20000,Approver_05,INV-104255
TXN-004425,2025-09-15,11:57,Monday,Operations,Vendor_032,Equipment,28159.84,30000,Approver_13,INV-104256
TXN-005788,2025-09-15,15:14,Monday,IT,Vendor_013,Utilities,721.67,40000,Approver_02,INV-104257
TXN-002678,2025-09-15,16:17,Monday,Finance,Vendor_013,Misc,17.07,60000,Approver_10,INV-104258
TXN-005128,2025-09-15,09:01,Monday,Procurement,Vendor_019,Travel,299.52,50000,Approver_10,INV-104259
TXN-004923,2025-09-15,15:23,Monday,IT,Vendor_039,Travel,26.36,40000,Approver_01,INV-104260
TXN-003985,2025-09-15,15:51,Monday,Finance,Vendor_041,Supplies,553.97,60000,Approver_15,INV-104261
TXN-002015,2025-09-15,16:55,Monday,Finance,Vendor_016,Travel,296.17,60000,Approver_08,INV-104262
TXN-001803,2025-09-15,12:58,Monday,Operations,Vendor_023,Supplies,38.39,30000,Approver_06,INV-104257
TXN-003905,2025-09-15,13:58,Monday,HR,Vendor_058,Consulting,878.39,15000,Approver_02,INV-104264
TXN-003448,2025-09-15,10:55,Monday,IT,Vendor_003,Software,3201.13,40000,Approver_03,INV-104265
TXN-001940,2025-09-15,12:18,Monday,HR,Vendor_023,Utilities,6799.65,15000,Approver_10,INV-104266
TXN-005977,2025-09-15,15:57,Monday,Marketing,Vendor_033,Consulting,38.98,25000,Approver_03,INV-104267
TXN-003557,2025-09-15,14:26,Monday,Finance,Vendor_030,Travel,7777.43,60000,Approver_05,INV-104268
TXN-003773,2025-09-15,17:02,Monday,Operations,Vendor_054,Software,545.3,30000,Approver_09,INV-104269
TXN-005065,2025-09-15,14:20,Monday,Operations,Vendor_049,Consulting,9482.9,30000,Approver_06,INV-104270
TXN-001197,2025-09-15,09:07,Monday,Operations,Vendor_032,Supplies,16.16,30000,Approver_13,INV-104271
TXN-002157,2025-09-15,11:25,Monday,Sales,Vendor_014,Utilities,151.37,20000,Approver_06,INV-104272
TXN-004850,2025-09-15,11:24,Monday,HR,Vendor_004,Travel,187.49,15000,Approver_15,INV-104273
TXN-005569,2025-09-15,09:12,Monday,Finance,Vendor_016,Software,9354.24,60000,Approver_08,INV-104274
TXN-002526,2025-09-16,12:30,Tuesday,IT,Vendor_007,Travel,44.69,40000,Approver_04,INV-104275
TXN-005094,2025-09-16,15:42,Tuesday,IT,Vendor_053,Supplies,292.32,40000,Approver_08,INV-104276
TXN-005747,2025-09-16,09:35,Tuesday,Sales,Vendor_044,Consulting,5375.6,20000,Approver_15,INV-104277
TXN-000959,2025-09-16,12:14,Tuesday,Procurement,Vendor_029,Travel,845.26,50000,Approver_11,INV-104278
TXN-005093,2025-09-16,10:44,Tuesday,HR,Vendor_041,Supplies,504.96,15000,Approver_14,INV-104279
TXN-002856,2025-09-16,15:37,Tuesday,HR,Vendor_045,Utilities,22.09,15000,Approver_15,INV-104280
TXN-004979,2025-09-16,08:28,Tuesday,IT,Vendor_003,Utilities,133.79,40000,Approver_06,INV-104281
TXN-002626,2025-09-16,16:12,Tuesday,Marketing,Vendor_035,Travel,972.87,25000,Approver_06,INV-104282
TXN-004619,2025-09-16,16:57,Tuesday,IT,Vendor_049,Travel,1638.83,40000,Approver_15,INV-104283
TXN-000079,2025-09-16,09:49,Tuesday,Operations,Vendor_002,Software,353.67,30000,Approver_02,INV-104284
TXN-001357,2025-09-16,15:01,Tuesday,Finance,Vendor_024,Travel,280.47,60000,Approver_15,INV-104285
TXN-005163,2025-09-16,11:13,Tuesday,IT,Vendor_045,Equipment,180.56,40000,Approver_07,INV-104286
TXN-005518,2025-09-16,11:01,Tuesday,Marketing,Vendor_056,Equipment,907.76,25000,Approver_11,INV-104287
TXN-000747,2025-09-16,15:05,Tuesday,Finance,Vendor_038,Misc,1852.12,60000,Approver_04,INV-104288
TXN-003771,2025-09-16,10:01,Tuesday,HR,Vendor_038,Travel,237.98,15000,Approver_10,INV-104289
TXN-004739,2025-09-16,12:54,Tuesday,Sales,Vendor_030,Equipment,11.91,20000,Approver_02,INV-104290
TXN-000437,2025-09-16,11:23,Tuesday,Sales,Vendor_056,Software,18295.44,20000,Approver_02,INV-104291
TXN-001088,2025-09-16,17:41,Tuesday,Sales,Vendor_002,Software,105.11,20000,Approver_01,INV-104292
TXN-005566,2025-09-16,14:13,Tuesday,IT,Vendor_031,Travel,4220.3,40000,Approver_09,INV-104293
TXN-002201,2025-09-16,18:10,Tuesday,Marketing,Vendor_018,Utilities,428.05,25000,Approver_10,INV-104294
TXN-004260,2025-09-16,15:22,Tuesday,Marketing,Vendor_050,Software,1911.51,25000,Approver_12,INV-104295
TXN-001266,2025-09-16,09:49,Tuesday,Sales,Vendor_045,Consulting,31.16,20000,Approver_07,INV-104296
TXN-005280,2025-09-16,11:05,Tuesday,IT,Vendor_047,Software,495.16,40000,Approver_10,INV-104297
TXN-004577,2025-09-16,10:17,Tuesday,Marketing,Vendor_045,Supplies,327.63,25000,Approver_05,INV-104298
TXN-000630,2025-09-16,17:30,Tuesday,HR,Vendor_038,Supplies,96175.55,15000,Approver_02,INV-104299
TXN-001539,2025-09-16,08:30,Tuesday,Procurement,Vendor_043,Supplies,4586.07,50000,Approver_15,INV-104300
TXN-002215,2025-09-16,10:46,Tuesday,IT,Vendor_007,Utilities,155.49,40000,Approver_05,INV-104301
TXN-002595,2025-09-17,12:59,Wednesday,IT,Vendor_052,Supplies,875.89,40000,Approver_05,INV-104296
TXN-005204,2025-09-17,12:10,Wednesday,Operations,Vendor_022,Utilities,132.37,30000,Approver_14,INV-104303
TXN-004649,2025-09-17,15:12,Wednesday,IT,Vendor_021,Software,2091.12,40000,Approver_15,INV-104304
TXN-001037,2025-09-17,08:51,Wednesday,Sales,Vendor_052,Consulting,3026.78,20000,Approver_08,INV-104305
TXN-000283,2025-09-17,16:34,Wednesday,Sales,Vendor_033,Consulting,12.86,20000,Approver_01,INV-104306
TXN-005500,2025-09-17,11:15,Wednesday,IT,Vendor_051,Travel,37620.25,40000,Approver_04,INV-104307
TXN-002987,2025-09-17,15:47,Wednesday,Marketing,Vendor_006,Utilities,501.47,25000,Approver_02,INV-104308
TXN-003195,2025-09-17,18:40,Wednesday,Procurement,Vendor_012,Equipment,89.81,50000,Approver_12,INV-104309
TXN-003936,2025-09-17,08:34,Wednesday,Finance,Vendor_004,Supplies,5540.76,60000,Approver_09,INV-104310
TXN-005480,2025-09-17,15:01,Wednesday,Marketing,Vendor_006,Software,11.39,25000,Approver_04,INV-104311
TXN-001994,2025-09-17,22:17,Wednesday,Finance,Vendor_053,Software,80.81,60000,Approver_15,INV-104312
TXN-004917,2025-09-17,11:43,Wednesday,IT,Vendor_005,Equipment,103.6,40000,Approver_08,INV-104313
TXN-005530,2025-09-17,08:08,Wednesday,HR,Vendor_047,Equipment,14.14,15000,Approver_03,INV-104314
TXN-003898,2025-09-17,11:53,Wednesday,Operations,Vendor_044,Equipment,29401.67,30000,Approver_10,INV-104315
TXN-000625,2025-09-17,13:55,Wednesday,HR,Vendor_039,Misc,14492.78,15000,Approver_11,INV-104316
TXN-005461,2025-09-17,22:58,Wednesday,Sales,Vendor_050,Equipment,1591.87,20000,Approver_12,INV-104311
TXN-003977,2025-09-17,16:49,Wednesday,Procurement,Vendor_054,Supplies,16.63,50000,Approver_13,INV-104318
TXN-003472,2025-09-17,17:48,Wednesday,IT,Vendor_027,Supplies,5309.77,40000,Approver_09,INV-104319
TXN-004300,2025-09-17,08:48,Wednesday,Sales,Vendor_033,Misc,5232.61,20000,Approver_01,INV-104320
TXN-000586,2025-09-17,13:44,Wednesday,Procurement,Vendor_042,Travel,19.57,50000,Approver_04,INV-104321
TXN-004139,2025-09-17,11:33,Wednesday,Sales,Vendor_033,Supplies,2500.0,20000,Approver_05,INV-104322
TXN-003079,2025-09-17,13:19,Wednesday,IT,Vendor_060,Utilities,173.36,40000,Approver_14,INV-104323
TXN-004088,2025-09-18,14:57,Thursday,Procurement,Vendor_056,Travel,9006.16,50000,Approver_12,INV-104324
TXN-004805,2025-09-18,17:04,Thursday,Marketing,Vendor_030,Travel,18.69,25000,Approver_05,INV-104325
TXN-004998,2025-09-18,13:38,Thursday,Finance,Vendor_042,Supplies,1446.57,60000,Approver_15,INV-104326
TXN-002132,2025-09-18,15:56,Thursday,Marketing,Vendor_049,Travel,15000.0,25000,Approver_09,INV-104327
TXN-002265,2025-09-18,15:25,Thursday,Finance,Vendor_046,Travel,25.98,60000,Approver_11,INV-104328
TXN-005026,2025-09-18,16:24,Thursday,HR,Vendor_032,Travel,112.04,15000,Approver_03,INV-104329
TXN-004532,2025-09-18,10:51,Thursday,IT,Vendor_056,Supplies,365.84,40000,Approver_13,INV-104330
TXN-002565,2025-09-18,17:43,Thursday,Operations,Vendor_009,Misc,49790.28,30000,Approver_05,INV-104331
TXN-001098,2025-09-18,11:04,Thursday,Marketing,Vendor_036,Software,66226.52,25000,Approver_06,INV-104332
TXN-002887,2025-09-18,14:05,Thursday,Operations,Vendor_033,Travel,650.45,30000,Approver_07,INV-104333
TXN-004840,2025-09-18,09:51,Thursday,Marketing,Vendor_015,Travel,172.44,25000,Approver_06,INV-104334
TXN-003523,2025-09-18,16:14,Thursday,HR,Vendor_057,Utilities,1693.59,15000,Approver_13,INV-104335
TXN-002214,2025-09-18,15:11,Thursday,Procurement,Vendor_056,Utilities,167.2,50000,Approver_01,INV-104336
TXN-002323,2025-09-18,13:54,Thursday,Procurement,Vendor_049,Travel,312.49,50000,Approver_04,INV-104337
TXN-002942,2025-09-18,16:54,Thursday,Sales,Vendor_055,Equipment,53.34,20000,Approver_02,INV-104338
TXN-001636,2025-09-18,15:18,Thursday,HR,Vendor_021,Misc,221.82,15000,Approver_07,INV-104339
TXN-005397,2025-09-18,09:14,Thursday,IT,Vendor_045,Software,600.64,40000,Approver_05,INV-104340
TXN-003340,2025-09-18,11:46,Thursday,Sales,Vendor_042,Consulting,1880.37,20000,Approver_08,INV-104341
TXN-000676,2025-09-18,14:38,Thursday,Finance,Vendor_005,Utilities,636.35,60000,Approver_05,INV-104342
TXN-005350,2025-09-19,12:48,Friday,Procurement,Vendor_010,Software,5414.2,50000,Approver_05,INV-104343
TXN-003732,2025-09-19,09:27,Friday,Marketing,Vendor_053,Supplies,3449.77,25000,Approver_09,INV-104344
TXN-002709,2025-09-19,18:01,Friday,Procurement,Vendor_033,Travel,1549.63,50000,Approver_02,INV-104345
TXN-001691,2025-09-19,12:36,Friday,HR,Vendor_029,Utilities,6957.48,15000,Approver_07,INV-104346
TXN-004455,2025-09-19,15:46,Friday,HR,Vendor_039,Misc,575.36,15000,Approver_01,INV-104347
TXN-002658,2025-09-19,17:32,Friday,HR,Vendor_054,Software,356.01,15000,Approver_10,INV-104348
TXN-001990,2025-09-19,13:47,Friday,Marketing,Vendor_031,Equipment,8948.15,25000,Approver_10,INV-104349
TXN-005019,2025-09-19,12:22,Friday,Marketing,Vendor_022,Misc,663.63,25000,Approver_01,INV-104350
TXN-001114,2025-09-19,16:38,Friday,Procurement,Vendor_043,Software,26.78,50000,Approver_13,INV-104351
TXN-003094,2025-09-19,16:25,Friday,Sales,Vendor_050,Misc,4545.5,20000,Approver_13,INV-104352
TXN-001920,2025-09-19,17:54,Friday,Marketing,Vendor_010,Software,7341.32,25000,Approver_05,INV-104353
TXN-002296,2025-09-19,15:44,Friday,HR,Vendor_006,Equipment,71894.19,15000,Approver_11,INV-104354
TXN-001196,2025-09-19,14:36,Friday,Sales,Vendor_030,Software,179.48,20000,Approver_11,INV-104355
TXN-000562,2025-09-19,10:52,Friday,IT,Vendor_003,Supplies,59.81,40000,Approver_11,INV-104356
TXN-000615,2025-09-19,15:39,Friday,IT,Vendor_052,Software,43.21,40000,Approver_13,INV-104357
TXN-001089,2025-09-19,10:54,Friday,Sales,Vendor_033,Software,3394.3,20000,Approver_05,INV-104358
TXN-000153,2025-09-19,15:50,Friday,Sales,Vendor_021,Misc,817.27,20000,Approver_13,INV-104359
TXN-001398,2025-09-19,14:55,Friday,Operations,Vendor_001,Supplies,56.98,30000,Approver_04,INV-104360
TXN-000035,2025-09-19,09:51,Friday,Operations,Vendor_042,Utilities,500.62,30000,Approver_13,INV-104361
TXN-000066,2025-09-19,13:12,Friday,Marketing,Vendor_055,Misc,37.99,25000,Approver_15,INV-104362
TXN-001951,2025-09-20,12:56,Saturday,Operations,Vendor_006,Travel,235.65,30000,Approver_10,INV-104363
TXN-004172,2025-09-22,09:36,Monday,HR,Vendor_029,Consulting,59.78,15000,Approver_06,INV-104364
TXN-001753,2025-09-22,08:48,Monday,Sales,Vendor_043,Travel,11.4,20000,Approver_04,INV-104365
TXN-004682,2025-09-22,10:17,Monday,Operations,Vendor_050,Supplies,388.73,30000,Approver_06,INV-104366
TXN-000005,2025-09-22,08:01,Monday,Finance,Vendor_035,Utilities,2755.2,60000,Approver_13,INV-104367
TXN-003947,2025-09-22,10:12,Monday,Marketing,Vendor_044,Misc,80986.7,25000,Approver_07,INV-104368
TXN-002072,2025-09-22,13:40,Monday,IT,Vendor_027,Supplies,19.98,40000,Approver_06,INV-104369
TXN-004451,2025-09-22,08:08,Monday,Operations,Vendor_012,Supplies,73.21,30000,Approver_03,INV-104370
TXN-005885,2025-09-22,10:24,Monday,IT,Vendor_008,Consulting,543.41,40000,Approver_07,INV-104371
TXN-000169,2025-09-22,12:25,Monday,Finance,Vendor_012,Equipment,70334.33,60000,Approver_13,INV-104372
TXN-005451,2025-09-22,11:39,Monday,Procurement,Vendor_047,Supplies,791.72,50000,Approver_01,INV-104373
TXN-003769,2025-09-22,08:48,Monday,Procurement,Vendor_048,Misc,701.45,50000,Approver_13,INV-104374
TXN-002840,2025-09-22,13:40,Monday,IT,Vendor_048,Misc,15872.47,40000,,INV-104375
TXN-004459,2025-09-22,17:30,Monday,Sales,Vendor_026,Supplies,25366.07,20000,Approver_06,INV-104376
TXN-005856,2025-09-22,17:59,Monday,HR,Vendor_029,Supplies,738.77,15000,Approver_12,INV-104377
TXN-005953,2025-09-22,10:14,Monday,Marketing,Vendor_050,Software,15.06,25000,Approver_06,INV-104378
TXN-002869,2025-09-22,16:44,Monday,IT,Vendor_052,Supplies,31035.42,40000,Approver_05,INV-104379
TXN-002538,2025-09-22,11:08,Monday,Procurement,Vendor_017,Consulting,20.17,50000,Approver_10,INV-104380
TXN-005126,2025-09-22,16:10,Monday,Operations,Vendor_044,Equipment,113.29,30000,Approver_06,INV-104381
TXN-002976,2025-09-22,14:47,Monday,Marketing,Vendor_040,Equipment,1874.07,25000,Approver_05,INV-104382
TXN-003776,2025-09-22,18:36,Monday,IT,Vendor_059,Consulting,32943.8,40000,Approver_03,INV-104383
TXN-003685,2025-09-23,11:06,Tuesday,Marketing,Vendor_012,Utilities,307.72,25000,Approver_13,INV-104384
TXN-003784,2025-09-23,10:01,Tuesday,Procurement,Vendor_054,Software,1810.46,50000,Approver_09,INV-104385
TXN-002995,2025-09-23,11:12,Tuesday,Marketing,Vendor_052,Misc,381.47,25000,Approver_02,INV-104386
TXN-001897,2025-09-23,11:54,Tuesday,Sales,Vendor_036,Software,79.83,20000,Approver_11,INV-104387
TXN-003746,2025-09-23,14:39,Tuesday,Finance,Vendor_052,Equipment,363.57,60000,Approver_05,INV-104388
TXN-001999,2025-09-23,12:52,Tuesday,Operations,Vendor_045,Utilities,938.35,30000,Approver_14,INV-104389
TXN-003717,2025-09-23,12:26,Tuesday,Procurement,Vendor_013,Software,175.03,50000,Approver_05,INV-104390
TXN-003113,2025-09-23,11:33,Tuesday,Sales,Vendor_042,Misc,17.42,20000,Approver_03,INV-104391
TXN-000493,2025-09-23,10:14,Tuesday,IT,Vendor_008,Misc,242.72,40000,Approver_13,INV-104392
TXN-005446,2025-09-23,14:57,Tuesday,Procurement,Vendor_002,Travel,80.68,50000,Approver_06,INV-104393
TXN-005435,2025-09-23,14:55,Tuesday,Operations,Vendor_055,Software,130.16,30000,Approver_13,INV-104394
TXN-005783,2025-09-23,11:56,Tuesday,Sales,Vendor_049,Consulting,403.35,20000,Approver_01,INV-104395
TXN-000863,2025-09-23,17:14,Tuesday,Marketing,Vendor_056,Software,1494.9,25000,Approver_08,INV-104396
TXN-003209,2025-09-23,10:12,Tuesday,Procurement,Vendor_036,Travel,19.7,50000,Approver_04,INV-104397
TXN-003085,2025-09-23,12:24,Tuesday,IT,Vendor_043,Equipment,4534.18,40000,Approver_03,INV-104398
TXN-003386,2025-09-23,13:09,Tuesday,Marketing,Vendor_035,Supplies,5855.21,25000,Approver_05,INV-104399
TXN-005610,2025-09-23,08:17,Tuesday,Marketing,Vendor_008,Supplies,224.58,25000,Approver_03,INV-104400
TXN-002341,2025-09-23,16:12,Tuesday,Sales,Vendor_018,Software,3630.28,20000,Approver_01,INV-104401
TXN-005838,2025-09-23,09:46,Tuesday,Sales,Vendor_041,Misc,57.1,20000,Approver_07,INV-104402
TXN-003608,2025-09-23,15:36,Tuesday,Operations,Vendor_049,Utilities,655.79,30000,Approver_14,INV-104403
TXN-003076,2025-09-23,10:27,Tuesday,IT,Vendor_060,Software,31655.45,40000,Approver_09,INV-104404
TXN-001643,2025-09-23,14:43,Tuesday,Operations,Vendor_056,Supplies,341.45,30000,Approver_09,INV-104405
TXN-004008,2025-09-23,12:54,Tuesday,Marketing,Vendor_050,Equipment,362.64,25000,Approver_14,INV-104406
TXN-002127,2025-09-23,11:10,Tuesday,Procurement,Vendor_051,Equipment,76232.88,50000,,INV-104407
TXN-003055,2025-09-23,15:07,Tuesday,IT,Vendor_054,Utilities,46707.98,40000,Approver_12,INV-104408
TXN-002961,2025-09-23,11:27,Tuesday,Marketing,Vendor_017,Consulting,5419.27,25000,Approver_10,INV-104409
TXN-003559,2025-09-23,16:25,Tuesday,IT,Vendor_042,Travel,23925.81,40000,Approver_07,INV-104410
TXN-004253,2025-09-24,10:39,Wednesday,Sales,Vendor_033,Misc,539.93,20000,Approver_11,INV-104411
TXN-005259,2025-09-24,18:41,Wednesday,HR,Vendor_040,Supplies,86772.86,15000,Approver_13,INV-104412
TXN-001716,2025-09-24,11:56,Wednesday,Operations,Vendor_008,Utilities,657.82,30000,Approver_04,INV-104413
TXN-003860,2025-09-24,18:21,Wednesday,HR,Vendor_039,Consulting,679.59,15000,Approver_10,INV-104414
TXN-004203,2025-09-24,17:49,Wednesday,Sales,Vendor_046,Travel,231.05,20000,Approver_08,INV-104415
TXN-004205,2025-09-24,16:43,Wednesday,Sales,Vendor_017,Travel,47.22,20000,Approver_10,INV-104416
TXN-004969,2025-09-24,12:28,Wednesday,Marketing,Vendor_059,Utilities,4257.69,25000,Approver_04,INV-104417
TXN-000688,2025-09-24,16:47,Wednesday,IT,Vendor_037,Equipment,533.99,40000,Approver_15,INV-104418
TXN-005335,2025-09-24,12:48,Wednesday,IT,Vendor_004,Consulting,1108.49,40000,Approver_11,INV-104419
TXN-005138,2025-09-24,14:48,Wednesday,Sales,Vendor_055,Travel,-871.47,20000,Approver_04,INV-104420
TXN-001591,2025-09-24,14:07,Wednesday,Finance,Vendor_048,Supplies,7852.95,60000,Approver_02,INV-104421
TXN-004782,2025-09-24,10:01,Wednesday,IT,Vendor_018,Supplies,37677.99,40000,Approver_13,INV-104422
TXN-001163,2025-09-24,15:10,Wednesday,Sales,Vendor_017,Software,475.54,20000,Approver_03,INV-104423
TXN-005597,2025-09-24,15:45,Wednesday,Finance,Vendor_019,Software,2500.0,60000,Approver_04,INV-104424
TXN-000640,2025-09-24,16:25,Wednesday,Marketing,Vendor_034,Misc,280.53,25000,,INV-104425
TXN-001854,2025-09-24,12:49,Wednesday,HR,Vendor_006,Travel,926.86,15000,Approver_09,INV-104426
TXN-001839,2025-09-24,10:44,Wednesday,IT,Vendor_002,Equipment,808.42,40000,Approver_07,INV-104427
TXN-001616,2025-09-24,15:18,Wednesday,Marketing,Vendor_034,Equipment,10000.0,25000,Approver_04,INV-104428
TXN-004028,2025-09-24,18:41,Wednesday,IT,Vendor_028,Utilities,452.7,40000,Approver_14,INV-104429
TXN-002071,2025-09-24,16:38,Wednesday,Sales,Vendor_031,Travel,12.91,20000,Approver_08,INV-104430
TXN-000567,2025-09-24,15:11,Wednesday,IT,Vendor_021,Software,337.8,40000,Approver_05,INV-104431
TXN-002833,2025-09-24,14:44,Wednesday,Sales,Vendor_037,Utilities,89.12,20000,Approver_13,INV-104432
TXN-000143,2025-09-24,13:23,Wednesday,Finance,Vendor_022,Software,12.67,60000,Approver_15,INV-104433
TXN-004765,2025-09-24,18:00,Wednesday,Marketing,Vendor_047,Software,3232.67,25000,Approver_13,INV-104434
TXN-002663,2025-09-24,15:21,Wednesday,Procurement,Vendor_028,Travel,955.21,50000,Approver_11,INV-104435
TXN-001640,2025-09-24,12:51,Wednesday,Finance,Vendor_001,Supplies,138.82,60000,Approver_01,INV-104436
TXN-003951,2025-09-24,15:03,Wednesday,Finance,Vendor_058,Travel,20000.0,60000,Approver_13,INV-104432
TXN-000603,2025-09-25,10:29,Thursday,IT,Vendor_009,Misc,1480.68,40000,Approver_15,INV-104438
TXN-003979,2025-09-25,10:35,Thursday,Procurement,Vendor_053,Supplies,49460.88,50000,Approver_09,INV-104439
TXN-005407,2025-09-25,10:51,Thursday,IT,Vendor_010,Misc,28.04,40000,Approver_14,INV-104440
TXN-001006,2025-09-25,12:18,Thursday,HR,Vendor_038,Consulting,72.8,15000,Approver_09,INV-104441
TXN-000416,2025-09-25,12:39,Thursday,Finance,Vendor_032,Supplies,11.36,60000,Approver_15,INV-104442
TXN-001580,2025-09-25,17:57,Thursday,Marketing,Vendor_054,Misc,44.87,25000,Approver_10,INV-104443
TXN-005887,2025-09-25,18:27,Thursday,HR,Vendor_031,Software,601.0,15000,Approver_04,INV-104444
TXN-000114,2025-09-25,11:25,Thursday,Finance,Vendor_021,Utilities,20000.0,60000,Approver_01,INV-104445
TXN-005901,2025-09-25,11:55,Thursday,Procurement,Vendor_046,Software,125.43,50000,Approver_02,INV-104446
TXN-001024,2025-09-25,16:32,Thursday,Marketing,Vendor_047,Supplies,21.78,25000,Approver_02,INV-104447
TXN-004519,2025-09-25,09:38,Thursday,Procurement,Vendor_050,Utilities,828.61,50000,Approver_15,INV-104448
TXN-003704,2025-09-25,11:08,Thursday,HR,Vendor_035,Consulting,47.68,15000,Approver_08,INV-104449
TXN-001289,2025-09-25,14:14,Thursday,IT,Vendor_055,Travel,1806.4,40000,Approver_06,INV-104450
TXN-001345,2025-09-25,11:37,Thursday,Sales,Vendor_049,Utilities,12.54,20000,Approver_14,INV-104451
TXN-000253,2025-09-25,14:45,Thursday,Finance,Vendor_033,Equipment,7500.0,60000,Approver_05,INV-104452
TXN-003180,2025-09-25,11:16,Thursday,Marketing,Vendor_046,Supplies,102.42,25000,Approver_02,INV-104453
TXN-003719,2025-09-25,17:26,Thursday,Procurement,Vendor_016,Utilities,412.0,50000,Approver_07,INV-104454
TXN-005654,2025-09-25,11:50,Thursday,Finance,Vendor_059,Software,15.61,60000,Approver_13,INV-104455
TXN-000262,2025-09-25,15:32,Thursday,HR,Vendor_046,Misc,9016.97,15000,Approver_08,INV-104456
TXN-005366,2025-09-25,10:18,Thursday,Sales,Vendor_007,Consulting,-3590.08,20000,Approver_03,INV-104457
TXN-003206,2025-09-25,13:24,Thursday,Sales,Vendor_045,Utilities,502.89,20000,Approver_08,INV-104458
TXN-001630,2025-09-26,11:41,Friday,Operations,Vendor_019,Utilities,251.28,30000,Approver_08,INV-104459
TXN-001615,2025-09-26,15:07,Friday,Sales,Vendor_037,Travel,4332.32,20000,Approver_15,INV-104460
TXN-003680,2025-09-26,15:44,Friday,Sales,Vendor_027,Utilities,240.63,20000,Approver_12,INV-104461
TXN-003126,2025-09-26,16:21,Friday,Marketing,Vendor_041,Software,-721.3,25000,Approver_04,INV-104462
TXN-004219,2025-09-26,15:33,Friday,HR,Vendor_007,Consulting,30.19,15000,Approver_09,INV-104463
TXN-001123,2025-09-26,11:14,Friday,Operations,Vendor_047,Utilities,136.39,30000,Approver_02,INV-104464
TXN-001739,2025-09-26,11:09,Friday,Operations,Vendor_002,Consulting,3384.41,30000,Approver_07,INV-104465
TXN-004226,2025-09-26,15:37,Friday,Sales,Vendor_023,Misc,1000.0,20000,Approver_01,INV-104466
TXN-003916,2025-09-26,11:12,Friday,Operations,Vendor_026,Utilities,2442.07,30000,Approver_03,INV-104467
TXN-001545,2025-09-26,16:22,Friday,Marketing,Vendor_057,Travel,100.15,25000,Approver_08,INV-104468
TXN-003426,2025-09-26,08:25,Friday,Operations,Vendor_028,Equipment,58.15,30000,Approver_04,INV-104469
TXN-000875,2025-09-26,15:53,Friday,Procurement,Vendor_010,Consulting,1773.96,50000,Approver_10,INV-104470
TXN-000900,2025-09-26,16:34,Friday,Operations,Vendor_012,Consulting,456.84,30000,Approver_14,INV-104471
TXN-002844,2025-09-26,16:13,Friday,Operations,Vendor_033,Supplies,14723.73,30000,Approver_06,INV-104472
TXN-005376,2025-09-26,17:08,Friday,Operations,Vendor_041,Utilities,2824.77,30000,Approver_03,INV-104473
TXN-003223,2025-09-26,08:31,Friday,Sales,Vendor_006,Utilities,62034.84,20000,Approver_15,INV-104474
TXN-001822,2025-09-26,09:45,Friday,Procurement,Vendor_014,Consulting,48.51,50000,Approver_10,INV-104475
TXN-003487,2025-09-26,11:16,Friday,Operations,Vendor_008,Travel,381.26,30000,Approver_12,INV-104476
TXN-000207,2025-09-26,14:30,Friday,Finance,Vendor_040,Supplies,413.52,60000,Approver_10,INV-104477
TXN-003573,2025-09-26,10:46,Friday,HR,Vendor_017,Equipment,764.65,15000,Approver_13,INV-104478
TXN-000125,2025-09-26,11:46,Friday,IT,Vendor_003,Consulting,78.51,40000,Approver_11,INV-104479
TXN-003354,2025-09-26,11:36,Friday,HR,Vendor_031,Utilities,14695.5,15000,Approver_09,INV-104480
TXN-002825,2025-09-26,12:18,Friday,HR,Vendor_037,Travel,8924.62,15000,Approver_06,INV-104481
TXN-004263,2025-09-27,22:16,Saturday,Sales,Vendor_060,Utilities,37889.0,20000,Approver_01,INV-104482
TXN-003734,2025-09-27,12:48,Saturday,Operations,Vendor_050,Consulting,689.33,30000,Approver_10,INV-104483
TXN-005843,2025-09-29,12:04,Monday,Operations,Vendor_043,Consulting,31.24,30000,Approver_14,INV-104484
TXN-002504,2025-09-29,11:28,Monday,Sales,Vendor_016,Misc,269.17,20000,Approver_01,INV-104485
TXN-004567,2025-09-29,17:26,Monday,Procurement,Vendor_039,Software,50.68,50000,Approver_09,INV-104486
TXN-005831,2025-09-29,10:15,Monday,HR,Vendor_038,Supplies,177.09,15000,Approver_08,INV-104487
TXN-002665,2025-09-29,10:07,Monday,Sales,Vendor_053,Misc,51515.2,20000,Approver_09,INV-104488
TXN-001573,2025-09-29,10:01,Monday,Marketing,Vendor_036,Travel,41332.51,25000,Approver_11,INV-104489
TXN-002040,2025-09-29,10:47,Monday,HR,Vendor_020,Consulting,585.04,15000,Approver_06,INV-104490
TXN-000512,2025-09-29,11:56,Monday,Procurement,Vendor_029,Equipment,2874.21,50000,Approver_02,INV-104491
TXN-004044,2025-09-29,14:27,Monday,IT,Vendor_023,Utilities,662.69,40000,Approver_08,INV-104492
TXN-000942,2025-09-29,09:08,Monday,HR,Vendor_053,Equipment,578.86,15000,Approver_03,INV-104493
TXN-004047,2025-09-29,08:14,Monday,Sales,Vendor_042,Software,148.75,20000,Approver_14,INV-104494
TXN-000332,2025-09-29,09:30,Monday,Procurement,Vendor_011,Supplies,1048.75,50000,Approver_14,INV-104495
TXN-001492,2025-09-29,12:07,Monday,Marketing,Vendor_003,Supplies,23421.73,25000,Approver_01,INV-104496
TXN-001975,2025-09-29,10:59,Monday,Marketing,Vendor_023,Consulting,18.44,25000,Approver_15,INV-104497
TXN-002452,2025-09-29,13:28,Monday,IT,Vendor_015,Equipment,294.9,40000,Approver_10,INV-104498
TXN-001015,2025-09-29,09:52,Monday,Operations,Vendor_012,Equipment,-4663.12,30000,Approver_05,INV-104499
TXN-005922,2025-09-29,12:08,Monday,Finance,Vendor_035,Travel,762.29,60000,Approver_10,INV-104500
TXN-005221,2025-09-29,09:43,Monday,Operations,Vendor_019,Equipment,740.67,30000,Approver_10,INV-104501
TXN-004164,2025-09-29,11:09,Monday,Marketing,Vendor_017,Travel,556.35,25000,Approver_14,INV-104502
TXN-004481,2025-09-29,11:24,Monday,Sales,Vendor_049,Travel,553.89,20000,Approver_09,INV-104503
TXN-005468,2025-09-29,15:29,Monday,Sales,Vendor_015,Consulting,281.75,20000,Approver_03,INV-104504
TXN-005441,2025-09-29,15:40,Monday,Finance,Vendor_029,Travel,17351.37,60000,Approver_01,INV-104505
TXN-005938,2025-09-29,17:29,Monday,Marketing,Vendor_051,Travel,291.93,25000,Approver_03,INV-104506
TXN-001654,2025-09-29,14:21,Monday,HR,Vendor_020,Misc,792.66,15000,Approver_14,INV-104507
TXN-001320,2025-09-29,11:23,Monday,HR,Vendor_023,Consulting,18244.3,15000,Approver_15,INV-104508
TXN-003308,2025-09-29,16:20,Monday,Finance,Vendor_011,Utilities,380.23,60000,,INV-104509
TXN-004529,2025-09-30,11:52,Tuesday,Marketing,Vendor_008,Supplies,24781.32,25000,Approver_11,INV-104510
TXN-000525,2025-09-30,11:51,Tuesday,HR,Vendor_027,Misc,25.57,15000,Approver_15,INV-104511
TXN-000278,2025-09-30,15:17,Tuesday,IT,Vendor_008,Software,371.0,40000,Approver_05,INV-104512
TXN-004109,2025-09-30,09:48,Tuesday,IT,Vendor_035,Consulting,7500.0,40000,Approver_12,INV-104513
TXN-001712,2025-09-30,15:28,Tuesday,Finance,Vendor_002,Equipment,48018.33,60000,Approver_14,INV-104514
TXN-003303,2025-09-30,11:02,Tuesday,IT,Vendor_022,Equipment,4614.16,40000,Approver_03,INV-104515
TXN-002350,2025-09-30,09:39,Tuesday,Procurement,Vendor_030,Equipment,50277.06,50000,Approver_11,INV-104516
TXN-002672,2025-09-30,18:21,Tuesday,HR,Vendor_042,Consulting,8573.57,15000,Approver_03,INV-104517
TXN-005102,2025-09-30,09:47,Tuesday,Operations,Vendor_031,Misc,13.54,30000,Approver_03,INV-104518
TXN-001035,2025-09-30,11:02,Tuesday,Finance,Vendor_001,Travel,389.33,60000,,INV-104519
TXN-003561,2025-09-30,18:57,Tuesday,HR,Vendor_028,Travel,16.51,15000,Approver_12,INV-104520
TXN-005933,2025-09-30,16:10,Tuesday,Operations,Vendor_049,Supplies,178.71,30000,Approver_05,INV-104521
TXN-000333,2025-09-30,15:51,Tuesday,Finance,Vendor_025,Consulting,134.88,60000,Approver_01,INV-104522
TXN-004081,2025-09-30,11:08,Tuesday,Finance,Vendor_052,Travel,495.23,60000,Approver_04,INV-104523
TXN-003258,2025-09-30,11:23,Tuesday,Sales,Vendor_048,Supplies,77.45,20000,Approver_10,INV-104524
TXN-003455,2025-09-30,12:02,Tuesday,Marketing,Vendor_032,Consulting,47486.69,25000,Approver_02,INV-104525
TXN-004907,2025-09-30,15:40,Tuesday,Marketing,Vendor_002,Utilities,84120.28,25000,Approver_03,INV-104526
TXN-000480,2025-09-30,10:45,Tuesday,Operations,Vendor_038,Supplies,251.6,30000,Approver_08,INV-104527
TXN-004241,2025-09-30,13:34,Tuesday,Marketing,Vendor_007,Utilities,1044.48,25000,Approver_03,INV-104528
TXN-000031,2025-09-30,16:08,Tuesday,Marketing,Vendor_050,Travel,2288.19,25000,Approver_07,INV-104529
TXN-002490,2025-09-30,15:11,Tuesday,Marketing,Vendor_052,Misc,121.84,25000,Approver_10,INV-104530
TXN-001200,2025-09-30,16:21,Tuesday,Operations,Vendor_037,Equipment,30.81,30000,Approver_15,INV-104531
TXN-003923,2025-09-30,10:15,Tuesday,Finance,Vendor_040,Software,25.59,60000,Approver_13,INV-104532
TXN-000116,2025-09-30,15:23,Tuesday,Sales,Vendor_055,Misc,10000.0,20000,Approver_11,INV-104533
TXN-003741,2025-10-01,15:04,Wednesday,Operations,Vendor_018,Utilities,125.46,30000,Approver_14,INV-104534
TXN-002318,2025-10-01,18:49,Wednesday,Sales,Vendor_010,Travel,592.66,20000,Approver_04,INV-104535
TXN-005525,2025-10-01,16:53,Wednesday,IT,Vendor_056,Utilities,77.5,40000,Approver_02,INV-104536
TXN-001646,2025-10-01,13:13,Wednesday,IT,Vendor_014,Supplies,262.39,40000,Approver_01,INV-104537
TXN-001408,2025-10-01,15:53,Wednesday,Finance,Vendor_050,Misc,163.16,60000,Approver_08,INV-104538
TXN-005492,2025-10-01,15:03,Wednesday,Operations,Vendor_008,Software,10.18,30000,Approver_03,INV-104539
TXN-000489,2025-10-01,15:42,Wednesday,Marketing,Vendor_058,Consulting,565.1,25000,Approver_12,INV-104540
TXN-000775,2025-10-01,16:13,Wednesday,HR,Vendor_018,Utilities,787.47,15000,Approver_10,INV-104541
TXN-001746,2025-10-01,17:24,Wednesday,Sales,Vendor_055,Software,83.1,20000,Approver_08,INV-104542
TXN-001285,2025-10-01,08:57,Wednesday,Marketing,Vendor_002,Consulting,7500.0,25000,Approver_14,INV-104543
TXN-004531,2025-10-01,17:20,Wednesday,Sales,Vendor_046,Travel,170.42,20000,Approver_05,INV-104544
TXN-001388,2025-10-01,12:11,Wednesday,IT,Vendor_038,Misc,879.48,40000,Approver_15,INV-104545
TXN-003133,2025-10-01,16:07,Wednesday,HR,Vendor_026,Equipment,6613.46,15000,Approver_13,INV-104546
TXN-005425,2025-10-01,12:24,Wednesday,Sales,Vendor_041,Equipment,722.57,20000,Approver_09,INV-104547
TXN-003724,2025-10-01,11:50,Wednesday,Sales,Vendor_059,Travel,31.41,20000,Approver_13,INV-104548
TXN-002497,2025-10-01,10:38,Wednesday,HR,Vendor_018,Software,22343.72,15000,Approver_06,INV-104549
TXN-004118,2025-10-02,18:49,Thursday,Procurement,Vendor_025,Consulting,58.03,50000,Approver_12,INV-104550
TXN-004299,2025-10-02,14:17,Thursday,HR,Vendor_022,Supplies,2024.66,15000,Approver_05,INV-104551
TXN-001183,2025-10-02,13:51,Thursday,Operations,Vendor_030,Travel,5594.23,30000,Approver_07,INV-104552
TXN-000830,2025-10-02,15:18,Thursday,HR,Vendor_050,Consulting,149.55,15000,Approver_07,INV-104553
TXN-004638,2025-10-02,13:03,Thursday,HR,Vendor_059,Utilities,267.63,15000,Approver_06,INV-104554
TXN-003334,2025-10-02,18:26,Thursday,IT,Vendor_025,Software,13.84,40000,Approver_15,INV-104555
TXN-005707,2025-10-02,17:19,Thursday,HR,Vendor_053,Consulting,68.03,15000,Approver_11,INV-104556
TXN-004566,2025-10-02,11:06,Thursday,Marketing,Vendor_034,Travel,303.02,25000,Approver_08,INV-104557
TXN-002115,2025-10-02,08:48,Thursday,Sales,Vendor_039,Utilities,14.51,20000,Approver_14,INV-104558
TXN-002540,2025-10-02,10:31,Thursday,Procurement,Vendor_027,Supplies,5200.12,50000,Approver_04,INV-104559
TXN-005896,2025-10-02,15:07,Thursday,Operations,Vendor_035,Travel,5184.4,30000,Approver_04,INV-104560
TXN-004984,2025-10-02,17:40,Thursday,IT,Vendor_036,Travel,1168.48,40000,Approver_03,INV-104561
TXN-005117,2025-10-02,17:16,Thursday,Operations,Vendor_015,Travel,93.14,30000,Approver_06,INV-104562
TXN-001325,2025-10-02,15:17,Thursday,HR,Vendor_019,Travel,6813.83,15000,Approver_15,INV-104563
TXN-000740,2025-10-02,17:14,Thursday,Procurement,Vendor_033,Equipment,3175.56,50000,Approver_01,INV-104564
TXN-002496,2025-10-02,11:49,Thursday,Finance,Vendor_047,Consulting,162.21,60000,,INV-104565
TXN-000501,2025-10-02,11:54,Thursday,Sales,Vendor_049,Equipment,538.97,20000,Approver_12,INV-104566
TXN-005037,2025-10-02,17:33,Thursday,Sales,Vendor_022,Misc,4006.97,20000,Approver_09,INV-104567
TXN-000292,2025-10-02,15:21,Thursday,HR,Vendor_008,Utilities,52.46,15000,Approver_10,INV-104568
TXN-005816,2025-10-02,14:04,Thursday,Operations,Vendor_016,Misc,4244.58,30000,Approver_02,INV-104569
TXN-001152,2025-10-02,11:49,Thursday,IT,Vendor_052,Travel,148.63,40000,Approver_10,INV-104570
TXN-001725,2025-10-02,12:19,Thursday,Finance,Vendor_017,Software,230.22,60000,Approver_09,INV-104571
TXN-001039,2025-10-02,12:53,Thursday,Finance,Vendor_048,Utilities,5000.0,60000,Approver_03,INV-104572
TXN-002744,2025-10-02,11:41,Thursday,Procurement,Vendor_029,Equipment,52150.79,50000,Approver_10,INV-104573
TXN-000051,2025-10-02,16:53,Thursday,Operations,Vendor_013,Supplies,1773.06,30000,Approver_14,INV-104574
TXN-000250,2025-10-02,16:19,Thursday,Marketing,Vendor_060,Consulting,41816.19,25000,Approver_12,INV-104575
TXN-001375,2025-10-02,17:22,Thursday,Procurement,Vendor_006,Travel,323.79,50000,Approver_07,INV-104576
TXN-005313,2025-10-03,11:30,Friday,IT,Vendor_026,Utilities,15000.0,40000,Approver_15,INV-104577
TXN-002470,2025-10-03,16:52,Friday,Sales,Vendor_039,Supplies,-482.43,20000,Approver_09,INV-104578
TXN-004141,2025-10-03,09:00,Friday,Operations,Vendor_031,Utilities,14.42,30000,Approver_04,INV-104579
TXN-003526,2025-10-03,12:44,Friday,Operations,Vendor_043,Utilities,688.52,30000,Approver_12,INV-104580
TXN-004100,2025-10-03,12:34,Friday,Operations,Vendor_054,Misc,1626.35,30000,Approver_06,INV-104581
TXN-005364,2025-10-03,15:49,Friday,HR,Vendor_019,Consulting,614.64,15000,Approver_07,INV-104582
TXN-005882,2025-10-03,15:22,Friday,HR,Vendor_033,Misc,10000.0,15000,Approver_08,INV-104583
TXN-003969,2025-10-03,10:53,Friday,Procurement,Vendor_049,Utilities,4551.24,50000,Approver_14,INV-104584
TXN-005544,2025-10-03,15:37,Friday,Procurement,Vendor_059,Utilities,627.75,50000,Approver_02,INV-104585
TXN-003939,2025-10-03,11:23,Friday,Marketing,Vendor_016,Supplies,16.67,25000,Approver_02,INV-104586
TXN-001842,2025-10-03,08:40,Friday,HR,Vendor_037,Travel,390.0,15000,Approver_07,INV-104587
TXN-005962,2025-10-03,13:57,Friday,Sales,Vendor_020,Equipment,5558.85,20000,Approver_04,INV-104588
TXN-001237,2025-10-03,17:10,Friday,Finance,Vendor_028,Supplies,1465.14,60000,Approver_14,INV-104589
TXN-003492,2025-10-03,15:45,Friday,Finance,Vendor_029,Misc,1190.01,60000,Approver_15,INV-104590
TXN-003280,2025-10-03,12:10,Friday,Finance,Vendor_023,Equipment,69.1,60000,Approver_06,INV-104591
TXN-001265,2025-10-03,09:54,Friday,Operations,Vendor_050,Utilities,68.64,30000,Approver_01,INV-104592
TXN-004372,2025-10-03,11:16,Friday,IT,Vendor_008,Consulting,2929.87,40000,Approver_14,INV-104593
TXN-000716,2025-10-03,17:36,Friday,Procurement,Vendor_055,Equipment,862.03,50000,Approver_11,INV-104594
TXN-001442,2025-10-03,08:20,Friday,Sales,Vendor_034,Utilities,19869.63,20000,Approver_03,INV-104595
TXN-005920,2025-10-03,14:14,Friday,HR,Vendor_006,Supplies,34.75,15000,Approver_12,INV-104596
TXN-005924,2025-10-03,11:19,Friday,Procurement,Vendor_022,Misc,753.97,50000,Approver_08,INV-104597
TXN-003248,2025-10-03,15:55,Friday,Sales,Vendor_044,Travel,-1142.17,20000,Approver_12,INV-104598
TXN-005241,2025-10-03,09:51,Friday,Finance,Vendor_008,Travel,7122.81,60000,Approver_14,INV-104599
TXN-000037,2025-10-05,22:02,Sunday,HR,Vendor_051,Equipment,173.7,15000,Approver_12,INV-104600
TXN-003622,2025-10-06,08:30,Monday,HR,Vendor_018,Utilities,165.24,15000,Approver_04,INV-104601
TXN-003721,2025-10-06,12:55,Monday,Finance,Vendor_057,Misc,4900.55,60000,Approver_04,INV-104602
TXN-004416,2025-10-06,11:38,Monday,Marketing,Vendor_004,Equipment,2448.48,25000,Approver_14,INV-104603
TXN-004568,2025-10-06,10:50,Monday,IT,Vendor_011,Misc,115.59,40000,,INV-104604
TXN-003030,2025-10-06,17:16,Monday,Marketing,Vendor_040,Utilities,342.05,25000,Approver_13,INV-104605
TXN-001583,2025-10-06,10:29,Monday,Finance,Vendor_058,Travel,12.58,60000,Approver_09,INV-104606
TXN-004692,2025-10-06,12:44,Monday,Procurement,Vendor_046,Equipment,66.06,50000,Approver_01,INV-104607
TXN-005388,2025-10-06,11:43,Monday,Sales,Vendor_012,Travel,129.47,20000,Approver_01,INV-104608
TXN-002166,2025-10-06,18:09,Monday,HR,Vendor_035,Equipment,4428.54,15000,Approver_10,INV-104609
TXN-001582,2025-10-06,17:06,Monday,Procurement,Vendor_019,Consulting,27705.81,50000,Approver_06,INV-104610
TXN-002017,2025-10-06,10:50,Monday,Finance,Vendor_021,Consulting,15228.81,60000,Approver_02,INV-104606
TXN-003194,2025-10-06,10:44,Monday,Finance,Vendor_036,Consulting,878.02,60000,Approver_08,INV-104612
TXN-003796,2025-10-06,18:30,Monday,Procurement,Vendor_004,Software,74986.37,50000,Approver_14,INV-104613
TXN-004477,2025-10-06,14:47,Monday,Marketing,Vendor_048,Misc,704.29,25000,Approver_06,INV-104614
TXN-000304,2025-10-07,16:16,Tuesday,HR,Vendor_012,Utilities,25.92,15000,Approver_15,INV-104615
TXN-003274,2025-10-07,11:56,Tuesday,IT,Vendor_016,Supplies,3582.03,40000,Approver_01,INV-104616
TXN-002604,2025-10-07,16:28,Tuesday,Sales,Vendor_051,Misc,29.47,20000,Approver_09,INV-104617
TXN-001934,2025-10-07,16:50,Tuesday,Procurement,Vendor_005,Utilities,21.11,50000,Approver_15,INV-104618
TXN-000895,2025-10-07,12:09,Tuesday,HR,Vendor_030,Software,162.01,15000,Approver_08,INV-104619
TXN-004397,2025-10-07,11:40,Tuesday,IT,Vendor_039,Software,7500.0,40000,Approver_02,INV-104620
TXN-000947,2025-10-07,18:35,Tuesday,Finance,Vendor_024,Misc,11.6,60000,Approver_08,INV-104621
TXN-004688,2025-10-07,15:27,Tuesday,Operations,Vendor_060,Supplies,19526.15,30000,Approver_05,INV-104622
TXN-003835,2025-10-07,08:04,Tuesday,HR,Vendor_010,Supplies,-3784.73,15000,Approver_12,INV-104623
TXN-000327,2025-10-07,16:35,Tuesday,IT,Vendor_049,Misc,5903.68,40000,Approver_03,INV-104624
TXN-004196,2025-10-07,12:22,Tuesday,Finance,Vendor_034,Misc,73.33,60000,Approver_15,INV-104625
TXN-005406,2025-10-07,12:30,Tuesday,HR,Vendor_031,Consulting,183.44,15000,Approver_01,INV-104626
TXN-001086,2025-10-07,10:20,Tuesday,Procurement,Vendor_035,Consulting,295.75,50000,Approver_05,INV-104627
TXN-004661,2025-10-08,14:55,Wednesday,Finance,Vendor_026,Consulting,1149.7,60000,Approver_14,INV-104628
TXN-002446,2025-10-08,11:25,Wednesday,Finance,Vendor_048,Travel,171.27,60000,Approver_15,INV-104629
TXN-003797,2025-10-08,16:43,Wednesday,Finance,Vendor_015,Equipment,248.98,60000,Approver_10,INV-104624
TXN-005148,2025-10-08,15:49,Wednesday,Finance,Vendor_017,Equipment,84.98,60000,Approver_08,INV-104631
TXN-005573,2025-10-08,14:19,Wednesday,IT,Vendor_004,Consulting,603.69,40000,Approver_11,INV-104632
TXN-004997,2025-10-08,15:20,Wednesday,Finance,Vendor_012,Travel,9907.14,60000,Approver_09,INV-104633
TXN-003312,2025-10-08,15:59,Wednesday,Procurement,Vendor_030,Consulting,51349.75,50000,Approver_07,INV-104634
TXN-002245,2025-10-08,17:38,Wednesday,Finance,Vendor_001,Consulting,425.24,60000,Approver_12,INV-104635
TXN-004426,2025-10-08,15:21,Wednesday,HR,Vendor_045,Travel,699.11,15000,Approver_09,INV-104636
TXN-002032,2025-10-08,11:12,Wednesday,Operations,Vendor_051,Travel,6630.4,30000,,INV-104637
TXN-000105,2025-10-08,11:53,Wednesday,HR,Vendor_023,Equipment,264.06,15000,Approver_13,INV-104638
TXN-004585,2025-10-08,14:05,Wednesday,HR,Vendor_052,Utilities,17.11,15000,Approver_14,INV-104639
TXN-004792,2025-10-08,12:06,Wednesday,Procurement,Vendor_053,Utilities,325.21,50000,Approver_12,INV-104640
TXN-002666,2025-10-08,14:35,Wednesday,Procurement,Vendor_013,Consulting,2726.83,50000,Approver_12,INV-104641
TXN-001206,2025-10-08,08:12,Wednesday,Sales,Vendor_008,Travel,53.91,20000,Approver_06,INV-104642
TXN-003129,2025-10-08,10:44,Wednesday,HR,Vendor_012,Utilities,66.17,15000,Approver_03,INV-104643
TXN-001637,2025-10-08,15:00,Wednesday,Procurement,Vendor_049,Consulting,2299.27,50000,Approver_11,INV-104644
TXN-002479,2025-10-09,10:41,Thursday,Sales,Vendor_040,Software,770.88,20000,Approver_05,INV-104645
TXN-001133,2025-10-09,11:42,Thursday,Marketing,Vendor_044,Travel,588.83,25000,Approver_06,INV-104646
TXN-001719,2025-10-09,16:43,Thursday,Marketing,Vendor_020,Utilities,98338.74,25000,Approver_08,INV-104647
TXN-001118,2025-10-09,16:12,Thursday,Procurement,Vendor_057,Utilities,2596.02,50000,Approver_12,INV-104648
TXN-005789,2025-10-09,17:16,Thursday,Operations,Vendor_049,Software,108.38,30000,Approver_12,INV-104649
TXN-004016,2025-10-09,10:44,Thursday,Finance,Vendor_018,Software,201.22,60000,Approver_07,INV-104650
TXN-005777,2025-10-09,16:20,Thursday,Procurement,Vendor_043,Consulting,388.37,50000,Approver_04,INV-104651
TXN-000088,2025-10-09,11:04,Thursday,IT,Vendor_047,Supplies,9100.7,40000,Approver_06,INV-104652
TXN-004387,2025-10-09,12:03,Thursday,Finance,Vendor_021,Travel,24.63,60000,Approver_14,INV-104653
TXN-003200,2025-10-09,14:12,Thursday,Marketing,Vendor_041,Travel,84531.19,25000,Approver_10,INV-104654
TXN-000154,2025-10-09,15:47,Thursday,Procurement,Vendor_005,Utilities,429.08,50000,Approver_02,INV-104655
TXN-003765,2025-10-09,09:51,Thursday,Procurement,Vendor_060,Utilities,7241.58,50000,Approver_06,INV-104656
TXN-002073,2025-10-09,09:05,Thursday,IT,Vendor_037,Misc,-1714.88,40000,,INV-104657
TXN-005427,2025-10-09,12:19,Thursday,HR,Vendor_005,Misc,2917.9,15000,Approver_02,INV-104658
TXN-000423,2025-10-09,15:39,Thursday,Procurement,Vendor_049,Misc,802.34,50000,Approver_10,INV-104659
TXN-001124,2025-10-09,11:27,Thursday,Marketing,Vendor_052,Consulting,208.19,25000,Approver_07,INV-104660
TXN-002955,2025-10-09,00:45,Thursday,Procurement,Vendor_060,Consulting,568.63,50000,Approver_06,INV-104661
TXN-001907,2025-10-09,18:09,Thursday,Marketing,Vendor_008,Misc,24471.41,25000,Approver_04,INV-104662
TXN-005687,2025-10-09,09:41,Thursday,Procurement,Vendor_043,Equipment,92887.61,50000,Approver_04,INV-104663
TXN-003420,2025-10-09,15:23,Thursday,Finance,Vendor_010,Software,6006.04,60000,Approver_14,INV-104664
TXN-002808,2025-10-09,17:39,Thursday,Marketing,Vendor_025,Supplies,203.75,25000,Approver_04,INV-104665
TXN-005246,2025-10-09,11:54,Thursday,IT,Vendor_019,Travel,112.77,40000,Approver_04,INV-104666
TXN-001680,2025-10-09,12:58,Thursday,HR,Vendor_012,Travel,1582.49,15000,Approver_04,INV-104667
TXN-003132,2025-10-09,16:15,Thursday,IT,Vendor_026,Travel,24.33,40000,Approver_02,INV-104668
TXN-005279,2025-10-09,16:56,Thursday,HR,Vendor_058,Consulting,1718.81,15000,Approver_13,INV-104669
TXN-004192,2025-10-09,11:51,Thursday,Marketing,Vendor_046,Misc,826.61,25000,Approver_11,INV-104670
TXN-000559,2025-10-09,14:47,Thursday,Marketing,Vendor_017,Utilities,10.95,25000,Approver_15,INV-104671
TXN-001005,2025-10-09,12:54,Thursday,Finance,Vendor_017,Travel,7455.26,60000,Approver_08,INV-104672
TXN-002797,2025-10-09,12:04,Thursday,Marketing,Vendor_020,Utilities,23785.42,25000,Approver_01,INV-104673
TXN-004904,2025-10-10,15:15,Friday,Procurement,Vendor_021,Utilities,1357.86,50000,Approver_03,INV-104674
TXN-002943,2025-10-10,10:59,Friday,Finance,Vendor_056,Misc,11.86,60000,Approver_04,INV-104675
TXN-000027,2025-10-10,12:20,Friday,Finance,Vendor_048,Consulting,377.49,60000,Approver_05,INV-104676
TXN-001324,2025-10-10,16:41,Friday,HR,Vendor_021,Supplies,134.89,15000,Approver_15,INV-104677
TXN-001786,2025-10-10,11:47,Friday,Procurement,Vendor_044,Consulting,73.79,50000,Approver_06,INV-104678
TXN-001782,2025-10-10,15:27,Friday,Marketing,Vendor_008,Supplies,615.3,25000,Approver_03,INV-104679
TXN-001138,2025-10-10,14:46,Friday,Marketing,Vendor_031,Utilities,38764.44,25000,Approver_15,INV-104680
TXN-004721,2025-10-10,10:44,Friday,HR,Vendor_032,Utilities,6641.52,15000,Approver_10,INV-104681
TXN-005526,2025-10-10,15:46,Friday,Procurement,Vendor_041,Equipment,121.73,50000,Approver_13,INV-104682
TXN-000601,2025-10-10,11:35,Friday,Procurement,Vendor_017,Misc,1633.59,50000,Approver_06,INV-104683
TXN-000341,2025-10-10,12:05,Friday,HR,Vendor_033,Utilities,540.38,15000,Approver_06,INV-104684
TXN-000351,2025-10-10,12:34,Friday,Marketing,Vendor_029,Consulting,1214.23,25000,Approver_15,INV-104685
TXN-003007,2025-10-10,00:22,Friday,Procurement,Vendor_038,Utilities,32.73,50000,Approver_02,INV-104686
TXN-005521,2025-10-10,11:03,Friday,HR,Vendor_009,Supplies,578.78,15000,Approver_11,INV-104687
TXN-001140,2025-10-10,16:32,Friday,Operations,Vendor_052,Misc,184.29,30000,Approver_04,INV-104688
TXN-001445,2025-10-10,15:39,Friday,Finance,Vendor_036,Misc,126.06,60000,,INV-104689
TXN-003820,2025-10-10,17:56,Friday,Finance,Vendor_010,Equipment,8396.94,60000,Approver_09,INV-104690
TXN-002269,2025-10-10,11:07,Friday,Finance,Vendor_056,Consulting,503.35,60000,Approver_13,INV-104691
TXN-003421,2025-10-10,10:11,Friday,Operations,Vendor_020,Equipment,781.82,30000,Approver_14,INV-104692
TXN-005380,2025-10-10,08:55,Friday,HR,Vendor_027,Misc,62.36,15000,Approver_04,INV-104693
TXN-003286,2025-10-10,10:19,Friday,Operations,Vendor_030,Travel,190.87,30000,Approver_10,INV-104694
TXN-001562,2025-10-10,16:18,Friday,Marketing,Vendor_032,Misc,10.67,25000,Approver_15,INV-104695
TXN-003641,2025-10-10,10:09,Friday,Operations,Vendor_020,Software,16275.08,30000,Approver_06,INV-104696
TXN-002177,2025-10-10,16:46,Friday,Operations,Vendor_027,Equipment,9921.03,30000,Approver_15,INV-104697
TXN-003644,2025-10-10,10:14,Friday,Operations,Vendor_018,Supplies,584.28,30000,Approver_09,INV-104698
TXN-001093,2025-10-10,13:49,Friday,Operations,Vendor_003,Supplies,15000.0,30000,Approver_04,INV-104699
TXN-002223,2025-10-10,15:54,Friday,Sales,Vendor_038,Equipment,484.03,20000,Approver_10,INV-104700
TXN-004602,2025-10-10,13:21,Friday,HR,Vendor_026,Supplies,28.88,15000,Approver_03,INV-104701
TXN-001873,2025-10-11,15:34,Saturday,Finance,Vendor_045,Consulting,40.29,60000,Approver_04,INV-104702
TXN-005857,2025-10-11,01:20,Saturday,Procurement,Vendor_060,Misc,168.52,50000,Approver_06,INV-104703
TXN-005131,2025-10-13,16:45,Monday,Finance,Vendor_015,Utilities,141.37,60000,Approver_04,INV-104704
TXN-004824,2025-10-13,10:22,Monday,IT,Vendor_009,Misc,38.71,40000,Approver_11,INV-104705
TXN-001601,2025-10-13,13:38,Monday,Procurement,Vendor_032,Consulting,287.68,50000,Approver_13,INV-104706
TXN-005260,2025-10-13,12:08,Monday,Operations,Vendor_021,Misc,33.39,30000,Approver_08,INV-104707
TXN-005294,2025-10-13,10:47,Monday,Operations,Vendor_012,Misc,8991.31,30000,Approver_05,INV-104708
TXN-001937,2025-10-13,13:30,Monday,Finance,Vendor_054,Consulting,239.15,60000,Approver_11,INV-104709
TXN-004374,2025-10-13,15:46,Monday,Sales,Vendor_046,Consulting,195.55,20000,Approver_10,INV-104710
TXN-002676,2025-10-13,17:09,Monday,HR,Vendor_008,Equipment,49630.09,15000,Approver_07,INV-104711
TXN-004845,2025-10-13,15:26,Monday,Sales,Vendor_049,Misc,7902.98,20000,Approver_08,INV-104712
TXN-005832,2025-10-13,11:43,Monday,Sales,Vendor_060,Equipment,109.79,20000,Approver_15,INV-104713
TXN-003665,2025-10-13,14:45,Monday,Procurement,Vendor_045,Misc,58951.03,50000,Approver_13,INV-104714
TXN-004131,2025-10-13,10:48,Monday,IT,Vendor_029,Utilities,2500.0,40000,Approver_11,INV-104715
TXN-002066,2025-10-13,09:48,Monday,Sales,Vendor_052,Consulting,14053.49,20000,Approver_08,INV-104716
TXN-005563,2025-10-13,14:57,Monday,IT,Vendor_026,Equipment,1090.64,40000,Approver_03,INV-104717
TXN-003256,2025-10-13,11:29,Monday,Procurement,Vendor_034,Software,442.92,50000,Approver_07,INV-104718
TXN-002020,2025-10-13,09:23,Monday,Operations,Vendor_022,Equipment,8735.54,30000,Approver_01,INV-104719
TXN-000082,2025-10-13,16:36,Monday,Operations,Vendor_042,Travel,4625.91,30000,Approver_04,INV-104720
TXN-000704,2025-10-13,14:36,Monday,IT,Vendor_059,Software,69588.62,40000,Approver_06,INV-104721
TXN-003059,2025-10-13,09:06,Monday,Procurement,Vendor_032,Travel,3600.01,50000,Approver_08,INV-104722
TXN-005189,2025-10-13,14:44,Monday,Finance,Vendor_017,Consulting,52925.13,60000,Approver_12,INV-104723
TXN-004290,2025-10-13,10:09,Monday,IT,Vendor_013,Utilities,5000.0,40000,Approver_07,INV-104724
TXN-002109,2025-10-13,18:18,Monday,Procurement,Vendor_017,Consulting,7748.64,50000,Approver_11,INV-104725
TXN-002907,2025-10-13,16:25,Monday,HR,Vendor_030,Software,173.71,15000,Approver_08,INV-104726
TXN-004946,2025-10-14,10:14,Tuesday,Finance,Vendor_040,Software,20.39,60000,Approver_14,INV-104727
TXN-002751,2025-10-14,16:10,Tuesday,Finance,Vendor_042,Travel,1136.51,60000,Approver_08,INV-104728
TXN-005555,2025-10-14,11:26,Tuesday,Operations,Vendor_006,Consulting,27439.9,30000,Approver_13,INV-104729
TXN-005600,2025-10-14,17:27,Tuesday,Procurement,Vendor_012,Software,299.45,50000,Approver_04,INV-104730
TXN-002554,2025-10-14,12:09,Tuesday,IT,Vendor_021,Software,964.52,40000,Approver_12,INV-104731
TXN-001834,2025-10-14,15:35,Tuesday,Operations,Vendor_033,Equipment,542.56,30000,Approver_15,INV-104732
TXN-000811,2025-10-14,12:38,Tuesday,IT,Vendor_041,Software,148.17,40000,Approver_08,INV-104733
TXN-001475,2025-10-14,18:01,Tuesday,Operations,Vendor_026,Software,6908.29,30000,Approver_12,INV-104734
TXN-002295,2025-10-14,17:22,Tuesday,Sales,Vendor_042,Software,150.89,20000,Approver_03,INV-104735
TXN-002107,2025-10-14,15:53,Tuesday,Marketing,Vendor_028,Software,5392.08,25000,Approver_05,INV-104736
TXN-001127,2025-10-14,15:18,Tuesday,HR,Vendor_054,Consulting,401.17,15000,Approver_07,INV-104737
TXN-002416,2025-10-14,10:48,Tuesday,HR,Vendor_046,Equipment,16.32,15000,Approver_04,INV-104738
TXN-000157,2025-10-14,11:02,Tuesday,Sales,Vendor_001,Equipment,214.23,20000,Approver_12,INV-104739
TXN-004113,2025-10-14,08:22,Tuesday,Operations,Vendor_007,Utilities,20000.0,30000,Approver_07,INV-104740
TXN-003401,2025-10-14,14:43,Tuesday,Operations,Vendor_039,Misc,62.65,30000,Approver_11,INV-104741
TXN-000996,2025-10-15,11:05,Wednesday,IT,Vendor_045,Misc,5000.0,40000,Approver_06,INV-104742
TXN-002900,2025-10-15,18:34,Wednesday,Operations,Vendor_059,Travel,41.42,30000,Approver_13,INV-104743
TXN-004922,2025-10-15,14:48,Wednesday,IT,Vendor_038,Software,70.12,40000,Approver_12,INV-104744
TXN-004843,2025-10-15,11:02,Wednesday,Finance,Vendor_014,Supplies,64.5,60000,Approver_11,INV-104745
TXN-004356,2025-10-15,11:15,Wednesday,Operations,Vendor_021,Equipment,54.13,30000,Approver_11,INV-104746
TXN-000872,2025-10-15,12:01,Wednesday,IT,Vendor_012,Travel,55.16,40000,Approver_01,INV-104747
TXN-004445,2025-10-15,09:50,Wednesday,HR,Vendor_044,Utilities,16998.54,15000,Approver_09,INV-104748
TXN-003237,2025-10-15,12:31,Wednesday,Procurement,Vendor_011,Misc,74.36,50000,Approver_04,INV-104749
TXN-000466,2025-10-15,16:16,Wednesday,Sales,Vendor_023,Consulting,8287.0,20000,Approver_13,INV-104750
TXN-002403,2025-10-15,09:10,Wednesday,Procurement,Vendor_014,Misc,10000.0,50000,Approver_04,INV-104751
TXN-001395,2025-10-15,16:07,Wednesday,Marketing,Vendor_008,Software,2702.08,25000,Approver_04,INV-104752
TXN-001419,2025-10-15,14:40,Wednesday,IT,Vendor_037,Travel,125.51,40000,Approver_10,INV-104753
TXN-000687,2025-10-15,08:45,Wednesday,IT,Vendor_042,Utilities,503.96,40000,Approver_08,INV-104754
TXN-003155,2025-10-15,10:32,Wednesday,Sales,Vendor_060,Equipment,885.83,20000,Approver_07,INV-104755
TXN-005235,2025-10-15,18:17,Wednesday,Finance,Vendor_009,Software,311.98,60000,Approver_08,INV-104756
TXN-004248,2025-10-15,12:06,Wednesday,Sales,Vendor_018,Software,73.5,20000,Approver_10,INV-104757
TXN-000818,2025-10-15,15:06,Wednesday,Marketing,Vendor_001,Travel,11.8,25000,Approver_05,INV-104758
TXN-003441,2025-10-15,15:02,Wednesday,Operations,Vendor_048,Utilities,87.68,30000,Approver_12,INV-104759
TXN-003596,2025-10-15,18:54,Wednesday,IT,Vendor_004,Utilities,39.47,40000,Approver_05,INV-104760
TXN-005663,2025-10-15,17:20,Wednesday,Marketing,Vendor_048,Misc,111.54,25000,Approver_04,INV-104761
TXN-002153,2025-10-15,16:25,Wednesday,IT,Vendor_050,Utilities,248.19,40000,Approver_04,INV-104762
TXN-005474,2025-10-15,10:34,Wednesday,Finance,Vendor_033,Equipment,355.0,60000,Approver_07,INV-104763
TXN-001002,2025-10-16,17:14,Thursday,Procurement,Vendor_004,Software,4894.42,50000,Approver_12,INV-104764
TXN-002368,2025-10-16,14:27,Thursday,Procurement,Vendor_032,Equipment,28.53,50000,Approver_01,INV-104765
TXN-005328,2025-10-16,11:17,Thursday,Procurement,Vendor_059,Misc,90.37,50000,Approver_12,INV-104766
TXN-003503,2025-10-16,11:54,Thursday,Procurement,Vendor_034,Utilities,37.35,50000,Approver_10,INV-104767
TXN-004839,2025-10-16,11:10,Thursday,Marketing,Vendor_009,Supplies,287.3,25000,Approver_02,INV-104768
TXN-002002,2025-10-16,14:44,Thursday,Finance,Vendor_023,Software,2500.0,60000,Approver_15,INV-104769
TXN-002140,2025-10-16,12:23,Thursday,Operations,Vendor_021,Utilities,76.13,30000,Approver_08,INV-104770
TXN-005257,2025-10-16,16:34,Thursday,Procurement,Vendor_003,Consulting,7764.76,50000,Approver_09,INV-104771
TXN-002093,2025-10-16,14:13,Thursday,Marketing,Vendor_020,Misc,95.46,25000,Approver_15,INV-104772
TXN-005151,2025-10-16,16:25,Thursday,Operations,Vendor_057,Consulting,28347.73,30000,Approver_11,INV-104773
TXN-004891,2025-10-16,16:10,Thursday,Procurement,Vendor_032,Utilities,7307.77,50000,Approver_08,INV-104774
TXN-004492,2025-10-16,08:31,Thursday,IT,Vendor_046,Travel,59.91,40000,Approver_07,INV-104775
TXN-002011,2025-10-16,15:53,Thursday,HR,Vendor_032,Equipment,10000.0,15000,Approver_03,INV-104776
TXN-005519,2025-10-16,17:45,Thursday,Procurement,Vendor_053,Equipment,62.51,50000,Approver_09,INV-104777
TXN-005736,2025-10-16,11:53,Thursday,Operations,Vendor_050,Software,64.17,30000,Approver_06,INV-104778
TXN-000831,2025-10-16,17:10,Thursday,Sales,Vendor_046,Misc,265.34,20000,Approver_13,INV-104779
TXN-000819,2025-10-16,14:25,Thursday,Sales,Vendor_049,Travel,76.03,20000,Approver_09,INV-104780
TXN-005825,2025-10-16,13:01,Thursday,Marketing,Vendor_043,Misc,227.29,25000,Approver_10,INV-104781
TXN-000075,2025-10-16,08:20,Thursday,Procurement,Vendor_030,Misc,17.62,50000,Approver_11,INV-104782
TXN-000845,2025-10-16,10:15,Thursday,Procurement,Vendor_042,Software,-3066.87,50000,Approver_14,INV-104783
TXN-000086,2025-10-16,08:21,Thursday,Procurement,Vendor_031,Misc,3118.76,50000,Approver_06,INV-104784
TXN-003295,2025-10-17,13:02,Friday,HR,Vendor_002,Software,55.47,15000,Approver_08,INV-104785
TXN-004383,2025-10-17,14:55,Friday,Marketing,Vendor_021,Travel,132.11,25000,Approver_01,INV-104780
TXN-000910,2025-10-17,15:01,Friday,IT,Vendor_010,Misc,6811.95,40000,Approver_02,INV-104787
TXN-004954,2025-10-17,16:37,Friday,Finance,Vendor_050,Equipment,411.57,60000,Approver_08,INV-104788
TXN-003483,2025-10-17,18:46,Friday,Operations,Vendor_028,Travel,18.22,30000,Approver_01,INV-104789
TXN-002181,2025-10-17,15:12,Friday,Sales,Vendor_009,Software,10000.0,20000,Approver_01,INV-104790
TXN-001182,2025-10-17,12:46,Friday,Sales,Vendor_017,Utilities,4815.54,20000,Approver_06,INV-104791
TXN-003105,2025-10-17,15:16,Friday,Operations,Vendor_002,Equipment,16.73,30000,,INV-104792
TXN-005070,2025-10-17,15:03,Friday,Finance,Vendor_023,Software,-2465.78,60000,Approver_10,INV-104793
TXN-004851,2025-10-17,14:59,Friday,Sales,Vendor_005,Travel,49.81,20000,Approver_13,INV-104794
TXN-001132,2025-10-17,08:15,Friday,Sales,Vendor_049,Consulting,78126.06,20000,Approver_06,INV-104795
TXN-005795,2025-10-17,12:43,Friday,IT,Vendor_031,Utilities,166.28,40000,Approver_10,INV-104796
TXN-001653,2025-10-17,12:21,Friday,Sales,Vendor_030,Misc,2159.05,20000,Approver_10,INV-104797
TXN-002086,2025-10-17,11:17,Friday,Procurement,Vendor_015,Travel,39876.19,50000,Approver_04,INV-104798
TXN-000270,2025-10-17,10:36,Friday,Sales,Vendor_029,Supplies,110.86,20000,Approver_15,INV-104799
TXN-003582,2025-10-17,17:13,Friday,Finance,Vendor_043,Equipment,338.04,60000,Approver_14,INV-104800
TXN-000767,2025-10-17,18:29,Friday,Operations,Vendor_008,Supplies,2500.0,30000,Approver_12,INV-104801
TXN-001772,2025-10-17,14:05,Friday,Procurement,Vendor_055,Travel,386.15,50000,Approver_02,INV-104802
TXN-002499,2025-10-17,10:59,Friday,Sales,Vendor_037,Equipment,23.45,20000,Approver_03,INV-104803
TXN-003422,2025-10-17,17:08,Friday,Sales,Vendor_033,Supplies,689.45,20000,Approver_09,INV-104804
TXN-000696,2025-10-17,18:14,Friday,Finance,Vendor_043,Software,1431.7,60000,Approver_12,INV-104805
TXN-001755,2025-10-19,04:06,Sunday,Operations,Vendor_010,Utilities,8151.64,30000,Approver_06,INV-104806
TXN-003066,2025-10-20,10:44,Monday,Finance,Vendor_038,Travel,618.28,60000,Approver_12,INV-104807
TXN-004935,2025-10-20,17:53,Monday,Marketing,Vendor_040,Supplies,-2995.73,25000,Approver_02,INV-104808
TXN-002343,2025-10-20,17:32,Monday,IT,Vendor_014,Software,299.48,40000,Approver_13,INV-104804
TXN-004934,2025-10-20,09:15,Monday,Operations,Vendor_029,Travel,124.5,30000,Approver_08,INV-104810
TXN-002811,2025-10-20,10:31,Monday,HR,Vendor_031,Equipment,11382.23,15000,Approver_04,INV-104811
TXN-004716,2025-10-20,16:39,Monday,Marketing,Vendor_021,Supplies,-3964.02,25000,Approver_11,INV-104812
TXN-003004,2025-10-20,16:35,Monday,Procurement,Vendor_038,Supplies,11.03,50000,,INV-104813
TXN-005647,2025-10-20,08:44,Monday,Finance,Vendor_010,Travel,24.81,60000,Approver_09,INV-104814
TXN-004620,2025-10-20,09:05,Monday,Sales,Vendor_016,Misc,6737.98,20000,Approver_09,INV-104815
TXN-002099,2025-10-20,16:16,Monday,Procurement,Vendor_040,Consulting,67.46,50000,Approver_02,INV-104816
TXN-000930,2025-10-20,14:34,Monday,HR,Vendor_036,Travel,8345.6,15000,Approver_02,INV-104817
TXN-000667,2025-10-20,11:47,Monday,Procurement,Vendor_035,Utilities,34.14,50000,Approver_10,INV-104818
TXN-003737,2025-10-20,16:14,Monday,HR,Vendor_010,Misc,102.86,15000,Approver_05,INV-104819
TXN-003902,2025-10-20,18:37,Monday,Sales,Vendor_046,Travel,6426.19,20000,Approver_03,INV-104820
TXN-003138,2025-10-20,09:28,Monday,Procurement,Vendor_056,Supplies,6230.66,50000,Approver_05,INV-104821
TXN-002836,2025-10-20,17:04,Monday,Marketing,Vendor_058,Consulting,111.72,25000,Approver_10,INV-104822
TXN-004507,2025-10-20,16:02,Monday,Marketing,Vendor_015,Travel,7500.0,25000,Approver_03,INV-104823
TXN-004574,2025-10-20,08:14,Monday,IT,Vendor_027,Misc,110.89,40000,Approver_11,INV-104824
TXN-005051,2025-10-20,10:11,Monday,Operations,Vendor_012,Travel,5000.0,30000,Approver_08,INV-104825
TXN-001426,2025-10-20,11:30,Monday,IT,Vendor_002,Software,1924.51,40000,Approver_09,INV-104826
TXN-005633,2025-10-21,10:55,Tuesday,Operations,Vendor_026,Software,1439.85,30000,Approver_09,INV-104827
TXN-000570,2025-10-21,13:09,Tuesday,IT,Vendor_024,Travel,2174.04,40000,Approver_09,INV-104828
TXN-004114,2025-10-21,08:03,Tuesday,Operations,Vendor_019,Misc,558.03,30000,Approver_03,INV-104829
TXN-005314,2025-10-21,15:09,Tuesday,Finance,Vendor_041,Equipment,6400.63,60000,Approver_06,INV-104830
TXN-002426,2025-10-21,16:42,Tuesday,IT,Vendor_055,Travel,1482.19,40000,Approver_09,INV-104831
TXN-001992,2025-10-21,14:47,Tuesday,Marketing,Vendor_060,Consulting,229.79,25000,Approver_01,INV-104832
TXN-001381,2025-10-21,14:01,Tuesday,Finance,Vendor_029,Misc,15000.0,60000,Approver_09,INV-104833
TXN-001936,2025-10-21,14:05,Tuesday,Finance,Vendor_038,Utilities,13970.49,60000,Approver_03,INV-104834
TXN-002329,2025-10-21,09:38,Tuesday,IT,Vendor_029,Travel,102.37,40000,Approver_14,INV-104835
TXN-005343,2025-10-21,11:56,Tuesday,Sales,Vendor_057,Software,112.45,20000,Approver_04,INV-104836
TXN-001057,2025-10-21,15:23,Tuesday,IT,Vendor_042,Software,320.01,40000,Approver_14,INV-104832
TXN-000670,2025-10-21,16:56,Tuesday,Marketing,Vendor_036,Software,69.85,25000,Approver_07,INV-104838
TXN-002949,2025-10-21,18:18,Tuesday,Marketing,Vendor_052,Utilities,1556.14,25000,Approver_13,INV-104839
TXN-004386,2025-10-21,11:49,Tuesday,Finance,Vendor_050,Utilities,10.16,60000,Approver_14,INV-104840
TXN-002583,2025-10-21,10:49,Tuesday,Finance,Vendor_012,Misc,7500.0,60000,Approver_09,INV-104841
TXN-004929,2025-10-21,10:48,Tuesday,Finance,Vendor_022,Travel,7136.67,60000,Approver_08,INV-104842
TXN-000284,2025-10-21,11:04,Tuesday,Sales,Vendor_029,Utilities,423.25,20000,Approver_02,INV-104843
TXN-002131,2025-10-21,09:31,Tuesday,Marketing,Vendor_024,Utilities,804.28,25000,Approver_07,INV-104844
TXN-005824,2025-10-21,10:36,Tuesday,Sales,Vendor_011,Misc,1042.04,20000,,INV-104845
TXN-002118,2025-10-21,14:22,Tuesday,Procurement,Vendor_013,Travel,386.16,50000,Approver_08,INV-104846
TXN-002374,2025-10-21,16:36,Tuesday,Operations,Vendor_048,Misc,27158.82,30000,Approver_09,INV-104847
TXN-002105,2025-10-21,16:45,Tuesday,Marketing,Vendor_014,Misc,204.19,25000,Approver_04,INV-104848
TXN-004261,2025-10-21,14:55,Tuesday,Sales,Vendor_047,Supplies,2017.67,20000,Approver_04,INV-104849
TXN-002610,2025-10-21,16:50,Tuesday,Procurement,Vendor_046,Software,22107.65,50000,Approver_13,INV-104850
TXN-000362,2025-10-22,11:48,Wednesday,Marketing,Vendor_041,Utilities,24.7,25000,Approver_03,INV-104851
TXN-002146,2025-10-22,10:36,Wednesday,HR,Vendor_046,Supplies,42.66,15000,,INV-104852
TXN-004057,2025-10-22,14:43,Wednesday,Procurement,Vendor_038,Software,503.92,50000,Approver_14,INV-104853
TXN-001246,2025-10-22,15:43,Wednesday,Marketing,Vendor_029,Travel,592.58,25000,Approver_01,INV-104854
TXN-005923,2025-10-22,10:45,Wednesday,HR,Vendor_015,Supplies,121.83,15000,Approver_02,INV-104855
TXN-001084,2025-10-22,16:53,Wednesday,Operations,Vendor_052,Supplies,45.05,30000,Approver_02,INV-104856
TXN-005950,2025-10-22,14:53,Wednesday,IT,Vendor_017,Software,123.31,40000,Approver_11,INV-104857
TXN-003960,2025-10-22,15:21,Wednesday,Marketing,Vendor_037,Consulting,715.44,25000,Approver_07,INV-104858
TXN-000225,2025-10-22,13:00,Wednesday,Sales,Vendor_057,Misc,15000.0,20000,Approver_12,INV-104859
TXN-004228,2025-10-22,11:43,Wednesday,Marketing,Vendor_012,Misc,6918.19,25000,Approver_10,INV-104860
TXN-003999,2025-10-22,16:37,Wednesday,HR,Vendor_016,Consulting,829.37,15000,Approver_08,INV-104861
TXN-004965,2025-10-22,12:11,Wednesday,IT,Vendor_021,Consulting,996.17,40000,Approver_10,INV-104862
TXN-003447,2025-10-22,09:43,Wednesday,IT,Vendor_033,Travel,15000.0,40000,Approver_08,INV-104863
TXN-002216,2025-10-22,17:26,Wednesday,Procurement,Vendor_033,Consulting,229.16,50000,Approver_10,INV-104864
TXN-001241,2025-10-22,14:18,Wednesday,IT,Vendor_015,Supplies,35198.36,40000,Approver_15,INV-104865
TXN-000356,2025-10-22,11:27,Wednesday,Procurement,Vendor_043,Consulting,48740.02,50000,Approver_02,INV-104866
TXN-003903,2025-10-22,12:36,Wednesday,Operations,Vendor_015,Software,535.66,30000,Approver_12,INV-104867
TXN-000399,2025-10-23,10:43,Thursday,Procurement,Vendor_056,Software,628.48,50000,Approver_08,INV-104868
TXN-003852,2025-10-23,12:56,Thursday,Finance,Vendor_014,Equipment,1428.01,60000,Approver_01,INV-104869
TXN-000515,2025-10-23,16:20,Thursday,Sales,Vendor_031,Supplies,20108.77,20000,Approver_07,INV-104866
TXN-000458,2025-10-23,09:10,Thursday,Operations,Vendor_049,Supplies,2110.23,30000,Approver_01,INV-104871
TXN-002297,2025-10-23,11:01,Thursday,Operations,Vendor_038,Utilities,1355.54,30000,Approver_10,INV-104872
TXN-002106,2025-10-23,08:45,Thursday,Finance,Vendor_040,Consulting,240.68,60000,Approver_12,INV-104873
TXN-000083,2025-10-23,12:39,Thursday,Marketing,Vendor_033,Travel,290.19,25000,Approver_07,INV-104874
TXN-000091,2025-10-23,16:10,Thursday,Finance,Vendor_023,Travel,129.79,60000,Approver_14,INV-104875
TXN-004653,2025-10-23,14:00,Thursday,Marketing,Vendor_059,Travel,20000.0,25000,Approver_03,INV-104876
TXN-003107,2025-10-23,09:29,Thursday,Procurement,Vendor_011,Equipment,18028.88,50000,Approver_12,INV-104877
TXN-002556,2025-10-23,13:43,Thursday,Finance,Vendor_035,Equipment,464.59,60000,Approver_04,INV-104878
TXN-000885,2025-10-23,14:36,Thursday,Sales,Vendor_055,Supplies,257.35,20000,Approver_09,INV-104879
TXN-003190,2025-10-23,11:57,Thursday,HR,Vendor_012,Supplies,10.1,15000,Approver_08,INV-104880
TXN-005145,2025-10-23,17:21,Thursday,Sales,Vendor_039,Utilities,70418.24,20000,Approver_02,INV-104881
TXN-000742,2025-10-23,14:56,Thursday,Operations,Vendor_043,Software,16303.37,30000,Approver_02,INV-104882
TXN-005786,2025-10-23,12:13,Thursday,HR,Vendor_059,Misc,9391.77,15000,Approver_07,INV-104883
TXN-004036,2025-10-23,09:08,Thursday,Marketing,Vendor_029,Consulting,210.08,25000,Approver_14,INV-104884
TXN-003232,2025-10-23,14:41,Thursday,Procurement,Vendor_012,Misc,146.49,50000,Approver_07,INV-104885
TXN-001380,2025-10-23,14:40,Thursday,Operations,Vendor_004,Utilities,-1100.02,30000,Approver_13,INV-104886
TXN-005223,2025-10-23,14:23,Thursday,Operations,Vendor_028,Equipment,20.27,30000,Approver_15,INV-104887
TXN-002262,2025-10-23,10:40,Thursday,Marketing,Vendor_059,Travel,448.22,25000,Approver_12,INV-104888
TXN-004169,2025-10-23,10:25,Thursday,IT,Vendor_051,Utilities,68.58,40000,Approver_11,INV-104889
TXN-001624,2025-10-23,08:31,Thursday,Finance,Vendor_024,Equipment,102.45,60000,Approver_13,INV-104890
TXN-001626,2025-10-23,15:27,Thursday,Marketing,Vendor_023,Equipment,2553.67,25000,Approver_09,INV-104891
TXN-003568,2025-10-23,16:06,Thursday,Operations,Vendor_025,Equipment,17.65,30000,Approver_14,INV-104892
TXN-001360,2025-10-23,11:38,Thursday,Sales,Vendor_033,Software,5328.54,20000,Approver_14,INV-104893
TXN-005534,2025-10-24,12:13,Friday,Marketing,Vendor_007,Consulting,24.23,25000,Approver_10,INV-104894
TXN-005445,2025-10-24,08:57,Friday,Operations,Vendor_041,Travel,27741.65,30000,Approver_08,INV-104895
TXN-000654,2025-10-24,15:30,Friday,Finance,Vendor_042,Software,848.72,60000,Approver_14,INV-104896
TXN-005098,2025-10-24,14:31,Friday,Sales,Vendor_028,Consulting,3339.66,20000,Approver_03,INV-104897
TXN-005959,2025-10-24,17:35,Friday,IT,Vendor_054,Software,383.7,40000,Approver_06,INV-104898
TXN-005346,2025-10-24,09:31,Friday,Sales,Vendor_022,Travel,2500.0,20000,Approver_15,INV-104899
TXN-005775,2025-10-24,12:05,Friday,Procurement,Vendor_037,Consulting,359.73,50000,Approver_03,INV-104900
TXN-002839,2025-10-24,16:26,Friday,Operations,Vendor_001,Travel,5616.99,30000,Approver_15,INV-104901
TXN-001576,2025-10-24,15:41,Friday,HR,Vendor_012,Travel,229.6,15000,Approver_10,INV-104902
TXN-003748,2025-10-24,15:46,Friday,IT,Vendor_013,Misc,7156.69,40000,Approver_11,INV-104903
TXN-002838,2025-10-24,14:56,Friday,Finance,Vendor_032,Software,186.18,60000,Approver_07,INV-104904
TXN-003210,2025-10-24,15:25,Friday,IT,Vendor_054,Software,-1991.81,40000,Approver_12,INV-104905
TXN-002396,2025-10-24,12:16,Friday,Procurement,Vendor_042,Software,21298.27,50000,Approver_01,INV-104906
TXN-002235,2025-10-24,14:01,Friday,Finance,Vendor_024,Equipment,104.26,60000,Approver_04,INV-104907
TXN-001158,2025-10-24,08:49,Friday,HR,Vendor_002,Misc,843.61,15000,Approver_02,INV-104908
TXN-002979,2025-10-24,17:23,Friday,Operations,Vendor_001,Utilities,9085.54,30000,Approver_11,INV-104909
TXN-001877,2025-10-24,13:16,Friday,Finance,Vendor_047,Supplies,1964.0,60000,Approver_02,INV-104910
TXN-003714,2025-10-24,14:53,Friday,Procurement,Vendor_003,Software,63.86,50000,Approver_03,INV-104911
TXN-003416,2025-10-27,11:34,Monday,Marketing,Vendor_006,Travel,108.58,25000,Approver_05,INV-104912
TXN-003549,2025-10-27,16:59,Monday,Marketing,Vendor_029,Utilities,24434.16,25000,Approver_14,INV-104913
TXN-002597,2025-10-27,11:04,Monday,HR,Vendor_008,Supplies,251.56,15000,Approver_08,INV-104914
TXN-002149,2025-10-27,11:55,Monday,Sales,Vendor_005,Travel,2139.58,20000,Approver_12,INV-104915
TXN-004629,2025-10-27,11:15,Monday,IT,Vendor_048,Equipment,1631.66,40000,Approver_09,INV-104916
TXN-002274,2025-10-27,10:10,Monday,HR,Vendor_051,Equipment,495.93,15000,Approver_08,INV-104917
TXN-005039,2025-10-27,09:00,Monday,HR,Vendor_026,Supplies,162.79,15000,Approver_13,INV-104918
TXN-002506,2025-10-27,12:44,Monday,Finance,Vendor_014,Equipment,32.24,60000,Approver_07,INV-104919
TXN-005300,2025-10-27,23:51,Monday,Marketing,Vendor_028,Consulting,13.19,25000,Approver_12,INV-104920
TXN-003391,2025-10-27,18:43,Monday,IT,Vendor_021,Utilities,464.92,40000,Approver_08,INV-104921
TXN-003234,2025-10-27,14:54,Monday,Marketing,Vendor_054,Consulting,35.03,25000,Approver_13,INV-104922
TXN-004045,2025-10-27,08:58,Monday,Sales,Vendor_034,Travel,16.47,20000,Approver_02,INV-104923
TXN-002647,2025-10-27,15:28,Monday,Procurement,Vendor_047,Supplies,8374.93,50000,Approver_04,INV-104924
TXN-005695,2025-10-27,16:34,Monday,Operations,Vendor_032,Supplies,23.11,30000,Approver_15,INV-104925
TXN-005394,2025-10-27,12:52,Monday,Operations,Vendor_053,Software,159.84,30000,Approver_04,INV-104926
TXN-005457,2025-10-27,18:49,Monday,Finance,Vendor_042,Travel,45.46,60000,Approver_09,INV-104927
TXN-003413,2025-10-27,11:25,Monday,HR,Vendor_036,Supplies,59.19,15000,Approver_06,INV-104928
TXN-002375,2025-10-27,12:19,Monday,Sales,Vendor_004,Software,2088.43,20000,Approver_10,INV-104929
TXN-005001,2025-10-27,16:49,Monday,Finance,Vendor_011,Equipment,1179.07,60000,Approver_09,INV-104930
TXN-005132,2025-10-27,15:49,Monday,Procurement,Vendor_060,Supplies,1000.0,50000,Approver_08,INV-104931
TXN-003273,2025-10-27,08:55,Monday,HR,Vendor_054,Misc,482.33,15000,Approver_01,INV-104932
TXN-003252,2025-10-27,12:29,Monday,Sales,Vendor_049,Misc,26.68,20000,Approver_08,INV-104933
TXN-005993,2025-10-27,13:00,Monday,Procurement,Vendor_047,Equipment,1069.23,50000,Approver_14,INV-104934
TXN-001217,2025-10-27,10:30,Monday,HR,Vendor_042,Supplies,303.22,15000,Approver_11,INV-104935
TXN-004411,2025-10-27,14:12,Monday,HR,Vendor_025,Software,10000.0,15000,Approver_01,INV-104936
TXN-002788,2025-10-27,15:29,Monday,Sales,Vendor_039,Utilities,290.58,20000,Approver_10,INV-104937
TXN-001432,2025-10-27,14:27,Monday,IT,Vendor_045,Software,36298.29,40000,Approver_04,INV-104938
TXN-001456,2025-10-27,11:24,Monday,Procurement,Vendor_048,Software,650.31,50000,Approver_06,INV-104939
TXN-004908,2025-10-27,15:25,Monday,Finance,Vendor_027,Supplies,130.58,60000,Approver_02,INV-104940
TXN-004329,2025-10-27,18:58,Monday,Operations,Vendor_045,Utilities,411.25,30000,Approver_09,INV-104941
TXN-005679,2025-10-28,17:13,Tuesday,HR,Vendor_036,Consulting,28628.31,15000,Approver_03,INV-104942
TXN-005016,2025-10-28,17:57,Tuesday,Operations,Vendor_027,Consulting,923.18,30000,Approver_04,INV-104943
TXN-002899,2025-10-28,10:18,Tuesday,HR,Vendor_021,Consulting,45.22,15000,Approver_11,INV-104944
TXN-002783,2025-10-28,11:57,Tuesday,HR,Vendor_052,Misc,9983.36,15000,Approver_06,INV-104945
TXN-004160,2025-10-28,16:00,Tuesday,HR,Vendor_024,Software,327.58,15000,Approver_01,INV-104946
TXN-001909,2025-10-28,12:28,Tuesday,Finance,Vendor_032,Consulting,1091.31,60000,Approver_08,INV-104947
TXN-005759,2025-10-28,15:34,Tuesday,IT,Vendor_048,Utilities,3537.05,40000,Approver_05,INV-104948
TXN-001793,2025-10-28,11:16,Tuesday,Procurement,Vendor_017,Equipment,2407.75,50000,Approver_04,INV-104949
TXN-001259,2025-10-28,18:35,Tuesday,Marketing,Vendor_022,Utilities,211.23,25000,Approver_10,INV-104950
TXN-003809,2025-10-28,14:30,Tuesday,Finance,Vendor_036,Consulting,27.75,60000,Approver_01,INV-104951
TXN-001706,2025-10-28,10:25,Tuesday,Sales,Vendor_049,Utilities,1681.63,20000,Approver_12,INV-104952
TXN-000956,2025-10-28,17:58,Tuesday,Operations,Vendor_029,Utilities,1216.75,30000,Approver_05,INV-104953
TXN-003736,2025-10-28,16:57,Tuesday,Sales,Vendor_018,Utilities,173.44,20000,Approver_13,INV-104954
TXN-000128,2025-10-28,13:28,Tuesday,Marketing,Vendor_045,Travel,37266.53,25000,Approver_08,INV-104955
TXN-005448,2025-10-28,15:28,Tuesday,IT,Vendor_050,Software,15000.0,40000,Approver_02,INV-104956
TXN-003643,2025-10-28,08:12,Tuesday,Finance,Vendor_060,Supplies,219.28,60000,Approver_07,INV-104957
TXN-002091,2025-10-28,13:46,Tuesday,Operations,Vendor_045,Utilities,80636.31,30000,Approver_11,INV-104958
TXN-002705,2025-10-28,14:57,Tuesday,Marketing,Vendor_012,Consulting,410.83,25000,Approver_01,INV-104959
TXN-000685,2025-10-28,16:14,Tuesday,Finance,Vendor_058,Misc,658.11,60000,Approver_07,INV-104960
TXN-002854,2025-10-28,08:39,Tuesday,Procurement,Vendor_036,Misc,110.12,50000,Approver_08,INV-104961
TXN-000069,2025-10-28,01:25,Tuesday,Marketing,Vendor_001,Travel,4245.22,25000,Approver_01,INV-104962
TXN-003842,2025-10-28,16:51,Tuesday,HR,Vendor_029,Equipment,9188.09,15000,Approver_12,INV-104963
TXN-005987,2025-10-28,16:03,Tuesday,Operations,Vendor_051,Travel,496.18,30000,Approver_07,INV-104964
TXN-000994,2025-10-28,15:06,Tuesday,Operations,Vendor_047,Software,2219.56,30000,Approver_12,INV-104965
TXN-000648,2025-10-28,11:48,Tuesday,HR,Vendor_050,Utilities,116.76,15000,,INV-104966
TXN-003583,2025-10-28,11:56,Tuesday,Finance,Vendor_001,Equipment,471.12,60000,Approver_11,INV-104967
TXN-002303,2025-10-29,12:45,Wednesday,IT,Vendor_044,Supplies,2096.21,40000,Approver_15,INV-104968
TXN-002012,2025-10-29,16:29,Wednesday,Procurement,Vendor_035,Travel,326.28,50000,Approver_04,INV-104969
TXN-005218,2025-10-29,10:52,Wednesday,IT,Vendor_018,Utilities,36839.27,40000,Approver_12,INV-104970
TXN-000029,2025-10-29,18:34,Wednesday,HR,Vendor_003,Supplies,11894.5,15000,Approver_07,INV-104971
TXN-000247,2025-10-29,16:35,Wednesday,HR,Vendor_051,Travel,5835.32,15000,Approver_13,INV-104972
TXN-001273,2025-10-29,18:37,Wednesday,IT,Vendor_052,Utilities,7500.0,40000,Approver_02,INV-104973
TXN-003962,2025-10-29,18:48,Wednesday,Operations,Vendor_050,Travel,165.56,30000,Approver_08,INV-104974
TXN-001872,2025-10-29,10:40,Wednesday,Procurement,Vendor_046,Consulting,95.89,50000,Approver_09,INV-104975
TXN-000556,2025-10-29,14:23,Wednesday,Finance,Vendor_058,Equipment,2500.0,60000,Approver_06,INV-104976
TXN-002096,2025-10-29,11:00,Wednesday,IT,Vendor_012,Equipment,12917.23,40000,Approver_15,INV-104977
TXN-000122,2025-10-29,15:12,Wednesday,Sales,Vendor_053,Consulting,7500.0,20000,Approver_13,INV-104978
TXN-004560,2025-10-29,18:53,Wednesday,Operations,Vendor_047,Misc,2363.22,30000,Approver_07,INV-104979
TXN-003035,2025-10-29,08:18,Wednesday,HR,Vendor_060,Travel,2168.79,15000,Approver_06,INV-104980
TXN-003012,2025-10-29,15:09,Wednesday,HR,Vendor_059,Utilities,2340.86,15000,Approver_03,INV-104981
TXN-004790,2025-10-29,17:12,Wednesday,HR,Vendor_049,Software,-4944.91,15000,Approver_01,INV-104982
TXN-001364,2025-10-29,16:37,Wednesday,Marketing,Vendor_005,Travel,13.71,25000,Approver_02,INV-104983
TXN-000745,2025-10-29,10:11,Wednesday,Operations,Vendor_052,Misc,22.16,30000,Approver_07,INV-104984
TXN-002191,2025-10-29,14:12,Wednesday,HR,Vendor_020,Equipment,11.99,15000,Approver_06,INV-104979
TXN-005271,2025-10-29,15:59,Wednesday,Finance,Vendor_046,Misc,6364.15,60000,Approver_09,INV-104986
TXN-002898,2025-10-29,11:38,Wednesday,Finance,Vendor_001,Equipment,55352.47,60000,Approver_05,INV-104987
TXN-001344,2025-10-29,17:20,Wednesday,Sales,Vendor_027,Equipment,7654.07,20000,Approver_02,INV-104988
TXN-005642,2025-10-29,13:08,Wednesday,HR,Vendor_041,Equipment,2500.0,15000,Approver_13,INV-104989
TXN-003745,2025-10-30,12:12,Thursday,Procurement,Vendor_037,Travel,138.01,50000,Approver_02,INV-104990
TXN-001137,2025-10-30,16:44,Thursday,IT,Vendor_039,Software,4321.09,40000,Approver_06,INV-104991
TXN-004842,2025-10-30,16:59,Thursday,Marketing,Vendor_032,Misc,37258.64,25000,Approver_04,INV-104992
TXN-002007,2025-10-30,11:16,Thursday,Procurement,Vendor_059,Travel,46683.69,50000,Approver_13,INV-104993
TXN-002622,2025-10-30,17:51,Thursday,Operations,Vendor_040,Software,797.74,30000,Approver_12,INV-104994
TXN-004900,2025-10-30,16:25,Thursday,Operations,Vendor_017,Equipment,49.53,30000,Approver_11,INV-104995
TXN-000286,2025-10-30,18:49,Thursday,Procurement,Vendor_036,Travel,6737.04,50000,Approver_07,INV-104996
TXN-003011,2025-10-30,14:19,Thursday,Finance,Vendor_031,Misc,475.89,60000,Approver_14,INV-104997
TXN-000184,2025-10-30,10:15,Thursday,Sales,Vendor_012,Software,264.66,20000,Approver_12,INV-104998
TXN-000505,2025-10-30,08:41,Thursday,HR,Vendor_045,Travel,110.49,15000,Approver_11,INV-104999
TXN-005115,2025-10-30,15:03,Thursday,Procurement,Vendor_020,Travel,77350.6,50000,Approver_07,INV-105000
TXN-000360,2025-10-30,15:34,Thursday,HR,Vendor_023,Travel,1018.51,15000,Approver_11,INV-105001
TXN-000433,2025-10-30,13:19,Thursday,Marketing,Vendor_014,Utilities,45.1,25000,Approver_04,INV-105002
TXN-003529,2025-10-30,12:41,Thursday,Procurement,Vendor_060,Software,30.88,50000,Approver_07,INV-105003
TXN-001747,2025-10-30,16:25,Thursday,Sales,Vendor_053,Supplies,4264.65,20000,Approver_07,INV-105004
TXN-002075,2025-10-30,17:40,Thursday,Operations,Vendor_037,Misc,853.7,30000,Approver_01,INV-105005
TXN-002199,2025-10-30,15:44,Thursday,IT,Vendor_005,Equipment,992.2,40000,Approver_02,INV-105006
TXN-004511,2025-10-30,13:10,Thursday,Finance,Vendor_048,Travel,42.03,60000,Approver_07,INV-105007
TXN-003173,2025-10-30,11:20,Thursday,IT,Vendor_027,Supplies,10.68,40000,Approver_09,INV-105008
TXN-005640,2025-10-31,18:39,Friday,Finance,Vendor_045,Utilities,87.68,60000,Approver_05,INV-105009
TXN-000386,2025-10-31,11:21,Friday,Operations,Vendor_015,Consulting,58.12,30000,Approver_04,INV-105010
TXN-005470,2025-10-31,16:22,Friday,HR,Vendor_030,Consulting,14.46,15000,Approver_01,INV-105011
TXN-000447,2025-10-31,15:59,Friday,Sales,Vendor_015,Misc,941.46,20000,Approver_11,INV-105012
TXN-004673,2025-10-31,14:22,Friday,Operations,Vendor_010,Misc,17.61,30000,Approver_13,INV-105013
TXN-003806,2025-10-31,08:07,Friday,Procurement,Vendor_029,Consulting,365.18,50000,Approver_08,INV-105014
TXN-005035,2025-10-31,14:44,Friday,HR,Vendor_014,Supplies,28.53,15000,Approver_12,INV-105015
TXN-005646,2025-10-31,13:33,Friday,Procurement,Vendor_045,Travel,72.74,50000,Approver_03,INV-105016
TXN-000931,2025-10-31,11:39,Friday,Marketing,Vendor_058,Software,21.26,25000,Approver_14,INV-105017
TXN-003358,2025-10-31,17:53,Friday,IT,Vendor_049,Misc,16377.51,40000,Approver_09,INV-105018
TXN-004910,2025-10-31,14:46,Friday,IT,Vendor_006,Utilities,77.77,40000,Approver_10,INV-105019
TXN-005973,2025-10-31,09:15,Friday,Operations,Vendor_032,Supplies,29.9,30000,Approver_11,INV-105020
TXN-005225,2025-10-31,17:39,Friday,Marketing,Vendor_021,Consulting,3578.97,25000,Approver_12,INV-105021
TXN-004270,2025-10-31,16:14,Friday,HR,Vendor_022,Equipment,182.37,15000,Approver_13,INV-105022
TXN-001522,2025-10-31,18:05,Friday,Sales,Vendor_019,Utilities,60.39,20000,Approver_15,INV-105023
TXN-002653,2025-10-31,12:58,Friday,Sales,Vendor_030,Misc,374.39,20000,Approver_04,INV-105024
TXN-005835,2025-10-31,12:16,Friday,IT,Vendor_032,Utilities,-2030.43,40000,Approver_15,INV-105025
TXN-005144,2025-10-31,15:29,Friday,Operations,Vendor_008,Consulting,136.57,30000,Approver_02,INV-105020
TXN-000170,2025-10-31,14:43,Friday,Marketing,Vendor_059,Consulting,247.95,25000,Approver_14,INV-105027
TXN-004770,2025-10-31,12:27,Friday,HR,Vendor_057,Utilities,728.03,15000,Approver_13,INV-105028
TXN-002550,2025-10-31,23:18,Friday,Sales,Vendor_037,Software,106.69,20000,Approver_08,INV-105029
TXN-004759,2025-10-31,15:00,Friday,HR,Vendor_006,Utilities,4350.83,15000,Approver_06,INV-105030
TXN-001743,2025-10-31,13:48,Friday,Marketing,Vendor_016,Consulting,39400.58,25000,Approver_09,INV-105031
TXN-004723,2025-10-31,11:02,Friday,HR,Vendor_036,Travel,420.8,15000,Approver_11,INV-105032
TXN-001811,2025-10-31,14:15,Friday,Operations,Vendor_041,Equipment,24392.81,30000,Approver_07,INV-105033
TXN-001117,2025-10-31,15:13,Friday,Sales,Vendor_058,Equipment,63350.12,20000,Approver_04,INV-105034
TXN-003255,2025-10-31,17:07,Friday,Operations,Vendor_059,Equipment,1405.23,30000,Approver_07,INV-105035
TXN-004526,2025-11-01,23:25,Saturday,IT,Vendor_012,Software,5319.07,40000,Approver_07,INV-105036
TXN-001224,2025-11-02,17:01,Sunday,Marketing,Vendor_050,Equipment,354.85,25000,Approver_15,INV-105037
TXN-001620,2025-11-02,11:11,Sunday,Operations,Vendor_019,Misc,224.86,30000,Approver_05,INV-105038
TXN-003061,2025-11-03,15:43,Monday,Sales,Vendor_032,Software,59402.31,20000,Approver_10,INV-105039
TXN-005733,2025-11-03,12:23,Monday,IT,Vendor_030,Travel,98.48,40000,Approver_14,INV-105040
TXN-002884,2025-11-03,09:26,Monday,HR,Vendor_029,Travel,2814.76,15000,Approver_13,INV-105041
TXN-002919,2025-11-03,15:14,Monday,IT,Vendor_035,Equipment,1961.0,40000,Approver_14,INV-105042
TXN-004614,2025-11-03,13:09,Monday,Procurement,Vendor_027,Software,71.65,50000,Approver_09,INV-105043
TXN-003735,2025-11-03,17:25,Monday,HR,Vendor_048,Utilities,3651.63,15000,Approver_09,INV-105044
TXN-003320,2025-11-03,15:30,Monday,Finance,Vendor_050,Travel,495.81,60000,Approver_10,INV-105045
TXN-000919,2025-11-03,15:03,Monday,IT,Vendor_034,Software,87.7,40000,Approver_04,INV-105046
TXN-005870,2025-11-03,16:37,Monday,Finance,Vendor_057,Software,120.49,60000,Approver_14,INV-105047
TXN-002013,2025-11-03,11:16,Monday,Procurement,Vendor_040,Equipment,23204.56,50000,Approver_07,INV-105048
TXN-005847,2025-11-03,17:19,Monday,Marketing,Vendor_032,Supplies,7774.84,25000,Approver_01,INV-105049
TXN-005845,2025-11-03,16:18,Monday,Procurement,Vendor_004,Travel,24.04,50000,Approver_06,INV-105050
TXN-004213,2025-11-03,08:06,Monday,Sales,Vendor_037,Supplies,388.73,20000,Approver_04,INV-105051
TXN-004461,2025-11-03,11:46,Monday,IT,Vendor_035,Supplies,4232.2,40000,Approver_06,INV-105052
TXN-005605,2025-11-03,16:02,Monday,Finance,Vendor_008,Supplies,846.28,60000,Approver_12,INV-105053
TXN-003392,2025-11-03,11:12,Monday,Sales,Vendor_042,Utilities,29.94,20000,Approver_02,INV-105054
TXN-005619,2025-11-03,15:45,Monday,Sales,Vendor_034,Equipment,19335.94,20000,Approver_04,INV-105055
TXN-001175,2025-11-03,13:23,Monday,Marketing,Vendor_056,Consulting,422.84,25000,Approver_06,INV-105056
TXN-005626,2025-11-03,15:49,Monday,Marketing,Vendor_013,Supplies,690.56,25000,Approver_13,INV-105057
TXN-005507,2025-11-03,08:20,Monday,IT,Vendor_009,Consulting,517.26,40000,Approver_13,INV-105058
TXN-002435,2025-11-03,15:04,Monday,Finance,Vendor_042,Utilities,1531.93,60000,Approver_12,INV-105059
TXN-005134,2025-11-03,08:08,Monday,Operations,Vendor_060,Supplies,538.48,30000,Approver_12,INV-105060
TXN-004072,2025-11-03,15:26,Monday,Marketing,Vendor_016,Utilities,439.62,25000,Approver_12,INV-105061
TXN-004322,2025-11-04,09:33,Tuesday,IT,Vendor_037,Software,15000.0,40000,Approver_13,INV-105062
TXN-001439,2025-11-04,15:28,Tuesday,Operations,Vendor_005,Equipment,21.15,30000,Approver_03,INV-105063
TXN-004476,2025-11-04,16:37,Tuesday,Marketing,Vendor_016,Utilities,4605.31,25000,Approver_05,INV-105064
TXN-000710,2025-11-04,15:28,Tuesday,Finance,Vendor_005,Supplies,857.85,60000,Approver_05,INV-105065
TXN-000987,2025-11-04,16:04,Tuesday,Procurement,Vendor_017,Utilities,12.62,50000,Approver_05,INV-105066
TXN-004760,2025-11-04,18:34,Tuesday,HR,Vendor_046,Equipment,6238.19,15000,Approver_08,INV-105067
TXN-003388,2025-11-04,14:29,Tuesday,Sales,Vendor_012,Software,104.58,20000,Approver_06,INV-105068
TXN-000878,2025-11-04,10:27,Tuesday,IT,Vendor_024,Equipment,14605.8,40000,Approver_14,INV-105069
TXN-002930,2025-11-04,12:30,Tuesday,Marketing,Vendor_002,Misc,513.68,25000,,INV-105070
TXN-004378,2025-11-04,10:16,Tuesday,Marketing,Vendor_030,Travel,46706.07,25000,Approver_02,INV-105071
TXN-002515,2025-11-04,15:38,Tuesday,Finance,Vendor_005,Software,2478.31,60000,Approver_15,INV-105072
TXN-003572,2025-11-04,11:02,Tuesday,Marketing,Vendor_028,Consulting,527.15,25000,Approver_09,INV-105073
TXN-003657,2025-11-04,15:19,Tuesday,Marketing,Vendor_023,Travel,1423.38,25000,Approver_04,INV-105074
TXN-003668,2025-11-04,15:06,Tuesday,Operations,Vendor_008,Equipment,19.05,30000,Approver_04,INV-105075
TXN-002412,2025-11-04,14:52,Tuesday,Finance,Vendor_022,Consulting,1912.78,60000,Approver_03,INV-105076
TXN-001297,2025-11-05,15:56,Wednesday,Operations,Vendor_051,Travel,612.29,30000,Approver_12,INV-105077
TXN-001451,2025-11-05,16:26,Wednesday,HR,Vendor_031,Misc,601.16,15000,Approver_11,INV-105078
TXN-004849,2025-11-05,15:57,Wednesday,Sales,Vendor_022,Consulting,43.09,20000,Approver_09,INV-105079
TXN-002609,2025-11-05,11:15,Wednesday,Operations,Vendor_005,Software,210.56,30000,Approver_11,INV-105080
TXN-002584,2025-11-05,16:57,Wednesday,HR,Vendor_018,Consulting,359.35,15000,Approver_05,INV-105081
TXN-001514,2025-11-05,17:01,Wednesday,Procurement,Vendor_047,Equipment,3243.79,50000,Approver_09,INV-105082
TXN-005741,2025-11-05,12:18,Wednesday,Procurement,Vendor_009,Supplies,-3751.36,50000,,INV-105083
TXN-000276,2025-11-05,16:50,Wednesday,Finance,Vendor_046,Misc,671.14,60000,Approver_10,INV-105084
TXN-005141,2025-11-05,15:12,Wednesday,Procurement,Vendor_052,Misc,67.21,50000,Approver_01,INV-105085
TXN-005369,2025-11-05,15:24,Wednesday,Procurement,Vendor_028,Misc,4397.71,50000,Approver_06,INV-105086
TXN-002386,2025-11-05,12:42,Wednesday,Operations,Vendor_001,Supplies,365.19,30000,Approver_08,INV-105087
TXN-004660,2025-11-05,15:57,Wednesday,Sales,Vendor_051,Utilities,2500.0,20000,,INV-105084
TXN-002231,2025-11-05,09:06,Wednesday,Finance,Vendor_002,Misc,59634.47,60000,Approver_08,INV-105089
TXN-002226,2025-11-05,15:40,Wednesday,Sales,Vendor_017,Travel,17.45,20000,Approver_07,INV-105090
TXN-003457,2025-11-05,13:17,Wednesday,Marketing,Vendor_040,Consulting,104.35,25000,Approver_14,INV-105091
TXN-003700,2025-11-05,14:26,Wednesday,HR,Vendor_043,Travel,35.2,15000,Approver_08,INV-105092
TXN-004771,2025-11-05,16:07,Wednesday,Procurement,Vendor_050,Consulting,24990.7,50000,Approver_01,INV-105093
TXN-002050,2025-11-05,12:48,Wednesday,Finance,Vendor_045,Utilities,20.69,60000,Approver_06,INV-105094
TXN-005351,2025-11-05,09:05,Wednesday,HR,Vendor_013,Misc,10.68,15000,Approver_11,INV-105095
TXN-000574,2025-11-05,09:51,Wednesday,Finance,Vendor_040,Travel,73885.13,60000,Approver_01,INV-105096
TXN-003160,2025-11-05,10:27,Wednesday,Finance,Vendor_049,Utilities,29.84,60000,Approver_07,INV-105097
TXN-001488,2025-11-06,11:02,Thursday,HR,Vendor_047,Software,969.36,15000,Approver_11,INV-105098
TXN-001496,2025-11-06,11:27,Thursday,Finance,Vendor_019,Consulting,88.66,60000,Approver_09,INV-105099
TXN-005365,2025-11-06,08:32,Thursday,Finance,Vendor_030,Utilities,19.69,60000,Approver_15,INV-105100
TXN-004135,2025-11-06,11:16,Thursday,Finance,Vendor_057,Utilities,12239.28,60000,Approver_14,INV-105101
TXN-000175,2025-11-06,14:55,Thursday,Operations,Vendor_009,Supplies,28818.26,30000,Approver_05,INV-105102
TXN-003682,2025-11-06,16:15,Thursday,Operations,Vendor_039,Software,3628.65,30000,Approver_03,INV-105103
TXN-005354,2025-11-06,14:19,Thursday,Procurement,Vendor_044,Misc,1549.95,50000,Approver_03,INV-105104
TXN-002454,2025-11-06,14:04,Thursday,Procurement,Vendor_021,Equipment,48987.73,50000,Approver_15,INV-105105
TXN-005755,2025-11-06,12:31,Thursday,IT,Vendor_029,Equipment,-4681.23,40000,Approver_01,INV-105106
TXN-005606,2025-11-06,16:28,Thursday,Sales,Vendor_024,Consulting,72.91,20000,Approver_11,INV-105107
TXN-003287,2025-11-06,11:06,Thursday,IT,Vendor_031,Equipment,358.92,40000,Approver_08,INV-105108
TXN-002053,2025-11-06,09:46,Thursday,Marketing,Vendor_028,Misc,-375.17,25000,Approver_03,INV-105109
TXN-002874,2025-11-06,09:51,Thursday,Marketing,Vendor_007,Utilities,5000.0,25000,Approver_04,INV-105110
TXN-001441,2025-11-06,13:49,Thursday,Finance,Vendor_026,Utilities,54.03,60000,Approver_07,INV-105111
TXN-005034,2025-11-06,11:15,Thursday,Marketing,Vendor_051,Travel,2271.92,25000,Approver_07,INV-105112
TXN-000787,2025-11-06,17:17,Thursday,Finance,Vendor_027,Travel,285.51,60000,Approver_07,INV-105113
TXN-003849,2025-11-06,16:41,Thursday,Marketing,Vendor_001,Consulting,30.38,25000,Approver_15,INV-105114
TXN-004535,2025-11-06,12:26,Thursday,Marketing,Vendor_021,Consulting,202.95,25000,Approver_09,INV-105115
TXN-005821,2025-11-06,10:22,Thursday,IT,Vendor_032,Misc,27.49,40000,Approver_10,INV-105116
TXN-004847,2025-11-06,09:19,Thursday,Finance,Vendor_054,Misc,34.45,60000,Approver_15,INV-105117
TXN-001281,2025-11-06,15:41,Thursday,HR,Vendor_023,Misc,18.79,15000,,INV-105118
TXN-005101,2025-11-06,11:46,Thursday,Sales,Vendor_022,Misc,8368.86,20000,Approver_11,INV-105119
TXN-000645,2025-11-06,10:16,Thursday,Sales,Vendor_002,Software,3711.05,20000,Approver_14,INV-105120
TXN-000113,2025-11-07,14:11,Friday,Procurement,Vendor_037,Utilities,746.36,50000,Approver_05,INV-105121
TXN-004336,2025-11-07,11:19,Friday,HR,Vendor_022,Utilities,33.21,15000,Approver_11,INV-105122
TXN-004292,2025-11-07,12:32,Friday,Sales,Vendor_049,Consulting,644.88,20000,Approver_04,INV-105123
TXN-001604,2025-11-07,18:27,Friday,HR,Vendor_003,Consulting,747.08,15000,Approver_11,INV-105124
TXN-002888,2025-11-07,14:30,Friday,Finance,Vendor_036,Travel,348.8,60000,Approver_03,INV-105125
TXN-002906,2025-11-07,17:04,Friday,Operations,Vendor_015,Equipment,2194.77,30000,Approver_07,INV-105126
TXN-004622,2025-11-07,18:37,Friday,HR,Vendor_011,Travel,-4970.51,15000,Approver_09,INV-105127
TXN-000896,2025-11-07,15:01,Friday,Finance,Vendor_038,Misc,11568.12,60000,Approver_08,INV-105128
TXN-002387,2025-11-07,11:20,Friday,Operations,Vendor_009,Supplies,41.92,30000,Approver_14,INV-105129
TXN-005147,2025-11-07,15:01,Friday,HR,Vendor_025,Equipment,11027.16,15000,Approver_13,INV-105130
TXN-000730,2025-11-07,11:35,Friday,HR,Vendor_017,Equipment,778.6,15000,Approver_07,INV-105131
TXN-000188,2025-11-07,10:21,Friday,Operations,Vendor_049,Supplies,982.11,30000,Approver_10,INV-105132
TXN-004490,2025-11-07,14:45,Friday,Finance,Vendor_018,Utilities,1280.41,60000,Approver_03,INV-105133
TXN-004735,2025-11-07,12:03,Friday,IT,Vendor_051,Utilities,971.15,40000,Approver_06,INV-105134
TXN-004755,2025-11-07,14:55,Friday,Sales,Vendor_021,Utilities,8992.87,20000,Approver_06,INV-105135
TXN-001688,2025-11-07,10:00,Friday,Operations,Vendor_005,Supplies,53067.84,30000,Approver_01,INV-105136
TXN-000256,2025-11-07,14:27,Friday,Operations,Vendor_034,Consulting,61.2,30000,Approver_12,INV-105137
TXN-005915,2025-11-07,17:03,Friday,Marketing,Vendor_057,Utilities,7843.02,25000,Approver_03,INV-105138
TXN-005367,2025-11-07,15:05,Friday,Sales,Vendor_052,Consulting,65.16,20000,Approver_03,INV-105139
TXN-003911,2025-11-07,09:34,Friday,HR,Vendor_022,Supplies,37.9,15000,Approver_04,INV-105140
TXN-001346,2025-11-07,11:34,Friday,Sales,Vendor_048,Equipment,6540.08,20000,Approver_13,INV-105141
TXN-004063,2025-11-09,15:01,Sunday,Marketing,Vendor_026,Utilities,89.48,25000,Approver_09,INV-105142
TXN-002438,2025-11-10,15:48,Monday,HR,Vendor_003,Misc,2067.95,15000,Approver_15,INV-105143
TXN-002828,2025-11-10,17:11,Monday,Operations,Vendor_048,Consulting,2500.0,30000,Approver_07,INV-105144
TXN-002822,2025-11-10,16:08,Monday,Operations,Vendor_044,Utilities,189.56,30000,Approver_15,INV-105145
TXN-005584,2025-11-10,16:20,Monday,Marketing,Vendor_059,Misc,909.29,25000,Approver_15,INV-105146
TXN-005496,2025-11-10,16:10,Monday,Procurement,Vendor_008,Consulting,47312.14,50000,Approver_07,INV-105147
TXN-002719,2025-11-10,08:36,Monday,HR,Vendor_003,Software,22373.79,15000,Approver_07,INV-105148
TXN-001444,2025-11-10,14:39,Monday,Operations,Vendor_024,Equipment,554.91,30000,Approver_06,INV-105149
TXN-001567,2025-11-10,11:39,Monday,Procurement,Vendor_008,Equipment,30592.03,50000,Approver_12,INV-105150
TXN-000244,2025-11-10,15:22,Monday,Marketing,Vendor_027,Consulting,225.1,25000,Approver_11,INV-105151
TXN-001796,2025-11-10,10:28,Monday,Operations,Vendor_055,Software,13937.65,30000,Approver_01,INV-105152
TXN-001082,2025-11-10,16:23,Monday,HR,Vendor_040,Utilities,285.11,15000,Approver_13,INV-105153
TXN-004004,2025-11-10,16:24,Monday,Marketing,Vendor_029,Supplies,24417.05,25000,Approver_01,INV-105154
TXN-005231,2025-11-10,09:31,Monday,Finance,Vendor_008,Travel,108.26,60000,Approver_14,INV-105155
TXN-002688,2025-11-10,14:40,Monday,Sales,Vendor_030,Supplies,10.4,20000,Approver_08,INV-105156
TXN-001079,2025-11-10,16:07,Monday,HR,Vendor_033,Supplies,177.34,15000,Approver_11,INV-105153
TXN-003006,2025-11-10,15:40,Monday,Operations,Vendor_032,Utilities,4551.71,30000,Approver_04,INV-105158
TXN-004756,2025-11-10,11:55,Monday,Finance,Vendor_043,Travel,29.79,60000,Approver_07,INV-105159
TXN-001657,2025-11-10,14:51,Monday,Marketing,Vendor_011,Supplies,745.63,25000,Approver_10,INV-105160
TXN-000535,2025-11-10,09:06,Monday,Marketing,Vendor_004,Utilities,970.28,25000,Approver_06,INV-105161
TXN-005211,2025-11-11,16:41,Tuesday,Sales,Vendor_030,Travel,179.88,20000,Approver_13,INV-105162
TXN-005998,2025-11-11,16:12,Tuesday,IT,Vendor_021,Supplies,13.18,40000,Approver_03,INV-105163
TXN-000605,2025-11-11,10:38,Tuesday,Sales,Vendor_059,Misc,278.94,20000,Approver_11,INV-105164
TXN-002005,2025-11-11,15:21,Tuesday,HR,Vendor_012,Software,102.68,15000,Approver_13,INV-105165
TXN-002851,2025-11-11,17:48,Tuesday,Procurement,Vendor_053,Equipment,17.61,50000,Approver_08,INV-105166
TXN-005558,2025-11-11,12:59,Tuesday,Operations,Vendor_011,Software,2847.78,30000,Approver_10,INV-105167
TXN-001672,2025-11-11,10:17,Tuesday,IT,Vendor_024,Software,10.91,40000,Approver_13,INV-105168
TXN-005522,2025-11-11,11:05,Tuesday,IT,Vendor_013,Equipment,501.88,40000,Approver_13,INV-105169
TXN-004056,2025-11-11,11:53,Tuesday,Operations,Vendor_037,Utilities,42094.97,30000,Approver_08,INV-105170
TXN-001557,2025-11-11,09:30,Tuesday,HR,Vendor_050,Software,425.46,15000,Approver_15,INV-105171
TXN-001537,2025-11-11,18:11,Tuesday,IT,Vendor_039,Travel,-2152.18,40000,Approver_12,INV-105172
TXN-003419,2025-11-11,14:20,Tuesday,IT,Vendor_033,Misc,838.06,40000,Approver_06,INV-105173
TXN-003393,2025-11-11,17:29,Tuesday,Operations,Vendor_019,Supplies,15.46,30000,Approver_01,INV-105174
TXN-005464,2025-11-11,12:54,Tuesday,IT,Vendor_024,Consulting,12813.73,40000,Approver_04,INV-105175
TXN-005698,2025-11-11,17:26,Tuesday,Finance,Vendor_054,Supplies,252.09,60000,Approver_10,INV-105176
TXN-005728,2025-11-11,15:36,Tuesday,Procurement,Vendor_033,Travel,18.35,50000,Approver_07,INV-105177
TXN-005370,2025-11-11,11:47,Tuesday,Procurement,Vendor_050,Misc,48.0,50000,Approver_10,INV-105178
TXN-003924,2025-11-11,10:51,Tuesday,Sales,Vendor_050,Travel,360.14,20000,Approver_11,INV-105179
TXN-002195,2025-11-11,10:58,Tuesday,Operations,Vendor_037,Misc,642.44,30000,Approver_03,INV-105180
TXN-002045,2025-11-11,09:18,Tuesday,HR,Vendor_006,Consulting,8196.11,15000,Approver_11,INV-105181
TXN-003850,2025-11-11,13:36,Tuesday,Procurement,Vendor_057,Consulting,87689.64,50000,Approver_03,INV-105182
TXN-005092,2025-11-11,14:21,Tuesday,Sales,Vendor_049,Consulting,55.01,20000,Approver_08,INV-105183
TXN-004630,2025-11-11,15:18,Tuesday,Marketing,Vendor_013,Consulting,391.0,25000,Approver_14,INV-105184
TXN-005174,2025-11-11,17:11,Tuesday,Finance,Vendor_001,Equipment,363.13,60000,Approver_01,INV-105185
TXN-005162,2025-11-11,16:33,Tuesday,Operations,Vendor_047,Software,1205.2,30000,Approver_07,INV-105186
TXN-005055,2025-11-11,11:20,Tuesday,HR,Vendor_009,Travel,167.99,15000,Approver_08,INV-105187
TXN-000773,2025-11-11,12:01,Tuesday,Marketing,Vendor_041,Supplies,30.59,25000,Approver_05,INV-105188
TXN-004499,2025-11-11,16:23,Tuesday,Finance,Vendor_059,Utilities,48.15,60000,Approver_13,INV-105189
TXN-001064,2025-11-12,11:27,Wednesday,HR,Vendor_057,Travel,114.69,15000,Approver_12,INV-105190
TXN-005703,2025-11-12,17:55,Wednesday,Operations,Vendor_009,Misc,29083.63,30000,Approver_06,INV-105191
TXN-002314,2025-11-12,15:50,Wednesday,Procurement,Vendor_007,Misc,195.07,50000,Approver_15,INV-105192
TXN-004399,2025-11-12,16:30,Wednesday,IT,Vendor_059,Utilities,432.39,40000,Approver_01,INV-105193
TXN-004388,2025-11-12,10:38,Wednesday,IT,Vendor_019,Consulting,37170.48,40000,Approver_07,INV-105194
TXN-005004,2025-11-12,10:10,Wednesday,Finance,Vendor_008,Equipment,29.64,60000,Approver_03,INV-105195
TXN-003783,2025-11-12,10:08,Wednesday,HR,Vendor_017,Supplies,138.61,15000,Approver_11,INV-105196
TXN-005489,2025-11-12,11:44,Wednesday,HR,Vendor_038,Misc,21345.82,15000,Approver_03,INV-105197
TXN-000668,2025-11-12,10:40,Wednesday,Sales,Vendor_023,Supplies,75.75,20000,Approver_03,INV-105198
TXN-001898,2025-11-12,14:59,Wednesday,Finance,Vendor_052,Equipment,891.94,60000,Approver_02,INV-105199
TXN-003887,2025-11-12,15:46,Wednesday,Finance,Vendor_027,Travel,774.2,60000,Approver_09,INV-105200
TXN-003652,2025-11-12,12:55,Wednesday,Procurement,Vendor_041,Misc,256.56,50000,Approver_06,INV-105201
TXN-002054,2025-11-12,15:32,Wednesday,HR,Vendor_013,Consulting,9411.27,15000,Approver_13,INV-105202
TXN-004487,2025-11-12,11:31,Wednesday,Finance,Vendor_045,Software,621.88,60000,Approver_15,INV-105203
TXN-004896,2025-11-12,15:34,Wednesday,HR,Vendor_011,Software,14582.45,15000,Approver_12,INV-105204
TXN-005188,2025-11-12,16:20,Wednesday,Operations,Vendor_031,Supplies,383.86,30000,Approver_12,INV-105205
TXN-005345,2025-11-12,14:37,Wednesday,HR,Vendor_031,Utilities,33.6,15000,Approver_03,INV-105206
TXN-005958,2025-11-12,10:27,Wednesday,Operations,Vendor_023,Supplies,16.55,30000,Approver_12,INV-105207
TXN-000032,2025-11-12,14:56,Wednesday,HR,Vendor_023,Misc,15000.0,15000,Approver_14,INV-105208
TXN-000383,2025-11-12,09:49,Wednesday,Sales,Vendor_029,Misc,2685.25,20000,Approver_08,INV-105209
TXN-004037,2025-11-12,17:47,Wednesday,Finance,Vendor_004,Misc,202.78,60000,Approver_10,INV-105210
TXN-000456,2025-11-12,15:31,Wednesday,IT,Vendor_011,Misc,1590.48,40000,Approver_11,INV-105211
TXN-003454,2025-11-12,16:37,Wednesday,Procurement,Vendor_058,Consulting,12297.56,50000,Approver_01,INV-105212
TXN-002691,2025-11-12,08:15,Wednesday,Sales,Vendor_021,Consulting,76.54,20000,Approver_12,INV-105213
TXN-002755,2025-11-12,10:50,Wednesday,Operations,Vendor_016,Misc,3558.04,30000,Approver_11,INV-105214
TXN-003779,2025-11-13,17:31,Thursday,Sales,Vendor_045,Equipment,423.69,20000,Approver_15,INV-105215
TXN-004444,2025-11-13,12:31,Thursday,Finance,Vendor_005,Misc,7500.0,60000,Approver_05,INV-105216
TXN-005338,2025-11-13,18:10,Thursday,Marketing,Vendor_001,Software,329.67,25000,Approver_02,INV-105217
TXN-002219,2025-11-13,12:47,Thursday,Marketing,Vendor_006,Travel,23404.09,25000,Approver_04,INV-105218
TXN-003366,2025-11-13,11:20,Thursday,Sales,Vendor_033,Misc,216.93,20000,Approver_11,INV-105219
TXN-005693,2025-11-13,15:45,Thursday,Operations,Vendor_028,Software,113.01,30000,Approver_15,INV-105220
TXN-000376,2025-11-13,09:47,Thursday,Marketing,Vendor_039,Supplies,58.41,25000,Approver_05,INV-105221
TXN-003264,2025-11-13,15:29,Thursday,Procurement,Vendor_035,Supplies,364.03,50000,Approver_06,INV-105222
TXN-001884,2025-11-13,11:19,Thursday,HR,Vendor_042,Software,2340.78,15000,Approver_02,INV-105223
TXN-004460,2025-11-13,16:44,Thursday,Finance,Vendor_015,Misc,4108.18,60000,Approver_13,INV-105224
TXN-004245,2025-11-13,13:02,Thursday,Finance,Vendor_017,Consulting,59081.81,60000,Approver_09,INV-105225
TXN-004191,2025-11-13,16:34,Thursday,Operations,Vendor_048,Utilities,29.3,30000,Approver_05,INV-105226
TXN-001878,2025-11-13,12:35,Thursday,IT,Vendor_025,Misc,1388.81,40000,Approver_06,INV-105227
TXN-004810,2025-11-13,15:37,Thursday,Sales,Vendor_053,Consulting,20000.0,20000,Approver_10,INV-105228
TXN-001431,2025-11-13,10:14,Thursday,HR,Vendor_059,Utilities,162.34,15000,Approver_04,INV-105229
TXN-001279,2025-11-13,11:27,Thursday,Operations,Vendor_016,Supplies,205.43,30000,Approver_15,INV-105230
TXN-004791,2025-11-13,10:22,Thursday,HR,Vendor_054,Supplies,18.89,15000,Approver_04,INV-105231
TXN-000882,2025-11-13,12:03,Thursday,IT,Vendor_053,Misc,15.87,40000,Approver_04,INV-105232
TXN-005905,2025-11-13,17:16,Thursday,IT,Vendor_032,Software,46.71,40000,Approver_07,INV-105233
TXN-004804,2025-11-13,16:55,Thursday,Finance,Vendor_031,Consulting,1365.87,60000,Approver_15,INV-105234
TXN-002895,2025-11-13,15:10,Thursday,Procurement,Vendor_013,Consulting,49.49,50000,Approver_11,INV-105235
TXN-002501,2025-11-13,17:21,Thursday,Sales,Vendor_032,Equipment,551.77,20000,Approver_08,INV-105236
TXN-005931,2025-11-14,15:20,Friday,Marketing,Vendor_018,Travel,6198.56,25000,Approver_13,INV-105237
TXN-003953,2025-11-14,12:54,Friday,Marketing,Vendor_027,Misc,188.12,25000,Approver_02,INV-105238
TXN-002161,2025-11-14,11:57,Friday,Sales,Vendor_059,Misc,18.58,20000,Approver_12,INV-105239
TXN-000119,2025-11-14,13:56,Friday,HR,Vendor_039,Software,186.93,15000,Approver_14,INV-105240
TXN-000016,2025-11-14,11:50,Friday,Procurement,Vendor_049,Utilities,175.44,50000,Approver_08,INV-105241
TXN-005384,2025-11-14,15:52,Friday,HR,Vendor_044,Travel,44.48,15000,Approver_05,INV-105242
TXN-001292,2025-11-14,14:02,Friday,Procurement,Vendor_023,Misc,49093.43,50000,Approver_13,INV-105243
TXN-004252,2025-11-14,15:11,Friday,Finance,Vendor_044,Equipment,3037.89,60000,Approver_12,INV-105244
TXN-001102,2025-11-14,18:15,Friday,IT,Vendor_002,Consulting,38757.93,40000,Approver_07,INV-105245
TXN-003843,2025-11-14,18:09,Friday,Marketing,Vendor_005,Travel,413.26,25000,Approver_08,INV-105246
TXN-004406,2025-11-14,17:19,Friday,Procurement,Vendor_006,Software,10.38,50000,Approver_15,INV-105247
TXN-004305,2025-11-14,18:41,Friday,IT,Vendor_056,Consulting,196.97,40000,Approver_03,INV-105248
TXN-005746,2025-11-14,12:35,Friday,Marketing,Vendor_060,Utilities,230.49,25000,Approver_03,INV-105249
TXN-003157,2025-11-14,16:14,Friday,Operations,Vendor_044,Consulting,802.61,30000,Approver_04,INV-105250
TXN-000631,2025-11-14,12:45,Friday,Marketing,Vendor_021,Consulting,22486.91,25000,Approver_07,INV-105251
TXN-000147,2025-11-14,16:46,Friday,Marketing,Vendor_022,Supplies,1202.58,25000,Approver_04,INV-105252
TXN-005036,2025-11-15,07:03,Saturday,HR,Vendor_043,Equipment,14.92,15000,Approver_05,INV-105253
TXN-001648,2025-11-17,12:29,Monday,Marketing,Vendor_059,Misc,20.06,25000,Approver_09,INV-105254
TXN-005462,2025-11-17,15:17,Monday,Sales,Vendor_010,Equipment,7293.21,20000,Approver_12,INV-105255
TXN-004540,2025-11-17,15:03,Monday,Finance,Vendor_019,Software,321.48,60000,Approver_10,INV-105252
TXN-003747,2025-11-17,17:18,Monday,Operations,Vendor_009,Consulting,70162.3,30000,Approver_14,INV-105257
TXN-005497,2025-11-17,17:11,Monday,Sales,Vendor_033,Travel,45039.04,20000,Approver_06,INV-105258
TXN-005056,2025-11-17,11:05,Monday,Marketing,Vendor_055,Misc,23.21,25000,Approver_05,INV-105259
TXN-004159,2025-11-17,16:44,Monday,IT,Vendor_040,Consulting,15.42,40000,Approver_13,INV-105260
TXN-003740,2025-11-17,10:49,Monday,HR,Vendor_005,Consulting,525.02,15000,Approver_15,INV-105261
TXN-005337,2025-11-17,15:35,Monday,Finance,Vendor_012,Travel,1289.12,60000,Approver_09,INV-105262
TXN-004295,2025-11-17,18:19,Monday,Marketing,Vendor_016,Utilities,385.04,25000,Approver_07,INV-105263
TXN-002509,2025-11-17,11:31,Monday,IT,Vendor_016,Travel,7500.0,40000,Approver_02,INV-105264
TXN-004744,2025-11-17,16:52,Monday,Procurement,Vendor_044,Software,82.29,50000,Approver_15,INV-105265
TXN-005757,2025-11-17,12:15,Monday,Procurement,Vendor_011,Utilities,382.96,50000,Approver_11,INV-105266
TXN-003089,2025-11-17,08:19,Monday,IT,Vendor_042,Misc,445.66,40000,Approver_12,INV-105267
TXN-005855,2025-11-17,13:25,Monday,Finance,Vendor_043,Travel,119.59,60000,Approver_04,INV-105268
TXN-001111,2025-11-17,16:40,Monday,HR,Vendor_042,Equipment,6471.66,15000,Approver_10,INV-105263
TXN-001479,2025-11-17,09:57,Monday,HR,Vendor_014,Software,27.32,15000,Approver_13,INV-105270
TXN-002986,2025-11-17,13:40,Monday,HR,Vendor_020,Software,469.33,15000,Approver_14,INV-105271
TXN-005227,2025-11-17,11:48,Monday,IT,Vendor_015,Software,121.04,40000,Approver_08,INV-105272
TXN-004685,2025-11-17,12:27,Monday,Procurement,Vendor_049,Supplies,610.49,50000,Approver_02,INV-105273
TXN-005947,2025-11-17,10:50,Monday,Marketing,Vendor_029,Equipment,1417.33,25000,Approver_03,INV-105274
TXN-005033,2025-11-17,16:47,Monday,Sales,Vendor_055,Software,7944.78,20000,Approver_06,INV-105275
TXN-004894,2025-11-17,12:43,Monday,Marketing,Vendor_009,Supplies,13.57,25000,Approver_05,INV-105276
TXN-004618,2025-11-17,17:41,Monday,HR,Vendor_024,Consulting,991.12,15000,Approver_15,INV-105277
TXN-005916,2025-11-17,09:08,Monday,Sales,Vendor_013,Supplies,89.7,20000,Approver_09,INV-105278
TXN-004925,2025-11-18,10:49,Tuesday,IT,Vendor_059,Consulting,24.28,40000,Approver_04,INV-105279
TXN-003172,2025-11-18,10:46,Tuesday,IT,Vendor_039,Supplies,8384.66,40000,Approver_01,INV-105280
TXN-002643,2025-11-18,15:29,Tuesday,Procurement,Vendor_036,Consulting,1759.39,50000,Approver_10,INV-105281
TXN-003971,2025-11-18,23:34,Tuesday,Procurement,Vendor_051,Utilities,271.05,50000,Approver_06,INV-105282
TXN-003045,2025-11-18,10:02,Tuesday,Procurement,Vendor_052,Misc,83942.75,50000,Approver_15,INV-105283
TXN-000033,2025-11-18,12:21,Tuesday,Operations,Vendor_022,Travel,142.9,30000,Approver_06,INV-105280
TXN-002871,2025-11-18,16:40,Tuesday,IT,Vendor_015,Misc,39.82,40000,Approver_08,INV-105285
TXN-001851,2025-11-18,14:10,Tuesday,Operations,Vendor_006,Travel,27716.42,30000,Approver_15,INV-105286
TXN-004327,2025-11-18,17:56,Tuesday,IT,Vendor_016,Supplies,98.18,40000,Approver_14,INV-105287
TXN-005596,2025-11-18,17:32,Tuesday,HR,Vendor_053,Software,501.82,15000,Approver_10,INV-105288
TXN-005013,2025-11-18,15:57,Tuesday,Procurement,Vendor_044,Consulting,48977.14,50000,Approver_10,INV-105289
TXN-005477,2025-11-18,17:53,Tuesday,Procurement,Vendor_024,Consulting,75777.25,50000,Approver_13,INV-105290
TXN-003606,2025-11-18,15:05,Tuesday,Sales,Vendor_016,Software,11.2,20000,Approver_03,INV-105291
TXN-003259,2025-11-18,12:13,Tuesday,Procurement,Vendor_040,Consulting,1566.16,50000,Approver_06,INV-105292
TXN-000347,2025-11-18,11:33,Tuesday,IT,Vendor_048,Utilities,2361.89,40000,Approver_09,INV-105293
TXN-004557,2025-11-18,17:55,Tuesday,Finance,Vendor_005,Supplies,2736.4,60000,Approver_01,INV-105294
TXN-003705,2025-11-18,12:29,Tuesday,Finance,Vendor_001,Supplies,10375.27,60000,Approver_03,INV-105295
TXN-003318,2025-11-18,09:14,Tuesday,Marketing,Vendor_036,Supplies,461.43,25000,Approver_07,INV-105296
TXN-002324,2025-11-18,12:34,Tuesday,HR,Vendor_037,Utilities,17.88,15000,Approver_06,INV-105297
TXN-005516,2025-11-18,15:49,Tuesday,HR,Vendor_007,Travel,2353.82,15000,Approver_10,INV-105298
TXN-002238,2025-11-19,11:51,Wednesday,Operations,Vendor_059,Consulting,8770.25,30000,Approver_08,INV-105299
TXN-001300,2025-11-19,12:35,Wednesday,Finance,Vendor_048,Misc,8625.75,60000,,INV-105300
TXN-002258,2025-11-19,11:55,Wednesday,IT,Vendor_035,Travel,7869.2,40000,Approver_06,INV-105301
TXN-004924,2025-11-19,09:56,Wednesday,Sales,Vendor_026,Software,8136.53,20000,Approver_14,INV-105302
TXN-000285,2025-11-19,15:41,Wednesday,IT,Vendor_056,Utilities,441.03,40000,Approver_09,INV-105303
TXN-001737,2025-11-19,11:10,Wednesday,Procurement,Vendor_049,Consulting,49006.11,50000,Approver_11,INV-105304
TXN-005109,2025-11-19,15:57,Wednesday,Sales,Vendor_048,Travel,40.83,20000,Approver_15,INV-105305
TXN-003587,2025-11-19,17:31,Wednesday,IT,Vendor_020,Equipment,71.51,40000,Approver_09,INV-105306
TXN-003944,2025-11-19,13:40,Wednesday,Sales,Vendor_011,Equipment,10000.0,20000,Approver_15,INV-105307
TXN-003943,2025-11-19,18:23,Wednesday,IT,Vendor_043,Utilities,568.53,40000,Approver_11,INV-105308
TXN-001807,2025-11-19,08:30,Wednesday,Procurement,Vendor_047,Consulting,3392.53,50000,Approver_15,INV-105309
TXN-005084,2025-11-19,12:25,Wednesday,IT,Vendor_020,Supplies,202.49,40000,Approver_09,INV-105310
TXN-004799,2025-11-19,12:55,Wednesday,Finance,Vendor_034,Travel,328.72,60000,Approver_05,INV-105311
TXN-005482,2025-11-19,15:26,Wednesday,Operations,Vendor_055,Utilities,132.59,30000,Approver_12,INV-105312
TXN-002517,2025-11-19,15:00,Wednesday,Procurement,Vendor_059,Utilities,13.02,50000,,INV-105313
TXN-005779,2025-11-19,11:09,Wednesday,Sales,Vendor_057,Supplies,18722.22,20000,Approver_12,INV-105314
TXN-003710,2025-11-19,13:33,Wednesday,Sales,Vendor_058,Equipment,3895.08,20000,Approver_13,INV-105315
TXN-003182,2025-11-19,14:51,Wednesday,Marketing,Vendor_046,Travel,216.49,25000,Approver_13,INV-105316
TXN-003571,2025-11-19,08:50,Wednesday,Procurement,Vendor_018,Software,10822.49,50000,Approver_06,INV-105317
TXN-004178,2025-11-19,16:11,Wednesday,Finance,Vendor_057,Travel,122.31,60000,Approver_13,INV-105318
TXN-004424,2025-11-19,14:56,Wednesday,Procurement,Vendor_012,Misc,198.5,50000,Approver_11,INV-105319
TXN-001448,2025-11-19,15:26,Wednesday,Operations,Vendor_004,Misc,18.65,30000,Approver_15,INV-105320
TXN-002251,2025-11-20,11:20,Thursday,Operations,Vendor_058,Travel,332.61,30000,Approver_01,INV-105321
TXN-004645,2025-11-20,17:20,Thursday,Operations,Vendor_032,Software,-2644.89,30000,Approver_03,INV-105322
TXN-003506,2025-11-20,12:58,Thursday,Marketing,Vendor_054,Travel,26535.06,25000,Approver_06,INV-105323
TXN-003202,2025-11-20,16:20,Thursday,HR,Vendor_057,Equipment,218.79,15000,Approver_08,INV-105324
TXN-002456,2025-11-20,13:21,Thursday,Sales,Vendor_013,Equipment,398.29,20000,,INV-105325
TXN-002272,2025-11-20,10:22,Thursday,Finance,Vendor_012,Consulting,754.22,60000,Approver_01,INV-105326
TXN-000166,2025-11-20,15:37,Thursday,Procurement,Vendor_023,Consulting,465.15,50000,Approver_02,INV-105327
TXN-001704,2025-11-20,16:05,Thursday,Finance,Vendor_054,Supplies,371.45,60000,Approver_07,INV-105328
TXN-005012,2025-11-20,16:18,Thursday,IT,Vendor_005,Equipment,5558.92,40000,,INV-105329
TXN-005604,2025-11-20,09:13,Thursday,Operations,Vendor_043,Travel,547.56,30000,Approver_10,INV-105330
TXN-001244,2025-11-20,10:56,Thursday,Operations,Vendor_045,Supplies,50.91,30000,,INV-105331
TXN-004695,2025-11-20,10:43,Thursday,IT,Vendor_012,Software,122.69,40000,Approver_14,INV-105332
TXN-005031,2025-11-20,12:03,Thursday,HR,Vendor_009,Consulting,16.94,15000,Approver_13,INV-105333
TXN-005420,2025-11-20,16:14,Thursday,Marketing,Vendor_001,Equipment,131.33,25000,Approver_14,INV-105334
TXN-000090,2025-11-20,16:36,Thursday,Operations,Vendor_051,Equipment,1420.82,30000,Approver_10,INV-105335
TXN-000254,2025-11-20,17:33,Thursday,HR,Vendor_054,Software,3730.55,15000,Approver_15,INV-105336
TXN-003837,2025-11-20,17:03,Thursday,HR,Vendor_048,Supplies,1068.83,15000,Approver_03,INV-105337
TXN-005325,2025-11-20,13:53,Thursday,Operations,Vendor_027,Supplies,1244.38,30000,Approver_09,INV-105338
TXN-000915,2025-11-20,11:38,Thursday,Finance,Vendor_021,Consulting,671.13,60000,Approver_02,INV-105339
TXN-002510,2025-11-21,16:46,Friday,Finance,Vendor_057,Travel,12533.41,60000,Approver_01,INV-105340
TXN-003928,2025-11-21,14:20,Friday,Operations,Vendor_005,Software,3182.57,30000,Approver_01,INV-105341
TXN-004177,2025-11-21,15:46,Friday,Procurement,Vendor_016,Supplies,431.85,50000,Approver_02,INV-105342
TXN-001698,2025-11-21,15:10,Friday,Marketing,Vendor_049,Misc,82.96,25000,Approver_11,INV-105343
TXN-000582,2025-11-21,17:53,Friday,Procurement,Vendor_042,Equipment,132.05,50000,Approver_02,INV-105344
TXN-001736,2025-11-21,08:40,Friday,Finance,Vendor_015,Travel,29.75,60000,Approver_14,INV-105345
TXN-004215,2025-11-21,12:38,Friday,Operations,Vendor_045,Software,879.63,30000,Approver_15,INV-105346
TXN-001959,2025-11-21,15:43,Friday,Operations,Vendor_036,Supplies,369.76,30000,Approver_10,INV-105347
TXN-001515,2025-11-21,16:03,Friday,Operations,Vendor_015,Utilities,2420.81,30000,Approver_12,INV-105348
TXN-003101,2025-11-21,15:31,Friday,Finance,Vendor_007,Equipment,81483.2,60000,Approver_06,INV-105349
TXN-003611,2025-11-21,11:28,Friday,IT,Vendor_043,Software,6501.34,40000,Approver_09,INV-105350
TXN-005823,2025-11-21,12:45,Friday,HR,Vendor_008,Travel,66.73,15000,Approver_01,INV-105351
TXN-003069,2025-11-21,13:39,Friday,Sales,Vendor_007,Misc,6911.82,20000,Approver_09,INV-105352
TXN-000613,2025-11-21,15:08,Friday,IT,Vendor_035,Consulting,23.26,40000,Approver_04,INV-105353
TXN-004371,2025-11-21,11:24,Friday,IT,Vendor_055,Utilities,418.38,40000,Approver_09,INV-105354
TXN-005948,2025-11-21,18:14,Friday,Operations,Vendor_022,Travel,81.22,30000,Approver_09,INV-105355
TXN-004428,2025-11-21,11:09,Friday,Operations,Vendor_012,Utilities,119.17,30000,,INV-105356
TXN-002829,2025-11-21,13:32,Friday,Marketing,Vendor_019,Consulting,82710.99,25000,,INV-105357
TXN-002301,2025-11-21,13:04,Friday,Operations,Vendor_020,Equipment,879.83,30000,Approver_08,INV-105358
TXN-004314,2025-11-21,18:20,Friday,Marketing,Vendor_058,Misc,404.65,25000,Approver_05,INV-105359
TXN-001126,2025-11-21,11:09,Friday,HR,Vendor_035,Supplies,10000.0,15000,Approver_07,INV-105360
TXN-000855,2025-11-21,11:18,Friday,IT,Vendor_039,Misc,38.04,40000,Approver_02,INV-105361
TXN-000241,2025-11-21,14:32,Friday,IT,Vendor_028,Equipment,66.52,40000,Approver_14,INV-105362
TXN-005340,2025-11-21,15:14,Friday,Procurement,Vendor_008,Utilities,37.89,50000,Approver_03,INV-105363
TXN-005233,2025-11-21,12:57,Friday,HR,Vendor_012,Utilities,5330.12,15000,Approver_02,INV-105364
TXN-005318,2025-11-21,17:56,Friday,Finance,Vendor_038,Misc,13.19,60000,Approver_14,INV-105365
TXN-000835,2025-11-21,10:27,Friday,Sales,Vendor_010,Misc,294.56,20000,Approver_01,INV-105366
TXN-004346,2025-11-23,08:47,Sunday,Sales,Vendor_013,Misc,27.42,20000,Approver_15,INV-105367
TXN-004724,2025-11-24,15:45,Monday,HR,Vendor_035,Utilities,41687.58,15000,Approver_12,INV-105368
TXN-001973,2025-11-24,10:01,Monday,IT,Vendor_015,Software,4902.23,40000,Approver_15,INV-105369
TXN-004133,2025-11-24,12:21,Monday,Marketing,Vendor_009,Consulting,3222.95,25000,Approver_08,INV-105370
TXN-005513,2025-11-24,09:34,Monday,Procurement,Vendor_015,Travel,2500.0,50000,Approver_14,INV-105371
TXN-005002,2025-11-24,13:10,Monday,Marketing,Vendor_005,Misc,135.94,25000,Approver_13,INV-105372
TXN-002781,2025-11-24,12:14,Monday,Marketing,Vendor_008,Supplies,156.71,25000,Approver_07,INV-105373
TXN-000699,2025-11-24,12:46,Monday,Finance,Vendor_039,Software,60.34,60000,Approver_08,INV-105374
TXN-001804,2025-11-24,13:51,Monday,HR,Vendor_049,Equipment,41.21,15000,Approver_01,INV-105375
TXN-004885,2025-11-24,09:54,Monday,Marketing,Vendor_053,Consulting,171.11,25000,Approver_05,INV-105376
TXN-002380,2025-11-24,13:18,Monday,Sales,Vendor_026,Consulting,13.65,20000,Approver_12,INV-105377
TXN-005087,2025-11-24,14:13,Monday,Sales,Vendor_055,Travel,372.06,20000,Approver_05,INV-105372
TXN-003702,2025-11-24,10:34,Monday,Sales,Vendor_027,Consulting,243.78,20000,Approver_06,INV-105379
TXN-005756,2025-11-24,09:21,Monday,Sales,Vendor_009,Utilities,921.12,20000,Approver_01,INV-105380
TXN-001830,2025-11-24,18:56,Monday,Sales,Vendor_041,Travel,40.77,20000,Approver_03,INV-105381
TXN-000503,2025-11-24,10:54,Monday,IT,Vendor_023,Consulting,271.68,40000,Approver_09,INV-105382
TXN-003048,2025-11-24,11:27,Monday,Operations,Vendor_041,Travel,20000.0,30000,Approver_13,INV-105383
TXN-003165,2025-11-24,10:42,Monday,Marketing,Vendor_039,Utilities,37.65,25000,Approver_11,INV-105384
TXN-002611,2025-11-24,16:58,Monday,Procurement,Vendor_018,Software,2055.34,50000,Approver_07,INV-105385
TXN-001391,2025-11-24,15:07,Monday,Finance,Vendor_033,Software,-4564.72,60000,Approver_05,INV-105386
TXN-001141,2025-11-24,18:56,Monday,Marketing,Vendor_003,Supplies,30.37,25000,Approver_07,INV-105382
TXN-004282,2025-11-24,11:53,Monday,Marketing,Vendor_058,Misc,7361.1,25000,Approver_14,INV-105388
TXN-004501,2025-11-24,16:06,Monday,Operations,Vendor_024,Misc,3136.07,30000,Approver_10,INV-105389
TXN-003481,2025-11-24,12:59,Monday,Marketing,Vendor_057,Supplies,-2876.85,25000,Approver_04,INV-105390
TXN-000537,2025-11-24,11:48,Monday,IT,Vendor_055,Software,34.48,40000,Approver_06,INV-105391
TXN-002530,2025-11-24,18:16,Monday,Procurement,Vendor_041,Software,4009.17,50000,Approver_15,INV-105392
TXN-000564,2025-11-24,17:34,Monday,Finance,Vendor_046,Supplies,184.11,60000,Approver_06,INV-105393
TXN-004018,2025-11-24,15:28,Monday,Marketing,Vendor_053,Consulting,549.33,25000,Approver_02,INV-105394
TXN-001632,2025-11-24,16:06,Monday,Finance,Vendor_047,Equipment,9840.53,60000,Approver_05,INV-105395
TXN-005310,2025-11-24,09:29,Monday,HR,Vendor_031,Consulting,15000.0,15000,Approver_04,INV-105396
TXN-005772,2025-11-25,16:07,Tuesday,HR,Vendor_026,Utilities,448.41,15000,Approver_10,INV-105397
TXN-005649,2025-11-25,12:46,Tuesday,Marketing,Vendor_010,Travel,1287.67,25000,Approver_01,INV-105398
TXN-001186,2025-11-25,12:40,Tuesday,Operations,Vendor_049,Misc,20000.0,30000,Approver_07,INV-105399
TXN-002174,2025-11-25,12:24,Tuesday,Finance,Vendor_054,Software,3340.06,60000,Approver_09,INV-105400
TXN-004634,2025-11-25,17:19,Tuesday,HR,Vendor_033,Utilities,207.1,15000,Approver_10,INV-105401
TXN-002041,2025-11-25,09:33,Tuesday,Finance,Vendor_050,Equipment,830.42,60000,Approver_13,INV-105402
TXN-003844,2025-11-25,17:17,Tuesday,Sales,Vendor_043,Equipment,125.04,20000,,INV-105403
TXN-000789,2025-11-25,16:38,Tuesday,HR,Vendor_051,Software,13551.91,15000,Approver_13,INV-105404
TXN-001543,2025-11-25,17:07,Tuesday,Marketing,Vendor_044,Utilities,9950.31,25000,Approver_14,INV-105405
TXN-002574,2025-11-25,21:40,Tuesday,Finance,Vendor_051,Utilities,46.15,60000,Approver_02,INV-105406
TXN-003590,2025-11-25,09:36,Tuesday,Finance,Vendor_038,Equipment,119.38,60000,Approver_05,INV-105407
TXN-005483,2025-11-25,14:39,Tuesday,Sales,Vendor_054,Equipment,20000.0,20000,Approver_02,INV-105408
TXN-004590,2025-11-25,18:41,Tuesday,HR,Vendor_036,Software,3163.44,15000,Approver_09,INV-105409
TXN-001523,2025-11-25,16:36,Tuesday,IT,Vendor_012,Utilities,4881.84,40000,Approver_04,INV-105410
TXN-002282,2025-11-25,18:31,Tuesday,IT,Vendor_026,Consulting,68.79,40000,Approver_14,INV-105411
TXN-000453,2025-11-25,11:18,Tuesday,Sales,Vendor_004,Supplies,750.1,20000,Approver_04,INV-105412
TXN-000658,2025-11-25,10:39,Tuesday,Marketing,Vendor_027,Supplies,2551.37,25000,Approver_08,INV-105413
TXN-001608,2025-11-25,16:06,Tuesday,Operations,Vendor_058,Consulting,474.68,30000,Approver_10,INV-105414
TXN-001693,2025-11-25,16:36,Tuesday,Operations,Vendor_043,Travel,3634.61,30000,Approver_03,INV-105415
TXN-004042,2025-11-25,11:32,Tuesday,Procurement,Vendor_044,Software,24.12,50000,,INV-105416
TXN-004176,2025-11-25,17:34,Tuesday,Finance,Vendor_045,Travel,10795.0,60000,Approver_02,INV-105417
TXN-001892,2025-11-26,13:44,Wednesday,IT,Vendor_047,Utilities,267.45,40000,Approver_13,INV-105418
TXN-000123,2025-11-26,09:56,Wednesday,HR,Vendor_054,Misc,15.36,15000,Approver_06,INV-105419
TXN-000055,2025-11-26,18:07,Wednesday,IT,Vendor_026,Supplies,127.87,40000,Approver_10,INV-105420
TXN-003396,2025-11-26,17:31,Wednesday,Procurement,Vendor_054,Travel,1181.04,50000,Approver_05,INV-105421
TXN-000513,2025-11-26,10:40,Wednesday,Operations,Vendor_011,Consulting,1120.01,30000,Approver_09,INV-105422
TXN-004405,2025-11-26,11:24,Wednesday,Marketing,Vendor_007,Equipment,316.37,25000,Approver_14,INV-105423
TXN-000482,2025-11-26,13:06,Wednesday,Procurement,Vendor_053,Software,129.18,50000,Approver_01,INV-105424
TXN-001315,2025-11-26,12:44,Wednesday,IT,Vendor_017,Supplies,14.96,40000,Approver_02,INV-105425
TXN-004870,2025-11-26,11:44,Wednesday,IT,Vendor_039,Equipment,244.45,40000,Approver_07,INV-105426
TXN-001740,2025-11-26,15:59,Wednesday,Finance,Vendor_039,Misc,541.85,60000,Approver_06,INV-105427
TXN-001253,2025-11-26,17:47,Wednesday,Operations,Vendor_024,Software,28235.82,30000,Approver_09,INV-105428
TXN-003159,2025-11-26,10:06,Wednesday,IT,Vendor_041,Misc,51.54,40000,Approver_10,INV-105425
TXN-005976,2025-11-26,17:47,Wednesday,HR,Vendor_047,Misc,1364.41,15000,Approver_12,INV-105430
TXN-003486,2025-11-26,16:26,Wednesday,Marketing,Vendor_008,Software,164.12,25000,Approver_08,INV-105431
TXN-002819,2025-11-26,16:44,Wednesday,HR,Vendor_060,Equipment,2776.52,15000,Approver_14,INV-105432
TXN-002310,2025-11-26,11:22,Wednesday,Sales,Vendor_028,Software,72.1,20000,Approver_04,INV-105433
TXN-000799,2025-11-26,10:14,Wednesday,Finance,Vendor_030,Equipment,10.67,60000,Approver_13,INV-105434
TXN-003217,2025-11-26,12:45,Wednesday,Marketing,Vendor_058,Consulting,10000.0,25000,Approver_14,INV-105435
TXN-003636,2025-11-26,09:08,Wednesday,IT,Vendor_050,Utilities,150.89,40000,Approver_10,INV-105436
TXN-003934,2025-11-26,15:44,Wednesday,Procurement,Vendor_041,Supplies,73319.45,50000,Approver_07,INV-105437
TXN-001614,2025-11-26,14:02,Wednesday,IT,Vendor_018,Supplies,506.8,40000,Approver_06,INV-105438
TXN-005936,2025-11-26,15:18,Wednesday,Operations,Vendor_015,Software,20.96,30000,Approver_13,INV-105439
TXN-005284,2025-11-26,10:49,Wednesday,HR,Vendor_037,Supplies,570.78,15000,Approver_01,INV-105440
TXN-000808,2025-11-26,13:02,Wednesday,Operations,Vendor_027,Travel,239.84,30000,Approver_10,INV-105441
TXN-004319,2025-11-26,11:03,Wednesday,IT,Vendor_020,Misc,11239.64,40000,Approver_02,INV-105442
TXN-002411,2025-11-26,17:21,Wednesday,IT,Vendor_006,Misc,55.62,40000,Approver_04,INV-105443
TXN-003025,2025-11-26,15:03,Wednesday,HR,Vendor_025,Supplies,1311.13,15000,Approver_07,INV-105444
TXN-004395,2025-11-26,17:26,Wednesday,Sales,Vendor_054,Equipment,29528.07,20000,Approver_05,INV-105445
TXN-000446,2025-11-27,12:50,Thursday,Finance,Vendor_043,Misc,106.82,60000,Approver_06,INV-105446
TXN-002292,2025-11-27,15:08,Thursday,Sales,Vendor_059,Software,241.11,20000,Approver_03,INV-105447
TXN-000572,2025-11-27,16:56,Thursday,Marketing,Vendor_021,Supplies,68.26,25000,Approver_07,INV-105448
TXN-000690,2025-11-27,13:01,Thursday,Marketing,Vendor_014,Utilities,75.15,25000,Approver_07,INV-105449
TXN-004453,2025-11-27,16:38,Thursday,HR,Vendor_050,Consulting,4866.01,15000,Approver_02,INV-105450
TXN-003841,2025-11-27,09:56,Thursday,IT,Vendor_035,Software,509.01,40000,Approver_15,INV-105451
TXN-005653,2025-11-27,11:19,Thursday,Marketing,Vendor_019,Supplies,1782.45,25000,Approver_10,INV-105452
TXN-003016,2025-11-27,18:54,Thursday,Sales,Vendor_029,Supplies,465.05,20000,Approver_01,INV-105453
TXN-004812,2025-11-27,13:42,Thursday,HR,Vendor_007,Software,48.71,15000,Approver_09,INV-105454
TXN-001001,2025-11-27,14:10,Thursday,Marketing,Vendor_045,Supplies,21.53,25000,Approver_13,INV-105455
TXN-003607,2025-11-27,14:29,Thursday,IT,Vendor_028,Software,12.87,40000,Approver_02,INV-105456
TXN-003103,2025-11-27,09:24,Thursday,Sales,Vendor_027,Utilities,18578.16,20000,Approver_05,INV-105457
TXN-000265,2025-11-27,15:13,Thursday,IT,Vendor_006,Consulting,819.01,40000,Approver_12,INV-105458
TXN-000167,2025-11-27,12:53,Thursday,HR,Vendor_021,Consulting,213.0,15000,Approver_10,INV-105459
TXN-000375,2025-11-27,15:42,Thursday,Operations,Vendor_031,Software,23945.64,30000,Approver_01,INV-105460
TXN-003697,2025-11-27,09:47,Thursday,Finance,Vendor_001,Software,1102.99,60000,,INV-105461
TXN-001605,2025-11-27,13:16,Thursday,Operations,Vendor_057,Consulting,689.11,30000,Approver_14,INV-105462
TXN-003306,2025-11-27,12:37,Thursday,Finance,Vendor_004,Supplies,23.41,60000,Approver_13,INV-105463
TXN-001966,2025-11-28,13:43,Friday,Operations,Vendor_038,Consulting,239.27,30000,Approver_07,INV-105464
TXN-004199,2025-11-28,15:50,Friday,Operations,Vendor_054,Supplies,-4074.41,30000,Approver_03,INV-105465
TXN-004914,2025-11-28,16:23,Friday,HR,Vendor_045,Travel,6067.86,15000,Approver_14,INV-105466
TXN-000612,2025-11-28,13:16,Friday,HR,Vendor_052,Utilities,350.59,15000,Approver_07,INV-105467
TXN-003973,2025-11-28,08:56,Friday,Procurement,Vendor_050,Equipment,201.27,50000,Approver_06,INV-105468
TXN-005266,2025-11-28,13:13,Friday,Marketing,Vendor_026,Software,22.78,25000,Approver_15,INV-105469
TXN-000721,2025-11-28,10:14,Friday,Operations,Vendor_015,Utilities,26.59,30000,Approver_09,INV-105470
TXN-005780,2025-11-28,15:01,Friday,Procurement,Vendor_028,Software,1582.85,50000,Approver_15,INV-105471
TXN-002903,2025-11-28,12:52,Friday,Marketing,Vendor_018,Supplies,707.58,25000,Approver_02,INV-105472
TXN-002094,2025-11-28,16:58,Friday,Finance,Vendor_056,Software,538.43,60000,Approver_14,INV-105473
TXN-000317,2025-11-28,11:24,Friday,Finance,Vendor_004,Software,15000.15,60000,Approver_02,INV-105474
TXN-005861,2025-11-28,11:16,Friday,IT,Vendor_056,Equipment,43.0,40000,Approver_02,INV-105475
TXN-001670,2025-11-28,16:09,Friday,Procurement,Vendor_052,Misc,344.36,50000,Approver_09,INV-105476
TXN-004889,2025-11-28,16:55,Friday,IT,Vendor_028,Equipment,34.66,40000,Approver_14,INV-105477
TXN-005127,2025-11-28,12:22,Friday,Sales,Vendor_011,Consulting,13.01,20000,Approver_13,INV-105478
TXN-005523,2025-11-28,17:40,Friday,Sales,Vendor_035,Supplies,817.89,20000,Approver_09,INV-105479
TXN-001239,2025-11-28,12:29,Friday,Operations,Vendor_005,Utilities,8055.59,30000,Approver_10,INV-105480
TXN-003283,2025-11-28,16:16,Friday,IT,Vendor_019,Misc,1615.63,40000,Approver_08,INV-105481
TXN-000330,2025-11-28,11:35,Friday,Operations,Vendor_037,Travel,7053.84,30000,Approver_02,INV-105482
TXN-001738,2025-11-28,08:47,Friday,HR,Vendor_018,Misc,1411.23,15000,Approver_05,INV-105483
TXN-003755,2025-11-30,16:27,Sunday,Operations,Vendor_011,Consulting,37.9,30000,Approver_07,INV-105484
TXN-004612,2025-11-30,09:58,Sunday,Operations,Vendor_045,Travel,228.38,30000,Approver_12,INV-105485
TXN-004351,2025-12-01,14:38,Monday,Marketing,Vendor_004,Consulting,6253.55,25000,Approver_01,INV-105486
TXN-005669,2025-12-01,10:52,Monday,HR,Vendor_026,Equipment,61049.26,15000,Approver_03,INV-105487
TXN-001950,2025-12-01,12:27,Monday,Procurement,Vendor_017,Utilities,4537.07,50000,Approver_03,INV-105488
TXN-005080,2025-12-01,17:02,Monday,Operations,Vendor_043,Consulting,143.35,30000,Approver_05,INV-105489
TXN-003617,2025-12-01,13:47,Monday,Procurement,Vendor_006,Utilities,43.18,50000,Approver_12,INV-105490
TXN-002141,2025-12-01,10:44,Monday,Finance,Vendor_023,Software,82.94,60000,Approver_01,INV-105491
TXN-000115,2025-12-01,15:08,Monday,Marketing,Vendor_030,Software,13.04,25000,Approver_13,INV-105492
TXN-001291,2025-12-01,12:47,Monday,Finance,Vendor_039,Consulting,6106.61,60000,Approver_03,INV-105493
TXN-000269,2025-12-01,16:22,Monday,Operations,Vendor_060,Travel,382.12,30000,Approver_09,INV-105494
TXN-005073,2025-12-01,10:06,Monday,Procurement,Vendor_032,Supplies,136.33,50000,Approver_05,INV-105495
TXN-001735,2025-12-01,17:55,Monday,Procurement,Vendor_034,Misc,3732.03,50000,,INV-105496
TXN-001415,2025-12-01,09:44,Monday,Sales,Vendor_037,Equipment,26.68,20000,Approver_06,INV-105497
TXN-004343,2025-12-01,18:32,Monday,HR,Vendor_014,Supplies,13884.51,15000,Approver_04,INV-105498
TXN-005764,2025-12-01,14:17,Monday,Operations,Vendor_047,Supplies,-1558.51,30000,Approver_03,INV-105499
TXN-005081,2025-12-01,15:07,Monday,Sales,Vendor_028,Utilities,3253.77,20000,Approver_12,INV-105500
TXN-004674,2025-12-01,11:45,Monday,HR,Vendor_044,Equipment,527.79,15000,Approver_11,INV-105501
TXN-001613,2025-12-01,17:06,Monday,Finance,Vendor_001,Utilities,20000.0,60000,Approver_07,INV-105502
TXN-004672,2025-12-01,10:11,Monday,Finance,Vendor_009,Consulting,213.13,60000,Approver_10,INV-105503
TXN-000467,2025-12-01,17:52,Monday,Finance,Vendor_032,Equipment,2272.98,60000,Approver_06,INV-105498
TXN-002957,2025-12-01,08:07,Monday,HR,Vendor_046,Equipment,116.86,15000,Approver_14,INV-105505
TXN-005479,2025-12-01,09:35,Monday,Operations,Vendor_023,Misc,7054.79,30000,Approver_09,INV-105506
TXN-001856,2025-12-01,16:44,Monday,HR,Vendor_060,Utilities,199.81,15000,Approver_10,INV-105507
TXN-002391,2025-12-01,10:42,Monday,Sales,Vendor_013,Equipment,19128.62,20000,Approver_06,INV-105508
TXN-005805,2025-12-01,18:05,Monday,Finance,Vendor_057,Supplies,10014.48,60000,Approver_07,INV-105509
TXN-004493,2025-12-01,11:27,Monday,IT,Vendor_017,Software,38951.21,40000,Approver_13,INV-105510
TXN-005833,2025-12-02,16:11,Tuesday,IT,Vendor_013,Equipment,1141.02,40000,Approver_06,INV-105511
TXN-003478,2025-12-02,15:21,Tuesday,Sales,Vendor_008,Misc,188.83,20000,Approver_13,INV-105512
TXN-003077,2025-12-02,15:01,Tuesday,Sales,Vendor_021,Supplies,456.06,20000,Approver_01,INV-105513
TXN-000238,2025-12-02,16:02,Tuesday,Marketing,Vendor_008,Equipment,1475.21,25000,Approver_12,INV-105514
TXN-001153,2025-12-02,10:23,Tuesday,IT,Vendor_002,Utilities,320.06,40000,Approver_15,INV-105515
TXN-003343,2025-12-02,15:57,Tuesday,IT,Vendor_040,Consulting,183.55,40000,Approver_07,INV-105516
TXN-005851,2025-12-02,11:07,Tuesday,HR,Vendor_026,Utilities,13674.42,15000,Approver_12,INV-105517
TXN-005321,2025-12-02,16:40,Tuesday,Sales,Vendor_032,Equipment,2050.63,20000,Approver_09,INV-105518
TXN-005704,2025-12-02,11:20,Tuesday,Procurement,Vendor_040,Consulting,384.9,50000,Approver_02,INV-105519
TXN-003430,2025-12-02,18:06,Tuesday,Procurement,Vendor_027,Utilities,5247.81,50000,Approver_11,INV-105520
TXN-003891,2025-12-02,15:49,Tuesday,HR,Vendor_039,Misc,5581.3,15000,Approver_06,INV-105521
TXN-001656,2025-12-02,17:18,Tuesday,Procurement,Vendor_047,Supplies,315.17,50000,Approver_04,INV-105522
TXN-001397,2025-12-02,17:25,Tuesday,Procurement,Vendor_042,Travel,51.84,50000,Approver_15,INV-105523
TXN-004201,2025-12-02,11:59,Tuesday,Procurement,Vendor_055,Utilities,51.4,50000,Approver_07,INV-105524
TXN-000912,2025-12-02,17:21,Tuesday,Marketing,Vendor_029,Consulting,169.96,25000,Approver_10,INV-105525
TXN-002082,2025-12-02,12:28,Tuesday,Sales,Vendor_030,Supplies,696.47,20000,Approver_08,INV-105526
TXN-004795,2025-12-02,14:55,Tuesday,Finance,Vendor_057,Travel,465.42,60000,Approver_11,INV-105527
TXN-002331,2025-12-02,11:39,Tuesday,Operations,Vendor_053,Software,33.77,30000,Approver_09,INV-105528
TXN-000751,2025-12-02,11:00,Tuesday,Finance,Vendor_054,Misc,73.18,60000,Approver_05,INV-105529
TXN-000939,2025-12-02,15:20,Tuesday,IT,Vendor_053,Equipment,2914.63,40000,Approver_06,INV-105530
TXN-004817,2025-12-02,10:20,Tuesday,Procurement,Vendor_056,Travel,283.61,50000,Approver_06,INV-105531
TXN-004495,2025-12-02,11:07,Tuesday,Procurement,Vendor_010,Travel,45.96,50000,Approver_01,INV-105532
TXN-002893,2025-12-02,16:19,Tuesday,IT,Vendor_032,Equipment,11.18,40000,Approver_05,INV-105533
TXN-002633,2025-12-03,11:34,Wednesday,Procurement,Vendor_019,Travel,49719.74,50000,Approver_02,INV-105534
TXN-005336,2025-12-03,08:22,Wednesday,HR,Vendor_024,Misc,1554.67,15000,Approver_07,INV-105535
TXN-001162,2025-12-03,16:24,Wednesday,Sales,Vendor_014,Utilities,12.83,20000,Approver_07,INV-105536
TXN-002312,2025-12-03,15:43,Wednesday,Finance,Vendor_016,Supplies,-251.01,60000,Approver_01,INV-105537
TXN-005074,2025-12-03,10:59,Wednesday,Operations,Vendor_053,Travel,2578.42,30000,Approver_13,INV-105538
TXN-005866,2025-12-03,12:44,Wednesday,Finance,Vendor_015,Misc,56645.03,60000,Approver_12,INV-105539
TXN-000441,2025-12-03,15:04,Wednesday,Operations,Vendor_048,Misc,6613.43,30000,Approver_01,INV-105540
TXN-005714,2025-12-03,17:31,Wednesday,IT,Vendor_015,Consulting,9801.24,40000,Approver_13,INV-105541
TXN-004366,2025-12-03,15:27,Wednesday,Sales,Vendor_041,Supplies,20.63,20000,Approver_03,INV-105542
TXN-005322,2025-12-03,10:11,Wednesday,Sales,Vendor_001,Software,242.57,20000,Approver_07,INV-105543
TXN-005488,2025-12-03,16:16,Wednesday,Operations,Vendor_018,Supplies,28553.7,30000,Approver_11,INV-105538
TXN-003675,2025-12-03,11:52,Wednesday,IT,Vendor_029,Supplies,210.85,40000,Approver_05,INV-105545
TXN-001083,2025-12-03,15:22,Wednesday,Marketing,Vendor_012,Travel,314.6,25000,Approver_08,INV-105546
TXN-005360,2025-12-03,18:13,Wednesday,Marketing,Vendor_005,Equipment,111.06,25000,Approver_02,INV-105547
TXN-000753,2025-12-03,14:38,Wednesday,Marketing,Vendor_009,Software,16.87,25000,Approver_14,INV-105548
TXN-001130,2025-12-03,12:03,Wednesday,Procurement,Vendor_034,Consulting,7692.61,50000,Approver_08,INV-105549
TXN-000944,2025-12-03,15:21,Wednesday,Procurement,Vendor_035,Supplies,29.93,50000,Approver_09,INV-105550
TXN-003382,2025-12-03,12:58,Wednesday,HR,Vendor_018,Travel,4125.3,15000,Approver_01,INV-105551
TXN-001260,2025-12-03,10:47,Wednesday,Sales,Vendor_010,Utilities,261.13,20000,Approver_07,INV-105552
TXN-004547,2025-12-03,11:22,Wednesday,Operations,Vendor_058,Equipment,41.0,30000,Approver_11,INV-105553
TXN-000984,2025-12-03,15:01,Wednesday,Procurement,Vendor_049,Software,24.46,50000,Approver_12,INV-105554
TXN-001536,2025-12-03,10:32,Wednesday,Finance,Vendor_059,Equipment,23.89,60000,Approver_02,INV-105555
TXN-000756,2025-12-03,14:21,Wednesday,HR,Vendor_060,Supplies,122.94,15000,Approver_14,INV-105556
TXN-002264,2025-12-04,18:47,Thursday,Sales,Vendor_011,Supplies,436.18,20000,Approver_13,INV-105557
TXN-000008,2025-12-04,14:23,Thursday,HR,Vendor_045,Travel,190.96,15000,Approver_09,INV-105554
TXN-003084,2025-12-04,11:11,Thursday,HR,Vendor_057,Travel,5615.09,15000,Approver_15,INV-105559
TXN-005570,2025-12-04,12:17,Thursday,Procurement,Vendor_002,Misc,3120.2,50000,Approver_03,INV-105560
TXN-000769,2025-12-04,10:09,Thursday,Operations,Vendor_004,Equipment,3269.28,30000,Approver_15,INV-105561
TXN-004287,2025-12-04,16:53,Thursday,IT,Vendor_023,Misc,728.08,40000,Approver_08,INV-105562
TXN-002448,2025-12-04,12:10,Thursday,Finance,Vendor_028,Equipment,112.42,60000,Approver_13,INV-105563
TXN-004264,2025-12-04,13:21,Thursday,HR,Vendor_004,Software,61.31,15000,Approver_13,INV-105564
TXN-003091,2025-12-04,10:16,Thursday,IT,Vendor_041,Supplies,2500.0,40000,Approver_09,INV-105565
TXN-005670,2025-12-04,15:32,Thursday,HR,Vendor_042,Travel,93.77,15000,Approver_15,INV-105566
TXN-000499,2025-12-04,15:54,Thursday,Marketing,Vendor_057,Misc,21.48,25000,Approver_13,INV-105567
TXN-001392,2025-12-04,09:32,Thursday,Sales,Vendor_019,Misc,127.52,20000,Approver_07,INV-105568
TXN-003830,2025-12-04,08:47,Thursday,HR,Vendor_043,Travel,6519.42,15000,Approver_13,INV-105569
TXN-003293,2025-12-04,15:26,Thursday,Marketing,Vendor_042,Utilities,224.5,25000,Approver_10,INV-105570
TXN-004359,2025-12-04,09:06,Thursday,Sales,Vendor_003,Supplies,44.76,20000,Approver_05,INV-105567
TXN-001125,2025-12-04,14:05,Thursday,HR,Vendor_039,Supplies,1000.43,15000,Approver_05,INV-105572
TXN-005912,2025-12-04,15:56,Thursday,Operations,Vendor_044,Supplies,27075.11,30000,Approver_03,INV-105573
TXN-002737,2025-12-04,15:46,Thursday,Marketing,Vendor_015,Misc,1147.41,25000,Approver_13,INV-105574
TXN-005408,2025-12-04,17:07,Thursday,Sales,Vendor_019,Software,347.51,20000,Approver_13,INV-105575
TXN-003057,2025-12-04,15:12,Thursday,IT,Vendor_006,Utilities,670.52,40000,Approver_13,INV-105576
TXN-003260,2025-12-04,12:33,Thursday,Operations,Vendor_018,Travel,26.28,30000,Approver_13,INV-105577
TXN-001232,2025-12-04,09:59,Thursday,Operations,Vendor_031,Software,188.33,30000,Approver_14,INV-105578
TXN-002748,2025-12-04,10:53,Thursday,Procurement,Vendor_031,Consulting,66708.19,50000,Approver_11,INV-105579
TXN-001607,2025-12-05,14:35,Friday,Sales,Vendor_012,Utilities,323.43,20000,Approver_07,INV-105580
TXN-000795,2025-12-05,12:01,Friday,Sales,Vendor_014,Misc,15.24,20000,,INV-105581
TXN-002155,2025-12-05,10:15,Friday,Operations,Vendor_011,Utilities,590.4,30000,Approver_09,INV-105582
TXN-005612,2025-12-05,15:14,Friday,Sales,Vendor_024,Consulting,491.88,20000,Approver_05,INV-105583
TXN-003075,2025-12-05,11:52,Friday,IT,Vendor_005,Travel,1898.17,40000,Approver_04,INV-105584
TXN-005617,2025-12-05,12:49,Friday,Finance,Vendor_027,Misc,11.38,60000,Approver_06,INV-105585
TXN-003555,2025-12-05,11:37,Friday,Operations,Vendor_046,Software,1230.66,30000,Approver_09,INV-105586
TXN-000391,2025-12-05,16:06,Friday,Finance,Vendor_017,Equipment,151.13,60000,Approver_06,INV-105587
TXN-001326,2025-12-05,18:39,Friday,Procurement,Vendor_045,Software,20000.0,50000,Approver_01,INV-105588
TXN-005927,2025-12-05,11:03,Friday,Marketing,Vendor_056,Equipment,15000.0,25000,Approver_04,INV-105589
TXN-004136,2025-12-05,23:38,Friday,Marketing,Vendor_008,Misc,1100.56,25000,Approver_04,INV-105590
TXN-002718,2025-12-05,16:56,Friday,HR,Vendor_008,Consulting,435.08,15000,Approver_08,INV-105591
TXN-002514,2025-12-05,16:54,Friday,IT,Vendor_003,Misc,150.79,40000,Approver_14,INV-105592
TXN-001401,2025-12-05,17:35,Friday,Operations,Vendor_033,Travel,251.62,30000,Approver_11,INV-105593
TXN-001860,2025-12-05,16:45,Friday,Operations,Vendor_051,Software,369.35,30000,Approver_08,INV-105594
TXN-003042,2025-12-05,17:04,Friday,Sales,Vendor_035,Software,2390.29,20000,Approver_03,INV-105595
TXN-005712,2025-12-05,16:31,Friday,Sales,Vendor_046,Utilities,1641.4,20000,Approver_12,INV-105596
TXN-000050,2025-12-05,14:44,Friday,Finance,Vendor_036,Utilities,649.83,60000,Approver_09,INV-105597
TXN-004815,2025-12-05,17:11,Friday,Procurement,Vendor_035,Consulting,945.9,50000,,INV-105598
TXN-005769,2025-12-05,16:21,Friday,Finance,Vendor_053,Misc,5890.59,60000,Approver_07,INV-105599
TXN-005972,2025-12-05,10:44,Friday,Procurement,Vendor_054,Supplies,746.61,50000,Approver_11,INV-105600
TXN-003406,2025-12-05,08:22,Friday,Procurement,Vendor_043,Travel,707.85,50000,Approver_01,INV-105601
TXN-004578,2025-12-05,13:57,Friday,Marketing,Vendor_043,Utilities,82.7,25000,Approver_14,INV-105602
TXN-001040,2025-12-05,11:53,Friday,IT,Vendor_036,Utilities,12.39,40000,Approver_01,INV-105603
TXN-004173,2025-12-08,16:45,Monday,HR,Vendor_023,Software,119.74,15000,Approver_08,INV-105604
TXN-000107,2025-12-08,10:56,Monday,HR,Vendor_007,Supplies,539.74,15000,Approver_13,INV-105605
TXN-003475,2025-12-08,16:10,Monday,Marketing,Vendor_024,Consulting,130.96,25000,Approver_08,INV-105600
TXN-001777,2025-12-08,09:30,Monday,HR,Vendor_040,Misc,22319.34,15000,Approver_14,INV-105607
TXN-004814,2025-12-08,12:33,Monday,Marketing,Vendor_008,Software,51.33,25000,Approver_07,INV-105608
TXN-004491,2025-12-08,09:01,Monday,Procurement,Vendor_049,Travel,16.39,50000,Approver_14,INV-105609
TXN-005802,2025-12-08,12:46,Monday,Finance,Vendor_052,Misc,57954.76,60000,Approver_10,INV-105610
TXN-003452,2025-12-08,15:27,Monday,HR,Vendor_054,Utilities,5986.8,15000,Approver_08,INV-105611
TXN-000813,2025-12-08,11:28,Monday,Marketing,Vendor_033,Equipment,1288.3,25000,Approver_02,INV-105612
TXN-003070,2025-12-08,18:56,Monday,IT,Vendor_004,Equipment,459.13,40000,Approver_10,INV-105613
TXN-004267,2025-12-08,15:12,Monday,IT,Vendor_020,Misc,3488.82,40000,Approver_07,INV-105614
TXN-001362,2025-12-08,10:50,Monday,HR,Vendor_009,Equipment,832.67,15000,Approver_14,INV-105615
TXN-002227,2025-12-08,14:47,Monday,Procurement,Vendor_049,Equipment,337.69,50000,Approver_05,INV-105616
TXN-004184,2025-12-08,11:07,Monday,Procurement,Vendor_036,Misc,37.51,50000,Approver_02,INV-105617
TXN-001372,2025-12-08,10:53,Monday,Marketing,Vendor_013,Utilities,884.1,25000,Approver_14,INV-105618
TXN-003184,2025-12-08,11:09,Monday,HR,Vendor_031,Supplies,146.72,15000,Approver_05,INV-105619
TXN-000738,2025-12-08,10:35,Monday,Sales,Vendor_055,Misc,1308.25,20000,Approver_07,INV-105620
TXN-003330,2025-12-08,14:34,Monday,Procurement,Vendor_005,Software,607.13,50000,Approver_02,INV-105621
TXN-002998,2025-12-08,09:36,Monday,Sales,Vendor_043,Travel,702.19,20000,Approver_08,INV-105622
TXN-001155,2025-12-08,15:01,Monday,HR,Vendor_021,Equipment,6171.74,15000,Approver_12,INV-105623
TXN-002431,2025-12-08,11:46,Monday,Operations,Vendor_047,Travel,17407.83,30000,Approver_13,INV-105624
TXN-002325,2025-12-08,17:01,Monday,Marketing,Vendor_030,Misc,19701.2,25000,Approver_04,INV-105625
TXN-004220,2025-12-08,13:04,Monday,IT,Vendor_037,Misc,51.49,40000,Approver_02,INV-105626
TXN-001180,2025-12-08,15:22,Monday,Finance,Vendor_013,Utilities,759.54,60000,Approver_10,INV-105627
TXN-002988,2025-12-08,15:51,Monday,Procurement,Vendor_037,Misc,17.63,50000,Approver_01,INV-105628
TXN-002165,2025-12-08,12:19,Monday,Procurement,Vendor_017,Consulting,59964.26,50000,Approver_15,INV-105624
TXN-002522,2025-12-08,17:41,Monday,Sales,Vendor_036,Utilities,30853.32,20000,Approver_12,INV-105630
TXN-004987,2025-12-08,08:44,Monday,HR,Vendor_046,Supplies,7359.94,15000,Approver_07,INV-105631
TXN-001407,2025-12-08,16:06,Monday,HR,Vendor_023,Travel,16.51,15000,Approver_04,INV-105632
TXN-003722,2025-12-08,11:50,Monday,Finance,Vendor_040,Travel,11845.48,60000,Approver_15,INV-105633
TXN-000018,2025-12-09,11:32,Tuesday,Operations,Vendor_032,Misc,479.41,30000,Approver_10,INV-105634
TXN-003407,2025-12-09,13:56,Tuesday,Marketing,Vendor_060,Supplies,7500.0,25000,Approver_02,INV-105635
TXN-001832,2025-12-09,15:55,Tuesday,Procurement,Vendor_014,Supplies,211.29,50000,Approver_06,INV-105636
TXN-001673,2025-12-09,11:39,Tuesday,Finance,Vendor_028,Software,805.0,60000,,INV-105637
TXN-002745,2025-12-09,16:41,Tuesday,Sales,Vendor_021,Consulting,1076.73,20000,Approver_06,INV-105638
TXN-002740,2025-12-09,10:29,Tuesday,Procurement,Vendor_042,Travel,34130.03,50000,Approver_09,INV-105639
TXN-004913,2025-12-09,13:55,Tuesday,Finance,Vendor_046,Misc,28.83,60000,Approver_10,INV-105640
TXN-002834,2025-12-09,12:27,Tuesday,IT,Vendor_047,Misc,53107.9,40000,Approver_03,INV-105641
TXN-002714,2025-12-09,12:32,Tuesday,Operations,Vendor_053,Consulting,1306.98,30000,Approver_10,INV-105642
TXN-001231,2025-12-09,12:36,Tuesday,Operations,Vendor_018,Consulting,15.14,30000,Approver_12,INV-105643
TXN-001732,2025-12-09,15:01,Tuesday,Procurement,Vendor_055,Supplies,1079.28,50000,Approver_15,INV-105644
TXN-001463,2025-12-09,12:02,Tuesday,Sales,Vendor_014,Software,76451.58,20000,Approver_09,INV-105645
TXN-002427,2025-12-09,10:52,Tuesday,IT,Vendor_011,Utilities,93.7,40000,Approver_08,INV-105646
TXN-005966,2025-12-09,15:45,Tuesday,Finance,Vendor_043,Consulting,790.5,60000,Approver_10,INV-105647
TXN-004505,2025-12-09,17:14,Tuesday,Marketing,Vendor_057,Utilities,13585.12,25000,Approver_14,INV-105648
TXN-002642,2025-12-09,12:15,Tuesday,Sales,Vendor_028,Supplies,18.3,20000,,INV-105649
TXN-002347,2025-12-09,17:58,Tuesday,HR,Vendor_049,Supplies,6511.12,15000,Approver_01,INV-105650
TXN-002142,2025-12-09,15:24,Tuesday,Sales,Vendor_018,Software,18.05,20000,Approver_04,INV-105651
TXN-001010,2025-12-09,08:06,Tuesday,HR,Vendor_054,Software,14300.82,15000,Approver_02,INV-105652
TXN-004837,2025-12-09,11:57,Tuesday,Sales,Vendor_042,Utilities,800.79,20000,Approver_14,INV-105653
TXN-001592,2025-12-09,14:02,Tuesday,IT,Vendor_036,Utilities,153.44,40000,Approver_11,INV-105654
TXN-003275,2025-12-09,11:40,Tuesday,Operations,Vendor_023,Utilities,2945.65,30000,Approver_11,INV-105655
TXN-004285,2025-12-09,11:58,Tuesday,Marketing,Vendor_003,Software,43166.94,25000,Approver_12,INV-105656
TXN-000763,2025-12-09,17:59,Tuesday,HR,Vendor_001,Equipment,3666.77,15000,Approver_10,INV-105657
TXN-004644,2025-12-09,15:04,Tuesday,Finance,Vendor_021,Utilities,1935.56,60000,Approver_14,INV-105658
TXN-000454,2025-12-09,16:36,Tuesday,Marketing,Vendor_042,Misc,10.84,25000,Approver_13,INV-105659
TXN-000246,2025-12-09,09:02,Tuesday,Sales,Vendor_057,Equipment,3255.78,20000,Approver_15,INV-105660
TXN-003834,2025-12-09,16:16,Tuesday,Operations,Vendor_038,Misc,6830.8,30000,Approver_15,INV-105661
TXN-005091,2025-12-09,15:06,Tuesday,Procurement,Vendor_034,Utilities,81.24,50000,Approver_12,INV-105662
TXN-002692,2025-12-09,12:34,Tuesday,Marketing,Vendor_026,Equipment,97.54,25000,Approver_01,INV-105663
TXN-002958,2025-12-09,15:39,Tuesday,Operations,Vendor_055,Supplies,251.45,30000,Approver_02,INV-105664
TXN-004544,2025-12-09,11:23,Tuesday,HR,Vendor_027,Travel,2035.3,15000,Approver_12,INV-105665
TXN-003279,2025-12-10,16:31,Wednesday,IT,Vendor_009,Misc,4890.02,40000,Approver_12,INV-105666
TXN-002440,2025-12-10,15:37,Wednesday,Marketing,Vendor_035,Supplies,416.59,25000,,INV-105667
TXN-001145,2025-12-10,11:12,Wednesday,Operations,Vendor_032,Software,840.66,30000,Approver_13,INV-105668
TXN-000732,2025-12-10,16:11,Wednesday,IT,Vendor_002,Misc,12.33,40000,Approver_14,INV-105669
TXN-005943,2025-12-10,14:16,Wednesday,Finance,Vendor_045,Travel,218.56,60000,Approver_14,INV-105670
TXN-005797,2025-12-10,18:36,Wednesday,IT,Vendor_039,Equipment,5246.16,40000,Approver_07,INV-105671
TXN-003908,2025-12-10,09:37,Wednesday,HR,Vendor_009,Supplies,54.58,15000,Approver_07,INV-105672
TXN-005925,2025-12-10,15:30,Wednesday,Procurement,Vendor_042,Misc,556.34,50000,Approver_05,INV-105673
TXN-002702,2025-12-10,15:35,Wednesday,Operations,Vendor_014,Travel,77637.04,30000,Approver_14,INV-105674
TXN-004211,2025-12-10,14:22,Wednesday,IT,Vendor_036,Misc,14.05,40000,Approver_02,INV-105675
TXN-002659,2025-12-10,10:40,Wednesday,Finance,Vendor_025,Software,72.43,60000,Approver_06,INV-105670
TXN-000906,2025-12-10,16:09,Wednesday,IT,Vendor_015,Consulting,112.92,40000,Approver_10,INV-105677
TXN-005389,2025-12-10,09:32,Wednesday,Sales,Vendor_012,Software,-4919.97,20000,Approver_06,INV-105678
TXN-002787,2025-12-10,14:14,Wednesday,Finance,Vendor_005,Misc,174.76,60000,Approver_05,INV-105679
TXN-005671,2025-12-10,14:58,Wednesday,Procurement,Vendor_027,Travel,248.83,50000,Approver_10,INV-105675
TXN-002791,2025-12-10,12:01,Wednesday,IT,Vendor_018,Equipment,7500.0,40000,Approver_10,INV-105681
TXN-000508,2025-12-10,14:00,Wednesday,HR,Vendor_016,Supplies,10.53,15000,Approver_11,INV-105682
TXN-002541,2025-12-10,18:02,Wednesday,Finance,Vendor_022,Travel,10254.05,60000,Approver_14,INV-105683
TXN-000928,2025-12-10,12:56,Wednesday,Finance,Vendor_005,Utilities,129.13,60000,Approver_05,INV-105684
TXN-002193,2025-12-10,18:32,Wednesday,Sales,Vendor_033,Misc,278.01,20000,Approver_10,INV-105685
TXN-003044,2025-12-10,17:36,Wednesday,Sales,Vendor_053,Software,306.8,20000,Approver_13,INV-105686
TXN-001440,2025-12-10,18:51,Wednesday,Operations,Vendor_003,Equipment,19909.68,30000,Approver_07,INV-105687
TXN-002498,2025-12-10,15:20,Wednesday,Operations,Vendor_051,Equipment,344.82,30000,Approver_14,INV-105688
TXN-002211,2025-12-10,15:37,Wednesday,Finance,Vendor_005,Consulting,567.0,60000,Approver_08,INV-105689
TXN-004094,2025-12-11,09:27,Thursday,Procurement,Vendor_056,Software,-2991.59,50000,Approver_02,INV-105690
TXN-000428,2025-12-11,17:07,Thursday,Marketing,Vendor_059,Equipment,-2905.44,25000,Approver_07,INV-105691
TXN-005716,2025-12-11,16:18,Thursday,Sales,Vendor_051,Utilities,680.65,20000,Approver_14,INV-105692
TXN-005880,2025-12-11,17:00,Thursday,Marketing,Vendor_039,Consulting,197.27,25000,Approver_11,INV-105693
TXN-005903,2025-12-11,16:18,Thursday,Procurement,Vendor_051,Misc,530.23,50000,Approver_12,INV-105694
TXN-001978,2025-12-11,13:43,Thursday,HR,Vendor_010,Misc,1116.93,15000,Approver_07,INV-105695
TXN-004469,2025-12-11,15:40,Thursday,Operations,Vendor_016,Supplies,316.18,30000,Approver_09,INV-105696
TXN-001762,2025-12-11,16:47,Thursday,IT,Vendor_013,Supplies,2899.59,40000,Approver_03,INV-105697
TXN-005326,2025-12-11,15:02,Thursday,HR,Vendor_001,Equipment,6799.99,15000,Approver_14,INV-105698
TXN-004780,2025-12-11,11:19,Thursday,Finance,Vendor_035,Utilities,-4633.87,60000,Approver_09,INV-105699
TXN-003861,2025-12-11,11:29,Thursday,Finance,Vendor_058,Equipment,22.77,60000,Approver_12,INV-105700
TXN-000715,2025-12-11,13:16,Thursday,Sales,Vendor_031,Misc,426.01,20000,Approver_12,INV-105701
TXN-001212,2025-12-11,16:12,Thursday,Sales,Vendor_027,Software,3064.85,20000,Approver_05,INV-105702
TXN-005123,2025-12-11,16:11,Thursday,Sales,Vendor_006,Equipment,19314.62,20000,Approver_13,INV-105703
TXN-000003,2025-12-11,11:58,Thursday,HR,Vendor_047,Utilities,111.34,15000,Approver_15,INV-105704
TXN-000496,2025-12-11,10:25,Thursday,Procurement,Vendor_047,Equipment,4792.46,50000,Approver_07,INV-105705
TXN-001210,2025-12-11,18:13,Thursday,Marketing,Vendor_014,Supplies,891.62,25000,Approver_15,INV-105700
TXN-005429,2025-12-11,15:29,Thursday,Marketing,Vendor_046,Utilities,201.97,25000,Approver_10,INV-105707
TXN-004303,2025-12-11,15:31,Thursday,IT,Vendor_047,Supplies,-284.15,40000,Approver_14,INV-105708
TXN-000156,2025-12-11,18:01,Thursday,IT,Vendor_045,Misc,1021.01,40000,Approver_12,INV-105709
TXN-003970,2025-12-12,17:24,Friday,Procurement,Vendor_006,Travel,11.67,50000,Approver_07,INV-105710
TXN-003892,2025-12-12,11:47,Friday,HR,Vendor_033,Consulting,14632.12,15000,Approver_02,INV-105711
TXN-005295,2025-12-12,17:19,Friday,Operations,Vendor_028,Equipment,452.15,30000,Approver_09,INV-105712
TXN-005910,2025-12-12,15:54,Friday,HR,Vendor_039,Supplies,7500.0,15000,Approver_10,INV-105713
TXN-003993,2025-12-12,15:17,Friday,Procurement,Vendor_019,Software,58018.25,50000,Approver_04,INV-105714
TXN-005230,2025-12-12,15:19,Friday,Operations,Vendor_001,Travel,5760.0,30000,Approver_09,INV-105715
TXN-003267,2025-12-12,08:58,Friday,Marketing,Vendor_024,Equipment,13.23,25000,Approver_05,INV-105716
TXN-001799,2025-12-12,08:08,Friday,IT,Vendor_051,Software,940.82,40000,Approver_09,INV-105717
TXN-001056,2025-12-12,09:57,Friday,Sales,Vendor_027,Misc,385.39,20000,Approver_10,INV-105718
TXN-001167,2025-12-12,16:56,Friday,Marketing,Vendor_030,Supplies,745.53,25000,Approver_10,INV-105719
TXN-005030,2025-12-12,12:26,Friday,Finance,Vendor_047,Software,2500.0,60000,Approver_15,INV-105720
TXN-000925,2025-12-12,11:00,Friday,Marketing,Vendor_016,Equipment,20.2,25000,Approver_04,INV-105715
TXN-005815,2025-12-12,17:03,Friday,IT,Vendor_029,Utilities,4482.1,40000,Approver_06,INV-105722
TXN-003516,2025-12-12,12:43,Friday,IT,Vendor_044,Software,4375.14,40000,Approver_09,INV-105723
TXN-002543,2025-12-12,17:04,Friday,IT,Vendor_036,Utilities,273.26,40000,Approver_05,INV-105724
TXN-003548,2025-12-12,09:16,Friday,Marketing,Vendor_012,Equipment,1796.44,25000,Approver_14,INV-105725
TXN-005834,2025-12-12,12:16,Friday,IT,Vendor_047,Misc,132.66,40000,Approver_11,INV-105726
TXN-003600,2025-12-12,17:59,Friday,Operations,Vendor_046,Supplies,1000.0,30000,Approver_01,INV-105727
TXN-000380,2025-12-12,12:31,Friday,IT,Vendor_030,Equipment,354.28,40000,Approver_03,INV-105728
TXN-004041,2025-12-12,14:44,Friday,Marketing,Vendor_054,Travel,273.62,25000,Approver_13,INV-105729
TXN-004703,2025-12-12,10:31,Friday,Procurement,Vendor_044,Supplies,327.39,50000,Approver_07,INV-105730
TXN-002069,2025-12-12,16:34,Friday,IT,Vendor_015,Utilities,6022.28,40000,Approver_01,INV-105731
TXN-005125,2025-12-12,12:03,Friday,HR,Vendor_036,Supplies,17.88,15000,Approver_07,INV-105732
TXN-003603,2025-12-12,12:02,Friday,IT,Vendor_042,Misc,9759.25,40000,Approver_07,INV-105733
TXN-005968,2025-12-12,10:58,Friday,HR,Vendor_031,Software,978.44,15000,Approver_11,INV-105734
TXN-004893,2025-12-12,15:52,Friday,Operations,Vendor_059,Supplies,188.43,30000,Approver_07,INV-105735
TXN-004068,2025-12-12,17:06,Friday,Finance,Vendor_016,Supplies,33.26,60000,Approver_13,INV-105736
TXN-003043,2025-12-12,17:47,Friday,Sales,Vendor_029,Consulting,3470.27,20000,Approver_03,INV-105737
TXN-005515,2025-12-12,10:45,Friday,Marketing,Vendor_046,Supplies,6609.83,25000,Approver_01,INV-105738
TXN-003497,2025-12-12,11:19,Friday,HR,Vendor_048,Consulting,22.3,15000,Approver_13,INV-105739
TXN-001544,2025-12-12,12:44,Friday,Finance,Vendor_019,Misc,76.79,60000,Approver_01,INV-105740
TXN-003328,2025-12-12,15:54,Friday,IT,Vendor_044,Travel,2578.14,40000,Approver_03,INV-105741
TXN-002062,2025-12-12,12:32,Friday,HR,Vendor_008,Software,149.95,15000,Approver_13,INV-105742
TXN-005149,2025-12-14,00:47,Sunday,Finance,Vendor_034,Misc,58.8,60000,Approver_11,INV-105743
TXN-000099,2025-12-15,12:56,Monday,Sales,Vendor_057,Misc,17.02,20000,Approver_13,INV-105744
TXN-000020,2025-12-15,16:59,Monday,Procurement,Vendor_007,Software,1038.93,50000,Approver_03,INV-105745
TXN-003024,2025-12-15,16:37,Monday,Sales,Vendor_055,Consulting,591.41,20000,Approver_06,INV-105746
TXN-000001,2025-12-15,10:07,Monday,Sales,Vendor_053,Software,143.22,20000,Approver_11,INV-105747
TXN-005075,2025-12-15,10:19,Monday,IT,Vendor_043,Consulting,59.49,40000,Approver_01,INV-105748
TXN-005542,2025-12-15,13:01,Monday,Sales,Vendor_045,Supplies,8137.9,20000,Approver_02,INV-105749
TXN-005422,2025-12-15,15:32,Monday,HR,Vendor_040,Travel,13671.78,15000,Approver_12,INV-105750
TXN-003341,2025-12-15,16:15,Monday,HR,Vendor_015,Misc,18.1,15000,Approver_02,INV-105751
TXN-000865,2025-12-15,13:17,Monday,IT,Vendor_028,Travel,2049.76,40000,Approver_01,INV-105752
TXN-001745,2025-12-15,18:19,Monday,Finance,Vendor_033,Utilities,368.3,60000,Approver_01,INV-105753
TXN-005424,2025-12-15,15:33,Monday,IT,Vendor_042,Travel,7915.16,40000,Approver_02,INV-105754
TXN-004525,2025-12-15,12:47,Monday,IT,Vendor_037,Utilities,327.68,40000,Approver_03,INV-105755
TXN-000295,2025-12-15,09:31,Monday,Marketing,Vendor_005,Software,786.55,25000,,INV-105756
TXN-004208,2025-12-15,11:11,Monday,Sales,Vendor_020,Travel,3213.82,20000,Approver_14,INV-105752
TXN-000429,2025-12-15,11:58,Monday,Finance,Vendor_039,Supplies,57754.69,60000,Approver_12,INV-105758
TXN-002035,2025-12-15,18:54,Monday,IT,Vendor_014,Software,2838.08,40000,Approver_06,INV-105759
TXN-004090,2025-12-15,10:19,Monday,Procurement,Vendor_051,Supplies,431.13,50000,Approver_04,INV-105760
TXN-001647,2025-12-15,10:56,Monday,Procurement,Vendor_015,Software,9879.93,50000,Approver_12,INV-105761
TXN-003458,2025-12-15,16:48,Monday,IT,Vendor_018,Misc,13074.19,40000,Approver_12,INV-105762
TXN-005578,2025-12-15,15:24,Monday,HR,Vendor_034,Supplies,116.83,15000,Approver_07,INV-105763
TXN-003460,2025-12-15,15:39,Monday,Sales,Vendor_023,Consulting,602.2,20000,Approver_01,INV-105764
TXN-002763,2025-12-16,15:16,Tuesday,Finance,Vendor_023,Utilities,5011.55,60000,Approver_04,INV-105765
TXN-005645,2025-12-16,09:57,Tuesday,Finance,Vendor_016,Supplies,7500.0,60000,Approver_13,INV-105766
TXN-003793,2025-12-16,14:23,Tuesday,Marketing,Vendor_039,Misc,14.11,25000,Approver_01,INV-105767
TXN-003930,2025-12-16,15:50,Tuesday,Sales,Vendor_036,Software,508.55,20000,Approver_01,INV-105768
TXN-005169,2025-12-16,08:42,Tuesday,Finance,Vendor_013,Supplies,6519.6,60000,Approver_06,INV-105769
TXN-001021,2025-12-16,12:25,Tuesday,HR,Vendor_040,Misc,659.34,15000,Approver_02,INV-105770
TXN-005999,2025-12-16,15:48,Tuesday,Marketing,Vendor_055,Misc,2321.36,25000,Approver_06,INV-105771
TXN-002244,2025-12-16,18:30,Tuesday,Marketing,Vendor_018,Equipment,20000.0,25000,Approver_14,INV-105772
TXN-003238,2025-12-16,08:40,Tuesday,Marketing,Vendor_036,Misc,36.56,25000,Approver_13,INV-105768
TXN-000439,2025-12-16,14:57,Tuesday,Finance,Vendor_018,Misc,12.81,60000,Approver_06,INV-105774
TXN-001321,2025-12-16,14:34,Tuesday,IT,Vendor_013,Software,127.83,40000,Approver_15,INV-105775
TXN-004715,2025-12-16,11:24,Tuesday,Procurement,Vendor_028,Consulting,254.36,50000,Approver_13,INV-105776
TXN-003659,2025-12-16,17:40,Tuesday,Finance,Vendor_035,Travel,57835.76,60000,Approver_09,INV-105777
TXN-002363,2025-12-16,10:04,Tuesday,Marketing,Vendor_033,Consulting,685.36,25000,Approver_04,INV-105778
TXN-003058,2025-12-16,15:52,Tuesday,Procurement,Vendor_014,Consulting,19.33,50000,Approver_13,INV-105779
TXN-004948,2025-12-16,10:24,Tuesday,Sales,Vendor_005,Travel,51.18,20000,Approver_02,INV-105780
TXN-005187,2025-12-16,12:22,Tuesday,Finance,Vendor_022,Consulting,9737.22,60000,Approver_11,INV-105781
TXN-004086,2025-12-16,10:12,Tuesday,Procurement,Vendor_057,Travel,466.39,50000,Approver_13,INV-105782
TXN-005114,2025-12-17,08:55,Wednesday,Marketing,Vendor_005,Travel,261.77,25000,Approver_12,INV-105783
TXN-000312,2025-12-17,15:42,Wednesday,Operations,Vendor_047,Misc,8859.22,30000,Approver_06,INV-105784
TXN-001603,2025-12-17,17:21,Wednesday,HR,Vendor_051,Equipment,6505.22,15000,Approver_04,INV-105785
TXN-001916,2025-12-17,13:20,Wednesday,Operations,Vendor_027,Travel,12.83,30000,Approver_13,INV-105786
TXN-000798,2025-12-17,12:36,Wednesday,Procurement,Vendor_012,Equipment,1105.76,50000,Approver_01,INV-105787
TXN-001038,2025-12-17,17:35,Wednesday,Finance,Vendor_003,Utilities,299.46,60000,Approver_05,INV-105788
TXN-004909,2025-12-17,11:40,Wednesday,Finance,Vendor_015,Travel,969.89,60000,Approver_01,INV-105789
TXN-004471,2025-12-17,12:41,Wednesday,HR,Vendor_033,Travel,4266.52,15000,Approver_10,INV-105790
TXN-003480,2025-12-17,16:34,Wednesday,Finance,Vendor_038,Misc,479.31,60000,Approver_10,INV-105791
TXN-001880,2025-12-17,14:39,Wednesday,HR,Vendor_043,Travel,74363.08,15000,Approver_10,INV-105792
TXN-000893,2025-12-17,10:19,Wednesday,Finance,Vendor_047,Travel,206.12,60000,Approver_02,INV-105793
TXN-003840,2025-12-17,10:09,Wednesday,Operations,Vendor_059,Consulting,62291.88,30000,,INV-105794
TXN-005062,2025-12-17,16:31,Wednesday,Procurement,Vendor_014,Travel,242.09,50000,Approver_12,INV-105795
TXN-003579,2025-12-17,17:36,Wednesday,HR,Vendor_049,Travel,548.0,15000,Approver_05,INV-105796
TXN-002407,2025-12-17,11:50,Wednesday,HR,Vendor_030,Utilities,356.6,15000,Approver_05,INV-105797
TXN-005773,2025-12-17,09:57,Wednesday,IT,Vendor_021,Equipment,6854.91,40000,Approver_07,INV-105798
TXN-004464,2025-12-17,18:52,Wednesday,Finance,Vendor_006,Travel,1179.16,60000,Approver_13,INV-105799
TXN-005139,2025-12-17,15:36,Wednesday,Finance,Vendor_019,Software,8438.73,60000,Approver_06,INV-105800
TXN-000803,2025-12-17,11:31,Wednesday,IT,Vendor_033,Software,422.76,40000,Approver_14,INV-105796
TXN-004848,2025-12-17,17:12,Wednesday,IT,Vendor_007,Misc,2039.39,40000,Approver_06,INV-105802
TXN-001198,2025-12-17,17:46,Wednesday,IT,Vendor_037,Equipment,463.65,40000,Approver_03,INV-105799
TXN-005871,2025-12-17,12:39,Wednesday,Procurement,Vendor_004,Consulting,74.35,50000,Approver_04,INV-105804
TXN-004623,2025-12-18,10:54,Thursday,IT,Vendor_021,Equipment,39741.54,40000,Approver_06,INV-105799
TXN-003050,2025-12-18,11:26,Thursday,Operations,Vendor_010,Utilities,53875.73,30000,Approver_02,INV-105797
TXN-001254,2025-12-18,17:44,Thursday,Procurement,Vendor_051,Equipment,557.29,50000,Approver_03,INV-105807
TXN-005611,2025-12-18,12:18,Thursday,Procurement,Vendor_029,Utilities,175.8,50000,Approver_01,INV-105808
TXN-004273,2025-12-18,13:47,Thursday,Operations,Vendor_032,Consulting,16432.83,30000,Approver_14,INV-105809
TXN-004255,2025-12-18,08:31,Thursday,HR,Vendor_051,Consulting,1628.37,15000,Approver_05,INV-105810
TXN-003566,2025-12-18,09:30,Thursday,Procurement,Vendor_020,Consulting,2452.72,50000,Approver_03,INV-105811
TXN-001054,2025-12-18,10:05,Thursday,HR,Vendor_009,Consulting,289.05,15000,Approver_13,INV-105812
TXN-004138,2025-12-18,15:17,Thursday,Finance,Vendor_017,Consulting,246.3,60000,Approver_13,INV-105813
TXN-005641,2025-12-18,11:28,Thursday,IT,Vendor_020,Utilities,1450.85,40000,Approver_09,INV-105814
TXN-001926,2025-12-18,12:32,Thursday,Finance,Vendor_049,Utilities,97.74,60000,Approver_13,INV-105815
TXN-001359,2025-12-18,16:13,Thursday,Sales,Vendor_053,Misc,1246.05,20000,Approver_03,INV-105816
TXN-005989,2025-12-18,16:47,Thursday,Marketing,Vendor_003,Travel,133.24,25000,Approver_02,INV-105817
TXN-001213,2025-12-18,14:28,Thursday,Procurement,Vendor_022,Supplies,1043.42,50000,Approver_09,INV-105818
TXN-001888,2025-12-18,12:21,Thursday,Procurement,Vendor_005,Utilities,170.85,50000,Approver_12,INV-105819
TXN-005305,2025-12-18,11:59,Thursday,Finance,Vendor_005,Misc,2310.84,60000,Approver_04,INV-105820
TXN-004881,2025-12-18,14:55,Thursday,Sales,Vendor_009,Utilities,329.6,20000,Approver_06,INV-105821
TXN-000587,2025-12-18,12:47,Thursday,Sales,Vendor_049,Utilities,73378.9,20000,Approver_06,INV-105822
TXN-004323,2025-12-19,15:49,Friday,IT,Vendor_021,Misc,120.75,40000,,INV-105823
TXN-002777,2025-12-19,15:54,Friday,Finance,Vendor_022,Equipment,98.29,60000,Approver_03,INV-105824
TXN-002762,2025-12-19,15:33,Friday,HR,Vendor_025,Equipment,1867.4,15000,Approver_08,INV-105825
TXN-004527,2025-12-19,18:30,Friday,HR,Vendor_049,Consulting,3628.42,15000,Approver_08,INV-105826
TXN-000151,2025-12-19,16:48,Friday,Sales,Vendor_028,Software,5335.43,20000,Approver_04,INV-105827
TXN-001327,2025-12-19,00:00,Friday,HR,Vendor_043,Equipment,2151.04,15000,Approver_13,INV-105828
TXN-004361,2025-12-19,12:22,Friday,HR,Vendor_017,Misc,34297.97,15000,Approver_12,INV-105829
TXN-005458,2025-12-19,16:51,Friday,Sales,Vendor_050,Equipment,95.33,20000,Approver_12,INV-105830
TXN-003651,2025-12-19,11:18,Friday,Finance,Vendor_001,Equipment,35004.93,60000,Approver_13,INV-105831
TXN-003517,2025-12-19,15:20,Friday,Procurement,Vendor_028,Travel,9972.49,50000,Approver_04,INV-105832
TXN-003300,2025-12-19,17:19,Friday,Procurement,Vendor_001,Misc,1029.93,50000,Approver_14,INV-105833
TXN-005532,2025-12-19,11:50,Friday,Finance,Vendor_048,Supplies,30.1,60000,Approver_11,INV-105834
TXN-004342,2025-12-19,18:09,Friday,IT,Vendor_035,Consulting,272.87,40000,Approver_02,INV-105835
TXN-005052,2025-12-19,09:53,Friday,Sales,Vendor_007,Equipment,182.42,20000,Approver_15,INV-105836
TXN-005150,2025-12-20,12:44,Saturday,Operations,Vendor_038,Equipment,2636.9,30000,Approver_03,INV-105837
TXN-000507,2025-12-21,00:23,Sunday,Procurement,Vendor_049,Software,17481.48,50000,Approver_03,INV-105838
TXN-005375,2025-12-22,09:10,Monday,Operations,Vendor_020,Utilities,32959.68,30000,Approver_07,INV-105839
TXN-000754,2025-12-22,11:44,Monday,HR,Vendor_039,Travel,17.06,15000,Approver_12,INV-105840
TXN-003910,2025-12-22,22:28,Monday,IT,Vendor_032,Misc,504.07,40000,Approver_12,INV-105841
TXN-004510,2025-12-22,15:06,Monday,Sales,Vendor_029,Consulting,7968.24,20000,Approver_02,INV-105842
TXN-005104,2025-12-22,17:12,Monday,Procurement,Vendor_010,Supplies,4803.99,50000,Approver_15,INV-105843
TXN-003851,2025-12-22,12:42,Monday,Marketing,Vendor_039,Consulting,812.95,25000,Approver_05,INV-105844
TXN-002690,2025-12-22,15:07,Monday,Sales,Vendor_013,Misc,24.88,20000,Approver_10,INV-105845
TXN-000452,2025-12-22,14:18,Monday,HR,Vendor_052,Software,1561.12,15000,Approver_13,INV-105846
TXN-005886,2025-12-22,13:16,Monday,Procurement,Vendor_025,Travel,181.21,50000,Approver_13,INV-105847
TXN-003998,2025-12-22,11:04,Monday,Finance,Vendor_038,Supplies,-496.36,60000,,INV-105848
TXN-005269,2025-12-22,16:52,Monday,Marketing,Vendor_011,Travel,5206.92,25000,Approver_13,INV-105849
TXN-000220,2025-12-22,14:47,Monday,Sales,Vendor_052,Travel,132.55,20000,Approver_01,INV-105850
TXN-004978,2025-12-22,11:10,Monday,IT,Vendor_044,Consulting,39656.65,40000,Approver_07,INV-105851
TXN-001080,2025-12-22,13:58,Monday,Marketing,Vendor_016,Utilities,744.39,25000,Approver_01,INV-105852
TXN-003335,2025-12-22,15:17,Monday,Finance,Vendor_060,Misc,2195.62,60000,,INV-105853
TXN-000743,2025-12-22,17:42,Monday,Finance,Vendor_006,Supplies,12.21,60000,Approver_05,INV-105854
TXN-001059,2025-12-22,08:50,Monday,HR,Vendor_007,Consulting,378.51,15000,Approver_10,INV-105855
TXN-004976,2025-12-22,11:15,Monday,HR,Vendor_054,Equipment,489.8,15000,Approver_14,INV-105856
TXN-001062,2025-12-22,10:37,Monday,Procurement,Vendor_048,Equipment,1000.0,50000,Approver_10,INV-105857
TXN-000303,2025-12-22,09:42,Monday,Procurement,Vendor_010,Utilities,-2603.52,50000,Approver_12,INV-105858
TXN-004773,2025-12-22,13:29,Monday,Procurement,Vendor_028,Utilities,632.94,50000,Approver_15,INV-105859
TXN-000130,2025-12-22,15:37,Monday,Marketing,Vendor_023,Supplies,76.14,25000,Approver_09,INV-105860
TXN-005072,2025-12-23,18:03,Tuesday,IT,Vendor_030,Consulting,991.65,40000,Approver_03,INV-105861
TXN-000614,2025-12-23,09:53,Tuesday,Operations,Vendor_014,Equipment,185.26,30000,Approver_13,INV-105862
TXN-001508,2025-12-23,12:49,Tuesday,Marketing,Vendor_058,Equipment,208.1,25000,Approver_13,INV-105863
TXN-004919,2025-12-23,11:10,Tuesday,Operations,Vendor_052,Software,3018.92,30000,Approver_15,INV-105864
TXN-000267,2025-12-23,10:48,Tuesday,Sales,Vendor_054,Consulting,29.28,20000,Approver_06,INV-105865
TXN-001340,2025-12-23,13:43,Tuesday,Procurement,Vendor_034,Travel,8645.18,50000,Approver_15,INV-105866
TXN-000329,2025-12-23,15:39,Tuesday,Finance,Vendor_022,Misc,20.15,60000,Approver_03,INV-105867
TXN-005806,2025-12-23,14:46,Tuesday,HR,Vendor_028,Equipment,49.27,15000,Approver_13,INV-105868
TXN-005195,2025-12-23,13:47,Tuesday,Sales,Vendor_015,Software,5952.21,20000,Approver_07,INV-105869
TXN-001484,2025-12-23,12:37,Tuesday,Operations,Vendor_015,Software,11.54,30000,Approver_08,INV-105870
TXN-000463,2025-12-23,15:13,Tuesday,Finance,Vendor_036,Utilities,7294.73,60000,Approver_06,INV-105871
TXN-002813,2025-12-23,16:43,Tuesday,Sales,Vendor_013,Travel,18.17,20000,Approver_10,INV-105872
TXN-002360,2025-12-23,17:31,Tuesday,Marketing,Vendor_015,Software,23289.31,25000,Approver_04,INV-105873
TXN-000805,2025-12-23,16:37,Tuesday,Procurement,Vendor_053,Consulting,425.81,50000,Approver_09,INV-105874
TXN-004813,2025-12-23,13:18,Tuesday,HR,Vendor_058,Utilities,2249.26,15000,Approver_13,INV-105875
TXN-004458,2025-12-23,17:13,Tuesday,Operations,Vendor_045,Utilities,5303.85,30000,Approver_05,INV-105876
TXN-003599,2025-12-23,14:13,Tuesday,IT,Vendor_006,Consulting,28.9,40000,Approver_11,INV-105877
TXN-001390,2025-12-23,13:04,Tuesday,Finance,Vendor_021,Supplies,59529.33,60000,Approver_09,INV-105878
TXN-000382,2025-12-23,16:32,Tuesday,Sales,Vendor_032,Consulting,107.44,20000,Approver_06,INV-105879
TXN-004385,2025-12-23,17:39,Tuesday,Operations,Vendor_019,Software,213.14,30000,Approver_11,INV-105880
TXN-002103,2025-12-23,12:52,Tuesday,Sales,Vendor_047,Software,1241.16,20000,Approver_06,INV-105881
TXN-004049,2025-12-23,15:32,Tuesday,Marketing,Vendor_046,Travel,1076.02,25000,Approver_14,INV-105882
TXN-005003,2025-12-23,15:55,Tuesday,IT,Vendor_014,Utilities,14.18,40000,Approver_09,INV-105883
TXN-004246,2025-12-24,11:31,Wednesday,HR,Vendor_050,Supplies,343.67,15000,Approver_05,INV-105884
TXN-002305,2025-12-24,12:57,Wednesday,Marketing,Vendor_045,Consulting,240.87,25000,Approver_03,INV-105885
TXN-000290,2025-12-24,09:01,Wednesday,Marketing,Vendor_008,Misc,4643.6,25000,Approver_02,INV-105886
TXN-000713,2025-12-24,16:03,Wednesday,IT,Vendor_029,Consulting,7382.49,40000,Approver_08,INV-105887
TXN-001766,2025-12-24,10:00,Wednesday,Operations,Vendor_049,Misc,2887.41,30000,Approver_09,INV-105888
TXN-001765,2025-12-24,10:59,Wednesday,IT,Vendor_028,Software,1296.32,40000,Approver_05,INV-105889
TXN-001584,2025-12-24,14:04,Wednesday,Procurement,Vendor_058,Travel,334.18,50000,Approver_09,INV-105890
TXN-004747,2025-12-24,16:59,Wednesday,Finance,Vendor_047,Supplies,2745.09,60000,Approver_05,INV-105891
TXN-005964,2025-12-24,15:32,Wednesday,Sales,Vendor_006,Travel,19321.73,20000,Approver_15,INV-105892
TXN-002410,2025-12-24,18:57,Wednesday,Marketing,Vendor_046,Travel,1969.96,25000,Approver_03,INV-105893
TXN-002348,2025-12-24,09:16,Wednesday,Procurement,Vendor_004,Supplies,100.64,50000,Approver_06,INV-105894
TXN-004437,2025-12-24,08:17,Wednesday,Procurement,Vendor_043,Software,160.43,50000,Approver_03,INV-105895
TXN-004705,2025-12-24,14:38,Wednesday,Operations,Vendor_038,Supplies,86.16,30000,Approver_14,INV-105896
TXN-004729,2025-12-24,14:57,Wednesday,Sales,Vendor_043,Travel,78779.5,20000,Approver_06,INV-105897
TXN-001072,2025-12-24,00:38,Wednesday,Sales,Vendor_038,Misc,412.68,20000,Approver_01,INV-105894
TXN-005908,2025-12-24,09:14,Wednesday,Procurement,Vendor_045,Equipment,1101.47,50000,Approver_05,INV-105899
TXN-002620,2025-12-24,09:38,Wednesday,Marketing,Vendor_053,Equipment,317.5,25000,Approver_05,INV-105900
TXN-003550,2025-12-24,15:35,Wednesday,Operations,Vendor_022,Equipment,1353.16,30000,Approver_04,INV-105901
TXN-001939,2025-12-24,18:50,Wednesday,Marketing,Vendor_006,Utilities,3514.04,25000,,INV-105902
TXN-000355,2025-12-24,16:55,Wednesday,IT,Vendor_006,Consulting,19565.72,40000,Approver_01,INV-105903
TXN-005598,2025-12-24,16:27,Wednesday,Operations,Vendor_018,Equipment,2221.66,30000,Approver_14,INV-105904
TXN-001467,2025-12-25,15:02,Thursday,Marketing,Vendor_042,Travel,24136.75,25000,Approver_03,INV-105905
TXN-004615,2025-12-25,17:32,Thursday,Sales,Vendor_008,Equipment,308.98,20000,Approver_03,INV-105906
TXN-000735,2025-12-25,15:03,Thursday,IT,Vendor_009,Travel,63.82,40000,Approver_12,INV-105907
TXN-000890,2025-12-25,15:08,Thursday,Operations,Vendor_055,Misc,260.28,30000,Approver_01,INV-105908
TXN-002810,2025-12-25,17:35,Thursday,Sales,Vendor_010,Consulting,34.13,20000,Approver_12,INV-105909
TXN-002875,2025-12-25,16:17,Thursday,Finance,Vendor_022,Misc,1589.28,60000,Approver_01,INV-105910
TXN-000012,2025-12-25,09:14,Thursday,Finance,Vendor_032,Software,-205.57,60000,Approver_07,INV-105911
TXN-002168,2025-12-25,14:18,Thursday,IT,Vendor_035,Software,55.71,40000,Approver_06,INV-105912
TXN-004867,2025-12-25,15:59,Thursday,IT,Vendor_036,Equipment,761.53,40000,Approver_10,INV-105913
TXN-001935,2025-12-25,11:46,Thursday,Finance,Vendor_054,Consulting,2500.0,60000,Approver_13,INV-105914
TXN-004249,2025-12-25,08:43,Thursday,Procurement,Vendor_044,Misc,220.16,50000,Approver_05,INV-105915
TXN-000802,2025-12-25,16:21,Thursday,Finance,Vendor_058,Consulting,7359.62,60000,Approver_07,INV-105916
TXN-004543,2025-12-25,11:01,Thursday,Marketing,Vendor_048,Equipment,1212.1,25000,Approver_11,INV-105917
TXN-001703,2025-12-25,09:23,Thursday,Finance,Vendor_024,Software,14758.34,60000,Approver_09,INV-105918
TXN-000936,2025-12-25,13:21,Thursday,HR,Vendor_016,Misc,10.97,15000,Approver_06,INV-105919
TXN-002760,2025-12-25,09:28,Thursday,Operations,Vendor_026,Software,78.11,30000,Approver_02,INV-105920
TXN-005253,2025-12-25,16:22,Thursday,Marketing,Vendor_047,Supplies,27264.74,25000,Approver_06,INV-105921
TXN-004187,2025-12-25,13:10,Thursday,Procurement,Vendor_052,Supplies,5705.09,50000,Approver_09,INV-105922
TXN-001709,2025-12-25,16:07,Thursday,IT,Vendor_042,Misc,3148.62,40000,Approver_02,INV-105923
TXN-003496,2025-12-25,10:26,Thursday,Operations,Vendor_021,Travel,45727.36,30000,Approver_03,INV-105924
TXN-004740,2025-12-25,17:46,Thursday,Finance,Vendor_011,Consulting,1632.64,60000,Approver_14,INV-105925
TXN-005715,2025-12-25,10:21,Thursday,HR,Vendor_014,Misc,1274.33,15000,Approver_14,INV-105926
TXN-005200,2025-12-25,10:31,Thursday,Operations,Vendor_045,Misc,6343.13,30000,Approver_06,INV-105927
TXN-001905,2025-12-25,17:46,Thursday,HR,Vendor_058,Misc,3638.26,15000,Approver_12,INV-105928
TXN-005562,2025-12-25,08:26,Thursday,Finance,Vendor_059,Misc,573.89,60000,Approver_09,INV-105929
TXN-001717,2025-12-25,12:28,Thursday,Operations,Vendor_025,Travel,251.89,30000,Approver_05,INV-105930
TXN-003249,2025-12-26,17:50,Friday,IT,Vendor_057,Equipment,19.57,40000,Approver_10,INV-105931
TXN-001031,2025-12-26,12:57,Friday,IT,Vendor_031,Utilities,107.49,40000,Approver_06,INV-105932
TXN-001280,2025-12-26,14:15,Friday,Marketing,Vendor_009,Equipment,2307.43,25000,Approver_03,INV-105933
TXN-003484,2025-12-26,13:17,Friday,Marketing,Vendor_033,Misc,2377.03,25000,Approver_05,INV-105934
TXN-005276,2025-12-26,16:42,Friday,IT,Vendor_046,Supplies,18.26,40000,Approver_10,INV-105935
TXN-003984,2025-12-26,15:53,Friday,Finance,Vendor_015,Equipment,54179.31,60000,Approver_04,INV-105936
TXN-004304,2025-12-26,10:28,Friday,HR,Vendor_044,Misc,15.28,15000,Approver_03,INV-105937
TXN-002889,2025-12-26,12:23,Friday,IT,Vendor_020,Utilities,316.83,40000,Approver_12,INV-105938
TXN-002896,2025-12-26,15:10,Friday,Finance,Vendor_046,Consulting,246.44,60000,Approver_03,INV-105939
TXN-005409,2025-12-26,15:16,Friday,IT,Vendor_042,Software,124.93,40000,Approver_13,INV-105940
TXN-000421,2025-12-26,11:27,Friday,Finance,Vendor_024,Supplies,220.49,60000,Approver_15,INV-105941
TXN-002939,2025-12-26,15:26,Friday,HR,Vendor_059,Software,90.51,15000,Approver_07,INV-105942
TXN-005312,2025-12-26,12:36,Friday,Procurement,Vendor_012,Supplies,507.42,50000,Approver_12,INV-105943
TXN-003811,2025-12-26,09:28,Friday,Sales,Vendor_022,Consulting,394.57,20000,Approver_02,INV-105944
TXN-002599,2025-12-26,17:44,Friday,Procurement,Vendor_019,Supplies,13.97,50000,,INV-105945
TXN-003284,2025-12-26,10:34,Friday,Operations,Vendor_058,Software,14239.3,30000,Approver_02,INV-105946
TXN-005028,2025-12-26,08:58,Friday,IT,Vendor_012,Utilities,11.87,40000,Approver_12,INV-105947
TXN-003395,2025-12-26,13:34,Friday,Finance,Vendor_005,Equipment,665.09,60000,Approver_05,INV-105948
TXN-002371,2025-12-26,17:05,Friday,Finance,Vendor_027,Utilities,59094.99,60000,Approver_09,INV-105949
TXN-004802,2025-12-26,17:27,Friday,Procurement,Vendor_041,Consulting,104.38,50000,Approver_10,INV-105950
TXN-005917,2025-12-26,11:04,Friday,Procurement,Vendor_007,Utilities,925.43,50000,Approver_07,INV-105951
TXN-004065,2025-12-26,11:59,Friday,HR,Vendor_053,Supplies,819.83,15000,Approver_15,INV-105952
TXN-005455,2025-12-26,11:36,Friday,Operations,Vendor_007,Consulting,42.12,30000,Approver_02,INV-105953
TXN-003317,2025-12-26,10:58,Friday,Procurement,Vendor_023,Misc,16041.85,50000,Approver_07,INV-105949
TXN-004339,2025-12-26,10:23,Friday,Marketing,Vendor_029,Equipment,122.13,25000,Approver_07,INV-105955
TXN-001835,2025-12-26,18:21,Friday,HR,Vendor_059,Utilities,470.51,15000,Approver_15,INV-105956
TXN-000011,2025-12-26,11:34,Friday,IT,Vendor_055,Misc,131.7,40000,Approver_01,INV-105957
TXN-000146,2025-12-26,15:02,Friday,Procurement,Vendor_050,Software,3933.48,50000,Approver_15,INV-105958
TXN-004167,2025-12-26,18:41,Friday,Marketing,Vendor_060,Travel,-3023.67,25000,Approver_07,INV-105959
TXN-004410,2025-12-26,11:08,Friday,IT,Vendor_004,Supplies,847.01,40000,Approver_12,INV-105960
TXN-002749,2025-12-26,10:15,Friday,HR,Vendor_043,Misc,823.88,15000,Approver_10,INV-105961
TXN-002754,2025-12-27,13:53,Saturday,Finance,Vendor_042,Supplies,81469.27,60000,Approver_08,INV-105962
TXN-002493,2025-12-28,04:11,Sunday,Operations,Vendor_016,Supplies,52.7,30000,Approver_08,INV-105963
TXN-005348,2025-12-29,12:11,Monday,Marketing,Vendor_030,Misc,307.56,25000,Approver_05,INV-105964
TXN-004126,2025-12-29,14:09,Monday,Operations,Vendor_018,Travel,792.21,30000,Approver_01,INV-105965
TXN-002372,2025-12-29,10:04,Monday,HR,Vendor_015,Software,698.36,15000,Approver_03,INV-105966
TXN-004890,2025-12-29,11:09,Monday,Operations,Vendor_018,Consulting,134.96,30000,Approver_13,INV-105967
TXN-002994,2025-12-29,11:29,Monday,Sales,Vendor_053,Supplies,35.46,20000,Approver_08,INV-105968
TXN-000089,2025-12-29,10:12,Monday,Finance,Vendor_012,Software,12.61,60000,Approver_08,INV-105969
TXN-002455,2025-12-29,12:56,Monday,Sales,Vendor_020,Software,49.32,20000,Approver_02,INV-105970
TXN-003003,2025-12-29,15:53,Monday,Marketing,Vendor_032,Software,753.25,25000,Approver_08,INV-105971
TXN-001012,2025-12-29,14:03,Monday,Finance,Vendor_036,Software,7500.0,60000,Approver_01,INV-105972
TXN-002306,2025-12-29,16:23,Monday,Marketing,Vendor_017,Supplies,1233.48,25000,Approver_11,INV-105973
TXN-000504,2025-12-29,12:29,Monday,Sales,Vendor_023,Consulting,22379.71,20000,Approver_05,INV-105974
TXN-001816,2025-12-29,17:35,Monday,Finance,Vendor_037,Equipment,176.96,60000,Approver_01,INV-105975
TXN-000273,2025-12-29,12:41,Monday,Finance,Vendor_037,Supplies,205.69,60000,Approver_05,INV-105976
TXN-000427,2025-12-29,11:46,Monday,Procurement,Vendor_003,Supplies,-4371.45,50000,Approver_08,INV-105977
TXN-002662,2025-12-29,10:34,Monday,Operations,Vendor_021,Misc,9225.72,30000,Approver_12,INV-105978
TXN-005079,2025-12-29,17:28,Monday,Procurement,Vendor_053,Travel,13.74,50000,Approver_05,INV-105979
TXN-001902,2025-12-30,17:09,Tuesday,IT,Vendor_017,Utilities,4299.64,40000,Approver_14,INV-105980
TXN-004278,2025-12-30,12:23,Tuesday,Marketing,Vendor_007,Utilities,4138.83,25000,Approver_12,INV-105981
TXN-003408,2025-12-30,14:32,Tuesday,IT,Vendor_027,Utilities,96093.15,40000,Approver_13,INV-105982
TXN-000004,2025-12-30,14:56,Tuesday,IT,Vendor_025,Software,40.51,40000,,INV-105983
TXN-003839,2025-12-30,12:15,Tuesday,Operations,Vendor_044,Utilities,1194.49,30000,Approver_11,INV-105984
TXN-000398,2025-12-30,10:58,Tuesday,Sales,Vendor_037,Utilities,-879.08,20000,Approver_05,INV-105985
TXN-001150,2025-12-30,11:53,Tuesday,Sales,Vendor_025,Travel,312.46,20000,,INV-105986
TXN-002482,2025-12-30,13:18,Tuesday,HR,Vendor_021,Consulting,1015.12,15000,Approver_04,INV-105987
TXN-001791,2025-12-30,14:47,Tuesday,Marketing,Vendor_042,Utilities,15.22,25000,Approver_02,INV-105988
TXN-000983,2025-12-30,11:57,Tuesday,Marketing,Vendor_028,Equipment,5529.95,25000,Approver_07,INV-105989
TXN-005624,2025-12-30,15:47,Tuesday,Procurement,Vendor_019,Utilities,27.77,50000,Approver_06,INV-105990
TXN-005298,2025-12-30,11:53,Tuesday,HR,Vendor_042,Utilities,102.29,15000,Approver_10,INV-105991
TXN-003959,2025-12-30,15:53,Tuesday,Finance,Vendor_010,Equipment,5619.04,60000,Approver_15,INV-105992
TXN-004232,2025-12-30,14:09,Tuesday,IT,Vendor_032,Travel,9101.73,40000,Approver_10,INV-105993
TXN-001945,2025-12-30,11:43,Tuesday,Marketing,Vendor_042,Misc,837.96,25000,Approver_14,INV-105994
TXN-002868,2025-12-30,15:43,Tuesday,IT,Vendor_056,Utilities,148.82,40000,Approver_11,INV-105995
TXN-003361,2025-12-30,15:06,Tuesday,Marketing,Vendor_001,Misc,4773.6,25000,Approver_13,INV-105996
TXN-002913,2025-12-30,13:32,Tuesday,HR,Vendor_028,Software,661.69,15000,Approver_07,INV-105997
TXN-002564,2025-12-30,11:37,Tuesday,Finance,Vendor_035,Misc,771.03,60000,Approver_12,INV-105998
TXN-004742,2025-12-30,12:38,Tuesday,Marketing,Vendor_023,Software,10.27,25000,Approver_02,INV-105999
TXN-004048-D,2025-04-01,15:45,Tuesday,Operations,Vendor_058,Software,36.23,30000,Approver_11,INV-101483
TXN-005491-D,2025-05-12,11:34,Monday,Marketing,Vendor_039,Software,711.93,25000,Approver_05,INV-102185
TXN-004811-D,2025-05-30,10:38,Friday,Operations,Vendor_022,Misc,3092.57,30000,Approver_07,INV-102520
TXN-003522-D,2025-08-13,14:38,Wednesday,Operations,Vendor_028,Consulting,160.74,30000,Approver_06,INV-103721
TXN-000084-D,2025-08-13,12:01,Wednesday,Procurement,Vendor_003,Misc,806.25,50000,Approver_03,INV-103727
TXN-003258-D,2025-09-30,11:23,Tuesday,Sales,Vendor_048,Supplies,77.45,20000,Approver_10,INV-104524
TXN-003432-D,2025-01-15,16:58,Wednesday,Finance,Vendor_038,Misc,-1953.08,60000,Approver_09,INV-100234
TXN-002295-D,2025-10-14,17:22,Tuesday,Sales,Vendor_042,Software,150.89,20000,Approver_03,INV-104735
TXN-005375-D,2025-12-22,09:10,Monday,Operations,Vendor_020,Utilities,32959.68,30000,Approver_07,INV-105839
TXN-002288-D,2025-06-26,16:00,Thursday,HR,Vendor_052,Equipment,72.88,15000,Approver_09,INV-102939
TXN-002114-D,2025-07-03,18:48,Thursday,HR,Vendor_040,Utilities,13858.12,15000,Approver_07,INV-103053
TXN-001170-D,2025-02-24,11:13,Monday,Operations,Vendor_038,Utilities,15000.0,30000,Approver_06,INV-100867
TXN-000470-D,2025-01-16,18:45,Thursday,Marketing,Vendor_029,Software,208.94,25000,Approver_01,INV-100276
TXN-005773-D,2025-12-17,09:57,Wednesday,IT,Vendor_021,Equipment,6854.91,40000,Approver_07,INV-105798
TXN-001708-D,2025-08-01,14:37,Friday,Finance,Vendor_034,Supplies,27.61,60000,Approver_15,INV-103512
TXN-004909-D,2025-12-17,11:40,Wednesday,Finance,Vendor_015,Travel,969.89,60000,Approver_01,INV-105789
TXN-004762-D,2025-07-14,15:29,Monday,Procurement,Vendor_030,Travel,3584.52,50000,Approver_02,INV-103198
TXN-000890-D,2025-12-25,15:08,Thursday,Operations,Vendor_055,Misc,260.28,30000,Approver_01,INV-105908
TXN-001056-D,2025-12-12,09:57,Friday,Sales,Vendor_027,Misc,385.39,20000,Approver_10,INV-105718
TXN-002280-D,2025-06-11,11:06,Wednesday,Operations,Vendor_058,Software,600.18,30000,Approver_02,INV-102687
TXN-003178-D,2025-01-15,10:37,Wednesday,Procurement,Vendor_010,Utilities,563.86,50000,Approver_04,INV-100250
TXN-003697-D,2025-11-27,09:47,Thursday,Finance,Vendor_001,Software,1102.99,60000,,INV-105461
TXN-003093-D,2025-07-03,21:46,Thursday,HR,Vendor_015,Travel,492.17,15000,Approver_06,INV-103052
TXN-002113-D,2025-06-12,12:06,Thursday,HR,Vendor_034,Consulting,5000.0,15000,Approver_01,INV-102711
TXN-004194-D,2025-08-15,11:31,Friday,HR,Vendor_023,Misc,9066.64,15000,Approver_12,INV-103771
TXN-001791-D,2025-12-30,14:47,Tuesday,Marketing,Vendor_042,Utilities,15.22,25000,Approver_02,INV-105988
TXN-001463-D,2025-12-09,12:02,Tuesday,Sales,Vendor_014,Software,76451.58,20000,Approver_09,INV-105645
TXN-002604-D,2025-10-07,16:28,Tuesday,Sales,Vendor_051,Misc,29.47,20000,Approver_09,INV-104617
TXN-004584-D,2025-01-22,10:33,Wednesday,Procurement,Vendor_051,Supplies,97.84,50000,Approver_12,INV-100368
TXN-004629-D,2025-10-27,11:15,Monday,IT,Vendor_048,Equipment,1631.66,40000,Approver_09,INV-104916
TXN-004309-D,2025-04-15,10:18,Tuesday,HR,Vendor_034,Equipment,146.46,15000,Approver_14,INV-101729
TXN-001598-D,2025-08-22,15:48,Friday,IT,Vendor_002,Consulting,12.38,40000,Approver_01,INV-103875
TXN-001103-D,2025-01-08,15:05,Wednesday,IT,Vendor_057,Equipment,1849.57,40000,Approver_01,INV-100125
TXN-001287-D,2025-04-30,12:40,Wednesday,Sales,Vendor_009,Misc,691.14,20000,Approver_05,INV-101988
TXN-000014-D,2025-03-03,15:05,Monday,HR,Vendor_058,Misc,165.36,15000,Approver_14,INV-100984
TXN-003169-D,2025-08-27,10:47,Wednesday,IT,Vendor_052,Travel,300.17,40000,Approver_05,INV-103953
TXN-002831-D,2025-02-27,12:49,Thursday,Sales,Vendor_001,Consulting,463.14,20000,Approver_14,INV-100931
TXN-001499-D,2025-05-01,15:04,Thursday,Finance,Vendor_051,Travel,6340.8,60000,Approver_13,INV-102031
TXN-005685-D,2025-01-10,13:50,Friday,IT,Vendor_030,Utilities,272.24,40000,Approver_13,INV-100179
TXN-002690-D,2025-12-22,15:07,Monday,Sales,Vendor_013,Misc,24.88,20000,Approver_10,INV-105845
TXN-003586-D,2025-03-12,11:27,Wednesday,Finance,Vendor_057,Utilities,3034.27,60000,Approver_12,INV-101132
TXN-000846-D,2025-08-22,16:59,Friday,Procurement,Vendor_003,Supplies,320.49,50000,Approver_08,INV-103886
TXN-002525-D,2025-07-14,12:20,Monday,Finance,Vendor_016,Travel,14.02,60000,Approver_11,INV-103203
TXN-002754-D,2025-12-27,13:53,Saturday,Finance,Vendor_042,Supplies,81469.27,60000,Approver_08,INV-105962
TXN-001481-D,2025-05-26,12:11,Monday,Marketing,Vendor_005,Misc,46.59,25000,Approver_14,INV-102427
TXN-000416-D,2025-09-25,12:39,Thursday,Finance,Vendor_032,Supplies,11.36,60000,Approver_15,INV-104442
TXN-000396-D,2025-07-31,11:16,Thursday,IT,Vendor_046,Software,940.55,40000,Approver_15,INV-103508
TXN-004918-D,2025-02-24,16:37,Monday,Marketing,Vendor_030,Software,198.11,25000,Approver_15,INV-100870
TXN-001122-D,2025-09-12,12:25,Friday,Sales,Vendor_012,Equipment,475.47,20000,Approver_13,INV-104230
TXN-003915-D,2025-08-22,15:41,Friday,Sales,Vendor_022,Misc,824.23,20000,Approver_07,INV-103880
TXN-001437-D,2025-04-15,11:59,Tuesday,Sales,Vendor_024,Misc,542.19,20000,Approver_05,INV-101745
TXN-000059-D,2025-08-05,18:26,Tuesday,Sales,Vendor_006,Software,18254.32,20000,Approver_05,INV-103573
TXN-003038-D,2025-01-06,08:16,Monday,Procurement,Vendor_047,Supplies,36783.04,50000,Approver_10,INV-100079
TXN-003831-D,2025-02-27,15:11,Thursday,Finance,Vendor_039,Consulting,3209.75,60000,Approver_03,INV-100943
TXN-002396-D,2025-10-24,12:16,Friday,Procurement,Vendor_042,Software,21298.27,50000,Approver_01,INV-104906
TXN-004889-D,2025-11-28,16:55,Friday,IT,Vendor_028,Equipment,34.66,40000,Approver_14,INV-105477
TXN-001581-D,2025-03-18,13:34,Tuesday,Sales,Vendor_042,Misc,85433.6,20000,Approver_13,INV-101240
TXN-000510-D,2025-02-03,12:44,Monday,Marketing,Vendor_042,Supplies,266.99,25000,Approver_11,INV-100554
TXN-001369-D,2025-01-22,11:09,Wednesday,Marketing,Vendor_010,Equipment,75.64,25000,Approver_11,INV-100354
TXN-005243-D,2025-04-16,12:57,Wednesday,Finance,Vendor_034,Equipment,9761.74,60000,Approver_06,INV-101766
