transaction_id,date,posting_time,day_of_week,department,vendor,category,amount,approval_limit,approver,invoice_number,flag_reason,leading_digit,root_cause_category
TXN-003038,2025-01-06,08:16,Monday,Procurement,Vendor_047,Supplies,36783.04,50000,Approver_10,INV-100079,Duplicate transaction,,Data Entry Error
TXN-001103,2025-01-08,15:05,Wednesday,IT,Vendor_057,Equipment,1849.57,40000,Approver_01,INV-100125,Duplicate transaction,,Data Entry Error
TXN-005685,2025-01-10,13:50,Friday,IT,Vendor_030,Utilities,272.24,40000,Approver_13,INV-100179,Duplicate transaction,,Data Entry Error
TXN-003432,2025-01-15,16:58,Wednesday,Finance,Vendor_038,Misc,-1953.08,60000,Approver_09,INV-100234,Duplicate transaction,,Data Entry Error
TXN-003178,2025-01-15,10:37,Wednesday,Procurement,Vendor_010,Utilities,563.86,50000,Approver_04,INV-100250,Duplicate transaction,,Data Entry Error
TXN-000470,2025-01-16,18:45,Thursday,Marketing,Vendor_029,Software,208.94,25000,Approver_01,INV-100276,Duplicate transaction,,Data Entry Error
TXN-001369,2025-01-22,11:09,Wednesday,Marketing,Vendor_010,Equipment,75.64,25000,Approver_11,INV-100354,Duplicate transaction,,Data Entry Error
TXN-004584,2025-01-22,10:33,Wednesday,Procurement,Vendor_051,Supplies,97.84,50000,Approver_12,INV-100368,Duplicate transaction,,Data Entry Error
TXN-000510,2025-02-03,12:44,Monday,Marketing,Vendor_042,Supplies,266.99,25000,Approver_11,INV-100554,Duplicate transaction,,Data Entry Error
TXN-001170,2025-02-24,11:13,Monday,Operations,Vendor_038,Utilities,15000.0,30000,Approver_06,INV-100867,Duplicate transaction,,Data Entry Error
TXN-004918,2025-02-24,16:37,Monday,Marketing,Vendor_030,Software,198.11,25000,Approver_15,INV-100870,Duplicate transaction,,Data Entry Error
TXN-002831,2025-02-27,12:49,Thursday,Sales,Vendor_001,Consulting,463.14,20000,Approver_14,INV-100931,Duplicate transaction,,Data Entry Error
TXN-003831,2025-02-27,15:11,Thursday,Finance,Vendor_039,Consulting,3209.75,60000,Approver_03,INV-100943,Duplicate transaction,,Data Entry Error
TXN-000014,2025-03-03,15:05,Monday,HR,Vendor_058,Misc,165.36,15000,Approver_14,INV-100984,Duplicate transaction,,Data Entry Error
TXN-003586,2025-03-12,11:27,Wednesday,Finance,Vendor_057,Utilities,3034.27,60000,Approver_12,INV-101132,Duplicate transaction,,Data Entry Error
TXN-001581,2025-03-18,13:34,Tuesday,Sales,Vendor_042,Misc,85433.6,20000,Approver_13,INV-101240,Duplicate transaction,,Data Entry Error
TXN-004048,2025-04-01,15:45,Tuesday,Operations,Vendor_058,Software,36.23,30000,Approver_11,INV-101483,Duplicate transaction,,Data Entry Error
TXN-004309,2025-04-15,10:18,Tuesday,HR,Vendor_034,Equipment,146.46,15000,Approver_14,INV-101729,Duplicate transaction,,Data Entry Error
TXN-001437,2025-04-15,11:59,Tuesday,Sales,Vendor_024,Misc,542.19,20000,Approver_05,INV-101745,Duplicate transaction,,Data Entry Error
TXN-005243,2025-04-16,12:57,Wednesday,Finance,Vendor_034,Equipment,9761.74,60000,Approver_06,INV-101766,Duplicate transaction,,Data Entry Error
TXN-001287,2025-04-30,12:40,Wednesday,Sales,Vendor_009,Misc,691.14,20000,Approver_05,INV-101988,Duplicate transaction,,Data Entry Error
TXN-001499,2025-05-01,15:04,Thursday,Finance,Vendor_051,Travel,6340.8,60000,Approver_13,INV-102031,Duplicate transaction,,Data Entry Error
TXN-005491,2025-05-12,11:34,Monday,Marketing,Vendor_039,Software,711.93,25000,Approver_05,INV-102185,Duplicate transaction,,Data Entry Error
TXN-004882,2025-05-19,14:09,Monday,Operations,Vendor_010,Utilities,10000.0,30000,Approver_15,INV-102304,Duplicate transaction,,Data Entry Error
TXN-003570,2025-05-19,15:20,Monday,Operations,Vendor_010,Travel,10000.0,30000,Approver_05,INV-102313,Duplicate transaction,,Data Entry Error
TXN-001481,2025-05-26,12:11,Monday,Marketing,Vendor_005,Misc,46.59,25000,Approver_14,INV-102427,Duplicate transaction,,Data Entry Error
TXN-004811,2025-05-30,10:38,Friday,Operations,Vendor_022,Misc,3092.57,30000,Approver_07,INV-102520,Duplicate transaction,,Data Entry Error
TXN-002280,2025-06-11,11:06,Wednesday,Operations,Vendor_058,Software,600.18,30000,Approver_02,INV-102687,Duplicate transaction,,Data Entry Error
TXN-002113,2025-06-12,12:06,Thursday,HR,Vendor_034,Consulting,5000.0,15000,Approver_01,INV-102711,Duplicate transaction,,Data Entry Error
TXN-002288,2025-06-26,16:00,Thursday,HR,Vendor_052,Equipment,72.88,15000,Approver_09,INV-102939,Duplicate transaction,,Data Entry Error
TXN-003093,2025-07-03,21:46,Thursday,HR,Vendor_015,Travel,492.17,15000,Approver_06,INV-103052,Duplicate transaction,,Data Entry Error
TXN-002114,2025-07-03,18:48,Thursday,HR,Vendor_040,Utilities,13858.12,15000,Approver_07,INV-103053,Duplicate transaction,,Data Entry Error
TXN-004762,2025-07-14,15:29,Monday,Procurement,Vendor_030,Travel,3584.52,50000,Approver_02,INV-103198,Duplicate transaction,,Data Entry Error
TXN-002525,2025-07-14,12:20,Monday,Finance,Vendor_016,Travel,14.02,60000,Approver_11,INV-103203,Duplicate transaction,,Data Entry Error
TXN-000396,2025-07-31,11:16,Thursday,IT,Vendor_046,Software,940.55,40000,Approver_15,INV-103508,Duplicate transaction,,Data Entry Error
TXN-001708,2025-08-01,14:37,Friday,Finance,Vendor_034,Supplies,27.61,60000,Approver_15,INV-103512,Duplicate transaction,,Data Entry Error
TXN-000059,2025-08-05,18:26,Tuesday,Sales,Vendor_006,Software,18254.32,20000,Approver_05,INV-103573,Duplicate transaction,,Data Entry Error
TXN-003522,2025-08-13,14:38,Wednesday,Operations,Vendor_028,Consulting,160.74,30000,Approver_06,INV-103721,Duplicate transaction,,Data Entry Error
TXN-000084,2025-08-13,12:01,Wednesday,Procurement,Vendor_003,Misc,806.25,50000,Approver_03,INV-103727,Duplicate transaction,,Data Entry Error
TXN-004194,2025-08-15,11:31,Friday,HR,Vendor_023,Misc,9066.64,15000,Approver_12,INV-103771,Duplicate transaction,,Data Entry Error
TXN-001598,2025-08-22,15:48,Friday,IT,Vendor_002,Consulting,12.38,40000,Approver_01,INV-103875,Duplicate transaction,,Data Entry Error
TXN-003915,2025-08-22,15:41,Friday,Sales,Vendor_022,Misc,824.23,20000,Approver_07,INV-103880,Duplicate transaction,,Data Entry Error
TXN-000846,2025-08-22,16:59,Friday,Procurement,Vendor_003,Supplies,320.49,50000,Approver_08,INV-103886,Duplicate transaction,,Data Entry Error
TXN-003169,2025-08-27,10:47,Wednesday,IT,Vendor_052,Travel,300.17,40000,Approver_05,INV-103953,Duplicate transaction,,Data Entry Error
TXN-001122,2025-09-12,12:25,Friday,Sales,Vendor_012,Equipment,475.47,20000,Approver_13,INV-104230,Duplicate transaction,,Data Entry Error
TXN-000416,2025-09-25,12:39,Thursday,Finance,Vendor_032,Supplies,11.36,60000,Approver_15,INV-104442,Duplicate transaction,,Data Entry Error
TXN-003258,2025-09-30,11:23,Tuesday,Sales,Vendor_048,Supplies,77.45,20000,Approver_10,INV-104524,Duplicate transaction,,Data Entry Error
TXN-002604,2025-10-07,16:28,Tuesday,Sales,Vendor_051,Misc,29.47,20000,Approver_09,INV-104617,Duplicate transaction,,Data Entry Error
TXN-002295,2025-10-14,17:22,Tuesday,Sales,Vendor_042,Software,150.89,20000,Approver_03,INV-104735,Duplicate transaction,,Data Entry Error
TXN-002396,2025-10-24,12:16,Friday,Procurement,Vendor_042,Software,21298.27,50000,Approver_01,INV-104906,Duplicate transaction,,Data Entry Error
TXN-004629,2025-10-27,11:15,Monday,IT,Vendor_048,Equipment,1631.66,40000,Approver_09,INV-104916,Duplicate transaction,,Data Entry Error
TXN-003697,2025-11-27,09:47,Thursday,Finance,Vendor_001,Software,1102.99,60000,,INV-105461,Duplicate transaction,,Data Entry Error
TXN-004889,2025-11-28,16:55,Friday,IT,Vendor_028,Equipment,34.66,40000,Approver_14,INV-105477,Duplicate transaction,,Data Entry Error
TXN-001463,2025-12-09,12:02,Tuesday,Sales,Vendor_014,Software,76451.58,20000,Approver_09,INV-105645,Duplicate transaction,,Data Entry Error
TXN-001056,2025-12-12,09:57,Friday,Sales,Vendor_027,Misc,385.39,20000,Approver_10,INV-105718,Duplicate transaction,,Data Entry Error
TXN-004909,2025-12-17,11:40,Wednesday,Finance,Vendor_015,Travel,969.89,60000,Approver_01,INV-105789,Duplicate transaction,,Data Entry Error
TXN-005773,2025-12-17,09:57,Wednesday,IT,Vendor_021,Equipment,6854.91,40000,Approver_07,INV-105798,Duplicate transaction,,Data Entry Error
TXN-005375,2025-12-22,09:10,Monday,Operations,Vendor_020,Utilities,32959.68,30000,Approver_07,INV-105839,Duplicate transaction,,Data Entry Error
TXN-002690,2025-12-22,15:07,Monday,Sales,Vendor_013,Misc,24.88,20000,Approver_10,INV-105845,Duplicate transaction,,Data Entry Error
TXN-000890,2025-12-25,15:08,Thursday,Operations,Vendor_055,Misc,260.28,30000,Approver_01,INV-105908,Duplicate transaction,,Data Entry Error
TXN-002754,2025-12-27,13:53,Saturday,Finance,Vendor_042,Supplies,81469.27,60000,Approver_08,INV-105962,Duplicate transaction,,Data Entry Error
TXN-001791,2025-12-30,14:47,Tuesday,Marketing,Vendor_042,Utilities,15.22,25000,Approver_02,INV-105988,Duplicate transaction,,Data Entry Error
TXN-004048-D,2025-04-01,15:45,Tuesday,Operations,Vendor_058,Software,36.23,30000,Approver_11,INV-101483,Duplicate transaction,,Data Entry Error
TXN-005491-D,2025-05-12,11:34,Monday,Marketing,Vendor_039,Software,711.93,25000,Approver_05,INV-102185,Duplicate transaction,,Data Entry Error
TXN-004811-D,2025-05-30,10:38,Friday,Operations,Vendor_022,Misc,3092.57,30000,Approver_07,INV-102520,Duplicate transaction,,Data Entry Error
TXN-003522-D,2025-08-13,14:38,Wednesday,Operations,Vendor_028,Consulting,160.74,30000,Approver_06,INV-103721,Duplicate transaction,,Data Entry Error
TXN-000084-D,2025-08-13,12:01,Wednesday,Procurement,Vendor_003,Misc,806.25,50000,Approver_03,INV-103727,Duplicate transaction,,Data Entry Error
TXN-003258-D,2025-09-30,11:23,Tuesday,Sales,Vendor_048,Supplies,77.45,20000,Approver_10,INV-104524,Duplicate transaction,,Data Entry Error
TXN-003432-D,2025-01-15,16:58,Wednesday,Finance,Vendor_038,Misc,-1953.08,60000,Approver_09,INV-100234,Duplicate transaction,,Data Entry Error
TXN-002295-D,2025-10-14,17:22,Tuesday,Sales,Vendor_042,Software,150.89,20000,Approver_03,INV-104735,Duplicate transaction,,Data Entry Error
TXN-005375-D,2025-12-22,09:10,Monday,Operations,Vendor_020,Utilities,32959.68,30000,Approver_07,INV-105839,Duplicate transaction,,Data Entry Error
TXN-002288-D,2025-06-26,16:00,Thursday,HR,Vendor_052,Equipment,72.88,15000,Approver_09,INV-102939,Duplicate transaction,,Data Entry Error
TXN-002114-D,2025-07-03,18:48,Thursday,HR,Vendor_040,Utilities,13858.12,15000,Approver_07,INV-103053,Duplicate transaction,,Data Entry Error
TXN-001170-D,2025-02-24,11:13,Monday,Operations,Vendor_038,Utilities,15000.0,30000,Approver_06,INV-100867,Duplicate transaction,,Data Entry Error
TXN-000470-D,2025-01-16,18:45,Thursday,Marketing,Vendor_029,Software,208.94,25000,Approver_01,INV-100276,Duplicate transaction,,Data Entry Error
TXN-005773-D,2025-12-17,09:57,Wednesday,IT,Vendor_021,Equipment,6854.91,40000,Approver_07,INV-105798,Duplicate transaction,,Data Entry Error
TXN-001708-D,2025-08-01,14:37,Friday,Finance,Vendor_034,Supplies,27.61,60000,Approver_15,INV-103512,Duplicate transaction,,Data Entry Error
TXN-004909-D,2025-12-17,11:40,Wednesday,Finance,Vendor_015,Travel,969.89,60000,Approver_01,INV-105789,Duplicate transaction,,Data Entry Error
TXN-004762-D,2025-07-14,15:29,Monday,Procurement,Vendor_030,Travel,3584.52,50000,Approver_02,INV-103198,Duplicate transaction,,Data Entry Error
TXN-000890-D,2025-12-25,15:08,Thursday,Operations,Vendor_055,Misc,260.28,30000,Approver_01,INV-105908,Duplicate transaction,,Data Entry Error
TXN-001056-D,2025-12-12,09:57,Friday,Sales,Vendor_027,Misc,385.39,20000,Approver_10,INV-105718,Duplicate transaction,,Data Entry Error
TXN-002280-D,2025-06-11,11:06,Wednesday,Operations,Vendor_058,Software,600.18,30000,Approver_02,INV-102687,Duplicate transaction,,Data Entry Error
TXN-003178-D,2025-01-15,10:37,Wednesday,Procurement,Vendor_010,Utilities,563.86,50000,Approver_04,INV-100250,Duplicate transaction,,Data Entry Error
TXN-003697-D,2025-11-27,09:47,Thursday,Finance,Vendor_001,Software,1102.99,60000,,INV-105461,Duplicate transaction,,Data Entry Error
TXN-003093-D,2025-07-03,21:46,Thursday,HR,Vendor_015,Travel,492.17,15000,Approver_06,INV-103052,Duplicate transaction,,Data Entry Error
TXN-002113-D,2025-06-12,12:06,Thursday,HR,Vendor_034,Consulting,5000.0,15000,Approver_01,INV-102711,Duplicate transaction,,Data Entry Error
TXN-004194-D,2025-08-15,11:31,Friday,HR,Vendor_023,Misc,9066.64,15000,Approver_12,INV-103771,Duplicate transaction,,Data Entry Error
TXN-001791-D,2025-12-30,14:47,Tuesday,Marketing,Vendor_042,Utilities,15.22,25000,Approver_02,INV-105988,Duplicate transaction,,Data Entry Error
TXN-001463-D,2025-12-09,12:02,Tuesday,Sales,Vendor_014,Software,76451.58,20000,Approver_09,INV-105645,Duplicate transaction,,Data Entry Error
TXN-002604-D,2025-10-07,16:28,Tuesday,Sales,Vendor_051,Misc,29.47,20000,Approver_09,INV-104617,Duplicate transaction,,Data Entry Error
TXN-004584-D,2025-01-22,10:33,Wednesday,Procurement,Vendor_051,Supplies,97.84,50000,Approver_12,INV-100368,Duplicate transaction,,Data Entry Error
TXN-004629-D,2025-10-27,11:15,Monday,IT,Vendor_048,Equipment,1631.66,40000,Approver_09,INV-104916,Duplicate transaction,,Data Entry Error
TXN-004309-D,2025-04-15,10:18,Tuesday,HR,Vendor_034,Equipment,146.46,15000,Approver_14,INV-101729,Duplicate transaction,,Data Entry Error
TXN-001598-D,2025-08-22,15:48,Friday,IT,Vendor_002,Consulting,12.38,40000,Approver_01,INV-103875,Duplicate transaction,,Data Entry Error
TXN-001103-D,2025-01-08,15:05,Wednesday,IT,Vendor_057,Equipment,1849.57,40000,Approver_01,INV-100125,Duplicate transaction,,Data Entry Error
TXN-001287-D,2025-04-30,12:40,Wednesday,Sales,Vendor_009,Misc,691.14,20000,Approver_05,INV-101988,Duplicate transaction,,Data Entry Error
TXN-000014-D,2025-03-03,15:05,Monday,HR,Vendor_058,Misc,165.36,15000,Approver_14,INV-100984,Duplicate transaction,,Data Entry Error
TXN-003169-D,2025-08-27,10:47,Wednesday,IT,Vendor_052,Travel,300.17,40000,Approver_05,INV-103953,Duplicate transaction,,Data Entry Error
TXN-002831-D,2025-02-27,12:49,Thursday,Sales,Vendor_001,Consulting,463.14,20000,Approver_14,INV-100931,Duplicate transaction,,Data Entry Error
TXN-001499-D,2025-05-01,15:04,Thursday,Finance,Vendor_051,Travel,6340.8,60000,Approver_13,INV-102031,Duplicate transaction,,Data Entry Error
TXN-005685-D,2025-01-10,13:50,Friday,IT,Vendor_030,Utilities,272.24,40000,Approver_13,INV-100179,Duplicate transaction,,Data Entry Error
TXN-002690-D,2025-12-22,15:07,Monday,Sales,Vendor_013,Misc,24.88,20000,Approver_10,INV-105845,Duplicate transaction,,Data Entry Error
TXN-003586-D,2025-03-12,11:27,Wednesday,Finance,Vendor_057,Utilities,3034.27,60000,Approver_12,INV-101132,Duplicate transaction,,Data Entry Error
TXN-000846-D,2025-08-22,16:59,Friday,Procurement,Vendor_003,Supplies,320.49,50000,Approver_08,INV-103886,Duplicate transaction,,Data Entry Error
TXN-002525-D,2025-07-14,12:20,Monday,Finance,Vendor_016,Travel,14.02,60000,Approver_11,INV-103203,Duplicate transaction,,Data Entry Error
TXN-002754-D,2025-12-27,13:53,Saturday,Finance,Vendor_042,Supplies,81469.27,60000,Approver_08,INV-105962,Duplicate transaction,,Data Entry Error
TXN-001481-D,2025-05-26,12:11,Monday,Marketing,Vendor_005,Misc,46.59,25000,Approver_14,INV-102427,Duplicate transaction,,Data Entry Error
TXN-000416-D,2025-09-25,12:39,Thursday,Finance,Vendor_032,Supplies,11.36,60000,Approver_15,INV-104442,Duplicate transaction,,Data Entry Error
TXN-000396-D,2025-07-31,11:16,Thursday,IT,Vendor_046,Software,940.55,40000,Approver_15,INV-103508,Duplicate transaction,,Data Entry Error
TXN-004918-D,2025-02-24,16:37,Monday,Marketing,Vendor_030,Software,198.11,25000,Approver_15,INV-100870,Duplicate transaction,,Data Entry Error
TXN-001122-D,2025-09-12,12:25,Friday,Sales,Vendor_012,Equipment,475.47,20000,Approver_13,INV-104230,Duplicate transaction,,Data Entry Error
TXN-003915-D,2025-08-22,15:41,Friday,Sales,Vendor_022,Misc,824.23,20000,Approver_07,INV-103880,Duplicate transaction,,Data Entry Error
TXN-001437-D,2025-04-15,11:59,Tuesday,Sales,Vendor_024,Misc,542.19,20000,Approver_05,INV-101745,Duplicate transaction,,Data Entry Error
TXN-000059-D,2025-08-05,18:26,Tuesday,Sales,Vendor_006,Software,18254.32,20000,Approver_05,INV-103573,Duplicate transaction,,Data Entry Error
TXN-003038-D,2025-01-06,08:16,Monday,Procurement,Vendor_047,Supplies,36783.04,50000,Approver_10,INV-100079,Duplicate transaction,,Data Entry Error
TXN-003831-D,2025-02-27,15:11,Thursday,Finance,Vendor_039,Consulting,3209.75,60000,Approver_03,INV-100943,Duplicate transaction,,Data Entry Error
TXN-002396-D,2025-10-24,12:16,Friday,Procurement,Vendor_042,Software,21298.27,50000,Approver_01,INV-104906,Duplicate transaction,,Data Entry Error
TXN-004889-D,2025-11-28,16:55,Friday,IT,Vendor_028,Equipment,34.66,40000,Approver_14,INV-105477,Duplicate transaction,,Data Entry Error
TXN-001581-D,2025-03-18,13:34,Tuesday,Sales,Vendor_042,Misc,85433.6,20000,Approver_13,INV-101240,Duplicate transaction,,Data Entry Error
TXN-000510-D,2025-02-03,12:44,Monday,Marketing,Vendor_042,Supplies,266.99,25000,Approver_11,INV-100554,Duplicate transaction,,Data Entry Error
TXN-001369-D,2025-01-22,11:09,Wednesday,Marketing,Vendor_010,Equipment,75.64,25000,Approver_11,INV-100354,Duplicate transaction,,Data Entry Error
TXN-005243-D,2025-04-16,12:57,Wednesday,Finance,Vendor_034,Equipment,9761.74,60000,Approver_06,INV-101766,Duplicate transaction,,Data Entry Error
TXN-000135,2025-01-07,09:32,Tuesday,HR,Vendor_034,Utilities,308.07,15000,,INV-100089,Missing approver,,Data Entry Error
TXN-001770,2025-01-09,12:38,Thursday,Procurement,Vendor_016,Consulting,386.05,50000,,INV-100138,Missing approver,,Data Entry Error
TXN-005595,2025-01-13,11:53,Monday,Marketing,Vendor_028,Supplies,107.74,25000,,INV-100201,Missing approver,,Data Entry Error
TXN-003434,2025-01-16,16:22,Thursday,Finance,Vendor_006,Utilities,1474.55,60000,,INV-100274,Missing approver,,Data Entry Error
TXN-002461,2025-01-27,00:36,Monday,Sales,Vendor_029,Software,370.51,20000,,INV-100438,Missing approver,,Data Entry Error
TXN-004508,2025-01-30,13:02,Thursday,IT,Vendor_054,Supplies,11.58,40000,,INV-100492,Missing approver,,Data Entry Error
TXN-001929,2025-01-30,15:09,Thursday,Operations,Vendor_049,Software,37034.31,30000,,INV-100505,Missing approver,,Data Entry Error
TXN-000977,2025-02-04,18:18,Tuesday,Marketing,Vendor_029,Misc,31.48,25000,,INV-100580,Missing approver,,Data Entry Error
TXN-004522,2025-02-10,18:45,Monday,Operations,Vendor_036,Equipment,5000.0,30000,,INV-100668,Missing approver,,Data Entry Error
TXN-005320,2025-02-12,10:19,Wednesday,Sales,Vendor_060,Supplies,171.91,20000,,INV-100705,Missing approver,,Data Entry Error
TXN-000592,2025-02-14,10:35,Friday,HR,Vendor_053,Software,602.63,15000,,INV-100740,Missing approver,,Data Entry Error
TXN-004933,2025-02-19,10:54,Wednesday,Finance,Vendor_002,Supplies,2400.28,60000,,INV-100792,Missing approver,,Data Entry Error
TXN-001818,2025-03-03,13:15,Monday,IT,Vendor_029,Equipment,370.5,40000,,INV-101004,Missing approver,,Data Entry Error
TXN-003576,2025-03-04,18:42,Tuesday,Finance,Vendor_033,Software,2823.15,60000,,INV-101032,Missing approver,,Data Entry Error
TXN-003961,2025-03-05,12:59,Wednesday,Procurement,Vendor_007,Utilities,21.21,50000,,INV-101037,Missing approver,,Data Entry Error
TXN-001489,2025-03-06,16:51,Thursday,HR,Vendor_049,Software,14226.65,15000,,INV-101057,Missing approver,,Data Entry Error
TXN-001585,2025-03-14,10:14,Friday,Finance,Vendor_008,Travel,12894.79,60000,,INV-101185,Missing approver,,Data Entry Error
TXN-004144,2025-03-15,11:27,Saturday,Finance,Vendor_020,Equipment,64.59,60000,,INV-101197,Missing approver,,Data Entry Error
TXN-000577,2025-03-17,17:43,Monday,Sales,Vendor_007,Supplies,23822.44,20000,,INV-101201,Missing approver,,Data Entry Error
TXN-004539,2025-03-20,15:20,Thursday,HR,Vendor_054,Travel,387.39,15000,,INV-101303,Missing approver,,Data Entry Error
TXN-002948,2025-03-24,09:30,Monday,Sales,Vendor_004,Utilities,19542.92,20000,,INV-101352,Missing approver,,Data Entry Error
TXN-003663,2025-03-25,11:42,Tuesday,Sales,Vendor_056,Travel,245.43,20000,,INV-101372,Missing approver,,Data Entry Error
TXN-005678,2025-03-26,14:14,Wednesday,Operations,Vendor_056,Software,369.26,30000,,INV-101401,Missing approver,,Data Entry Error
TXN-004175,2025-03-26,11:38,Wednesday,Finance,Vendor_055,Supplies,113.15,60000,,INV-101406,Missing approver,,Data Entry Error
TXN-000637,2025-03-28,16:21,Friday,Marketing,Vendor_059,Travel,7093.37,25000,,INV-101448,Missing approver,,Data Entry Error
TXN-001323,2025-04-03,16:11,Thursday,Sales,Vendor_053,Misc,73.22,20000,,INV-101540,Missing approver,,Data Entry Error
TXN-001169,2025-04-04,12:35,Friday,Procurement,Vendor_031,Supplies,27202.43,50000,,INV-101553,Missing approver,,Data Entry Error
TXN-001848,2025-04-16,11:53,Wednesday,Operations,Vendor_002,Equipment,28022.14,30000,,INV-101758,Missing approver,,Data Entry Error
TXN-003666,2025-04-17,16:05,Thursday,Finance,Vendor_042,Travel,58241.13,60000,,INV-101796,Missing approver,,Data Entry Error
TXN-005665,2025-04-22,11:43,Tuesday,Finance,Vendor_059,Misc,525.74,60000,,INV-101862,Missing approver,,Data Entry Error
TXN-001257,2025-04-23,10:13,Wednesday,Operations,Vendor_031,Misc,46.86,30000,,INV-101880,Missing approver,,Data Entry Error
TXN-000650,2025-04-24,14:37,Thursday,Finance,Vendor_057,Utilities,81.2,60000,,INV-101906,Missing approver,,Data Entry Error
TXN-004995,2025-05-02,15:20,Friday,HR,Vendor_010,Equipment,124.71,15000,,INV-102037,Missing approver,,Data Entry Error
TXN-005129,2025-05-07,15:42,Wednesday,Procurement,Vendor_053,Misc,16613.98,50000,,INV-102115,Missing approver,,Data Entry Error
TXN-002720,2025-05-19,22:46,Monday,Sales,Vendor_011,Misc,5236.7,20000,,INV-102300,Missing approver,,Data Entry Error
TXN-002022,2025-05-21,12:53,Wednesday,IT,Vendor_045,Software,13194.12,40000,,INV-102347,Missing approver,,Data Entry Error
TXN-003041,2025-05-29,15:25,Thursday,Finance,Vendor_024,Supplies,621.42,60000,,INV-102493,Missing approver,,Data Entry Error
TXN-001542,2025-06-06,12:22,Friday,Operations,Vendor_042,Supplies,59.27,30000,,INV-102626,Missing approver,,Data Entry Error
TXN-003161,2025-06-20,16:48,Friday,Marketing,Vendor_032,Misc,2104.48,25000,,INV-102827,Missing approver,,Data Entry Error
TXN-004513,2025-06-20,12:02,Friday,Procurement,Vendor_053,Equipment,2000.69,50000,,INV-102836,Missing approver,,Data Entry Error
TXN-002232,2025-06-24,15:41,Tuesday,Marketing,Vendor_017,Utilities,283.94,25000,,INV-102876,Missing approver,,Data Entry Error
TXN-000969,2025-06-24,11:27,Tuesday,Sales,Vendor_011,Equipment,25.29,20000,,INV-102890,Missing approver,,Data Entry Error
TXN-001061,2025-06-25,12:02,Wednesday,Procurement,Vendor_030,Utilities,362.99,50000,,INV-102914,Missing approver,,Data Entry Error
TXN-000617,2025-06-30,14:12,Monday,Procurement,Vendor_056,Equipment,14333.83,50000,,INV-102983,Missing approver,,Data Entry Error
TXN-004822,2025-07-02,12:16,Wednesday,Marketing,Vendor_053,Software,372.81,25000,,INV-103035,Missing approver,,Data Entry Error
TXN-001269,2025-07-09,11:37,Wednesday,HR,Vendor_030,Equipment,522.24,15000,,INV-103128,Missing approver,,Data Entry Error
TXN-003465,2025-07-11,16:39,Friday,Finance,Vendor_039,Travel,250.37,60000,,INV-103180,Missing approver,,Data Entry Error
TXN-005061,2025-07-15,18:37,Tuesday,Operations,Vendor_015,Supplies,101.8,30000,,INV-103225,Missing approver,,Data Entry Error
TXN-004624,2025-07-17,13:09,Thursday,HR,Vendor_024,Supplies,904.85,15000,,INV-103259,Missing approver,,Data Entry Error
TXN-003314,2025-07-22,14:45,Tuesday,Finance,Vendor_016,Equipment,146.84,60000,,INV-103346,Missing approver,,Data Entry Error
TXN-002406,2025-07-24,18:07,Thursday,Sales,Vendor_031,Utilities,17.09,20000,,INV-103374,Missing approver,,Data Entry Error
TXN-005580,2025-07-28,12:16,Monday,Marketing,Vendor_018,Utilities,881.32,25000,,INV-103420,Missing approver,,Data Entry Error
TXN-002111,2025-07-31,09:38,Thursday,IT,Vendor_047,Equipment,227.5,40000,,INV-103506,Missing approver,,Data Entry Error
TXN-001060,2025-08-01,18:36,Friday,HR,Vendor_027,Utilities,1242.34,15000,,INV-103521,Missing approver,,Data Entry Error
TXN-003770,2025-08-04,12:10,Monday,IT,Vendor_027,Misc,291.39,40000,,INV-103542,Missing approver,,Data Entry Error
TXN-004485,2025-08-04,17:54,Monday,Finance,Vendor_040,Equipment,128.43,60000,,INV-103549,Missing approver,,Data Entry Error
TXN-003560,2025-08-06,10:19,Wednesday,Operations,Vendor_003,Equipment,28341.9,30000,,INV-103595,Missing approver,,Data Entry Error
TXN-000205,2025-08-08,17:07,Friday,Sales,Vendor_036,Utilities,4213.7,20000,,INV-103651,Missing approver,,Data Entry Error
TXN-000307,2025-08-12,11:32,Tuesday,Sales,Vendor_043,Equipment,1672.1,20000,,INV-103680,Missing approver,,Data Entry Error
TXN-005946,2025-08-13,15:54,Wednesday,Procurement,Vendor_046,Utilities,48000.93,50000,,INV-103705,Missing approver,,Data Entry Error
TXN-002031,2025-08-18,10:31,Monday,Sales,Vendor_010,Supplies,18562.73,20000,,INV-103801,Missing approver,,Data Entry Error
TXN-002076,2025-09-01,11:53,Monday,Operations,Vendor_037,Misc,27583.37,30000,,INV-104034,Missing approver,,Data Entry Error
TXN-005108,2025-09-02,14:43,Tuesday,Operations,Vendor_044,Misc,29168.16,30000,,INV-104045,Missing approver,,Data Entry Error
TXN-004971,2025-09-02,16:36,Tuesday,HR,Vendor_044,Travel,181.45,15000,,INV-104063,Missing approver,,Data Entry Error
TXN-004516,2025-09-15,15:17,Monday,IT,Vendor_048,Consulting,11.28,40000,,INV-104250,Missing approver,,Data Entry Error
TXN-002840,2025-09-22,13:40,Monday,IT,Vendor_048,Misc,15872.47,40000,,INV-104375,Missing approver,,Data Entry Error
TXN-002127,2025-09-23,11:10,Tuesday,Procurement,Vendor_051,Equipment,76232.88,50000,,INV-104407,Missing approver,,Data Entry Error
TXN-000640,2025-09-24,16:25,Wednesday,Marketing,Vendor_034,Misc,280.53,25000,,INV-104425,Missing approver,,Data Entry Error
TXN-003308,2025-09-29,16:20,Monday,Finance,Vendor_011,Utilities,380.23,60000,,INV-104509,Missing approver,,Data Entry Error
TXN-001035,2025-09-30,11:02,Tuesday,Finance,Vendor_001,Travel,389.33,60000,,INV-104519,Missing approver,,Data Entry Error
TXN-002496,2025-10-02,11:49,Thursday,Finance,Vendor_047,Consulting,162.21,60000,,INV-104565,Missing approver,,Data Entry Error
TXN-004568,2025-10-06,10:50,Monday,IT,Vendor_011,Misc,115.59,40000,,INV-104604,Missing approver,,Data Entry Error
TXN-002032,2025-10-08,11:12,Wednesday,Operations,Vendor_051,Travel,6630.4,30000,,INV-104637,Missing approver,,Data Entry Error
TXN-002073,2025-10-09,09:05,Thursday,IT,Vendor_037,Misc,-1714.88,40000,,INV-104657,Missing approver,,Data Entry Error
TXN-001445,2025-10-10,15:39,Friday,Finance,Vendor_036,Misc,126.06,60000,,INV-104689,Missing approver,,Data Entry Error
TXN-003105,2025-10-17,15:16,Friday,Operations,Vendor_002,Equipment,16.73,30000,,INV-104792,Missing approver,,Data Entry Error
TXN-003004,2025-10-20,16:35,Monday,Procurement,Vendor_038,Supplies,11.03,50000,,INV-104813,Missing approver,,Data Entry Error
TXN-005824,2025-10-21,10:36,Tuesday,Sales,Vendor_011,Misc,1042.04,20000,,INV-104845,Missing approver,,Data Entry Error
TXN-002146,2025-10-22,10:36,Wednesday,HR,Vendor_046,Supplies,42.66,15000,,INV-104852,Missing approver,,Data Entry Error
TXN-000648,2025-10-28,11:48,Tuesday,HR,Vendor_050,Utilities,116.76,15000,,INV-104966,Missing approver,,Data Entry Error
TXN-002930,2025-11-04,12:30,Tuesday,Marketing,Vendor_002,Misc,513.68,25000,,INV-105070,Missing approver,,Data Entry Error
TXN-005741,2025-11-05,12:18,Wednesday,Procurement,Vendor_009,Supplies,-3751.36,50000,,INV-105083,Missing approver,,Data Entry Error
TXN-004660,2025-11-05,15:57,Wednesday,Sales,Vendor_051,Utilities,2500.0,20000,,INV-105084,Missing approver,,Data Entry Error
TXN-001281,2025-11-06,15:41,Thursday,HR,Vendor_023,Misc,18.79,15000,,INV-105118,Missing approver,,Data Entry Error
TXN-001300,2025-11-19,12:35,Wednesday,Finance,Vendor_048,Misc,8625.75,60000,,INV-105300,Missing approver,,Data Entry Error
TXN-002517,2025-11-19,15:00,Wednesday,Procurement,Vendor_059,Utilities,13.02,50000,,INV-105313,Missing approver,,Data Entry Error
TXN-002456,2025-11-20,13:21,Thursday,Sales,Vendor_013,Equipment,398.29,20000,,INV-105325,Missing approver,,Data Entry Error
TXN-005012,2025-11-20,16:18,Thursday,IT,Vendor_005,Equipment,5558.92,40000,,INV-105329,Missing approver,,Data Entry Error
TXN-001244,2025-11-20,10:56,Thursday,Operations,Vendor_045,Supplies,50.91,30000,,INV-105331,Missing approver,,Data Entry Error
TXN-004428,2025-11-21,11:09,Friday,Operations,Vendor_012,Utilities,119.17,30000,,INV-105356,Missing approver,,Data Entry Error
TXN-002829,2025-11-21,13:32,Friday,Marketing,Vendor_019,Consulting,82710.99,25000,,INV-105357,Missing approver,,Data Entry Error
TXN-003844,2025-11-25,17:17,Tuesday,Sales,Vendor_043,Equipment,125.04,20000,,INV-105403,Missing approver,,Data Entry Error
TXN-004042,2025-11-25,11:32,Tuesday,Procurement,Vendor_044,Software,24.12,50000,,INV-105416,Missing approver,,Data Entry Error
TXN-003697,2025-11-27,09:47,Thursday,Finance,Vendor_001,Software,1102.99,60000,,INV-105461,Missing approver,,Data Entry Error
TXN-001735,2025-12-01,17:55,Monday,Procurement,Vendor_034,Misc,3732.03,50000,,INV-105496,Missing approver,,Data Entry Error
TXN-000795,2025-12-05,12:01,Friday,Sales,Vendor_014,Misc,15.24,20000,,INV-105581,Missing approver,,Data Entry Error
TXN-004815,2025-12-05,17:11,Friday,Procurement,Vendor_035,Consulting,945.9,50000,,INV-105598,Missing approver,,Data Entry Error
TXN-001673,2025-12-09,11:39,Tuesday,Finance,Vendor_028,Software,805.0,60000,,INV-105637,Missing approver,,Data Entry Error
TXN-002642,2025-12-09,12:15,Tuesday,Sales,Vendor_028,Supplies,18.3,20000,,INV-105649,Missing approver,,Data Entry Error
TXN-002440,2025-12-10,15:37,Wednesday,Marketing,Vendor_035,Supplies,416.59,25000,,INV-105667,Missing approver,,Data Entry Error
TXN-000295,2025-12-15,09:31,Monday,Marketing,Vendor_005,Software,786.55,25000,,INV-105756,Missing approver,,Data Entry Error
TXN-003840,2025-12-17,10:09,Wednesday,Operations,Vendor_059,Consulting,62291.88,30000,,INV-105794,Missing approver,,Data Entry Error
TXN-004323,2025-12-19,15:49,Friday,IT,Vendor_021,Misc,120.75,40000,,INV-105823,Missing approver,,Data Entry Error
TXN-003998,2025-12-22,11:04,Monday,Finance,Vendor_038,Supplies,-496.36,60000,,INV-105848,Missing approver,,Data Entry Error
TXN-003335,2025-12-22,15:17,Monday,Finance,Vendor_060,Misc,2195.62,60000,,INV-105853,Missing approver,,Data Entry Error
TXN-001939,2025-12-24,18:50,Wednesday,Marketing,Vendor_006,Utilities,3514.04,25000,,INV-105902,Missing approver,,Data Entry Error
TXN-002599,2025-12-26,17:44,Friday,Procurement,Vendor_019,Supplies,13.97,50000,,INV-105945,Missing approver,,Data Entry Error
TXN-000004,2025-12-30,14:56,Tuesday,IT,Vendor_025,Software,40.51,40000,,INV-105983,Missing approver,,Data Entry Error
TXN-001150,2025-12-30,11:53,Tuesday,Sales,Vendor_025,Travel,312.46,20000,,INV-105986,Missing approver,,Data Entry Error
TXN-003697-D,2025-11-27,09:47,Thursday,Finance,Vendor_001,Software,1102.99,60000,,INV-105461,Missing approver,,Data Entry Error
TXN-000160,2025-01-01,10:05,Wednesday,Marketing,Vendor_053,Supplies,-2944.12,25000,Approver_12,INV-100000,Negative amount,,Data Entry Error
TXN-004276,2025-01-02,15:08,Thursday,Finance,Vendor_003,Consulting,-3355.56,60000,Approver_14,INV-100032,Negative amount,,Data Entry Error
TXN-004296,2025-01-07,11:21,Tuesday,Marketing,Vendor_055,Consulting,-2872.01,25000,Approver_05,INV-100084,Negative amount,,Data Entry Error
TXN-005486,2025-01-13,10:39,Monday,Marketing,Vendor_035,Travel,-1236.09,25000,Approver_09,INV-100192,Negative amount,,Data Entry Error
TXN-002591,2025-01-13,11:59,Monday,Procurement,Vendor_054,Equipment,-1786.71,50000,Approver_13,INV-100207,Negative amount,,Data Entry Error
TXN-005603,2025-01-14,17:51,Tuesday,Finance,Vendor_018,Misc,-1786.01,60000,Approver_15,INV-100212,Negative amount,,Data Entry Error
TXN-001225,2025-01-14,15:39,Tuesday,Procurement,Vendor_022,Supplies,-3829.34,50000,Approver_04,INV-100217,Negative amount,,Data Entry Error
TXN-005784,2025-01-14,10:16,Tuesday,Operations,Vendor_015,Supplies,-1207.75,30000,Approver_04,INV-100224,Negative amount,,Data Entry Error
TXN-003432,2025-01-15,16:58,Wednesday,Finance,Vendor_038,Misc,-1953.08,60000,Approver_09,INV-100234,Negative amount,,Data Entry Error
TXN-002782,2025-01-16,15:00,Thursday,HR,Vendor_059,Travel,-3436.78,15000,Approver_02,INV-100268,Negative amount,,Data Entry Error
TXN-000849,2025-01-17,16:37,Friday,Finance,Vendor_008,Travel,-2884.78,60000,Approver_08,INV-100291,Negative amount,,Data Entry Error
TXN-005391,2025-01-20,15:20,Monday,Procurement,Vendor_032,Utilities,-502.75,50000,Approver_05,INV-100306,Negative amount,,Data Entry Error
TXN-002905,2025-01-30,11:38,Thursday,HR,Vendor_013,Utilities,-1540.07,15000,Approver_07,INV-100486,Negative amount,,Data Entry Error
TXN-000682,2025-02-03,11:03,Monday,HR,Vendor_049,Misc,-3903.22,15000,Approver_13,INV-100552,Negative amount,,Data Entry Error
TXN-001869,2025-02-11,09:04,Tuesday,HR,Vendor_005,Misc,-693.53,15000,Approver_10,INV-100680,Negative amount,,Data Entry Error
TXN-004966,2025-02-12,15:44,Wednesday,Procurement,Vendor_031,Utilities,-4651.26,50000,Approver_05,INV-100700,Negative amount,,Data Entry Error
TXN-004818,2025-02-12,12:40,Wednesday,Sales,Vendor_010,Misc,-3245.23,20000,Approver_07,INV-100708,Negative amount,,Data Entry Error
TXN-004654,2025-02-21,18:29,Friday,Procurement,Vendor_045,Travel,-2323.97,50000,Approver_01,INV-100860,Negative amount,,Data Entry Error
TXN-001597,2025-02-25,10:30,Tuesday,Sales,Vendor_019,Misc,-3859.6,20000,Approver_10,INV-100891,Negative amount,,Data Entry Error
TXN-004833,2025-02-25,14:51,Tuesday,Operations,Vendor_013,Travel,-740.25,30000,Approver_07,INV-100895,Negative amount,,Data Entry Error
TXN-001017,2025-02-26,15:00,Wednesday,Finance,Vendor_010,Consulting,-4074.0,60000,Approver_14,INV-100917,Negative amount,,Data Entry Error
TXN-002445,2025-03-04,14:19,Tuesday,Sales,Vendor_024,Utilities,-1370.69,20000,Approver_07,INV-101033,Negative amount,,Data Entry Error
TXN-003211,2025-03-05,12:15,Wednesday,Finance,Vendor_022,Utilities,-4592.99,60000,Approver_11,INV-101041,Negative amount,,Data Entry Error
TXN-005444,2025-03-11,12:25,Tuesday,IT,Vendor_022,Software,-1739.37,40000,Approver_12,INV-101115,Negative amount,,Data Entry Error
TXN-002520,2025-03-18,09:48,Tuesday,Procurement,Vendor_050,Utilities,-2218.78,50000,Approver_02,INV-101231,Negative amount,,Data Entry Error
TXN-002287,2025-03-18,18:09,Tuesday,Sales,Vendor_014,Equipment,-3288.46,20000,Approver_03,INV-101255,Negative amount,,Data Entry Error
TXN-004844,2025-03-27,13:25,Thursday,Operations,Vendor_019,Misc,-187.11,30000,Approver_14,INV-101428,Negative amount,,Data Entry Error
TXN-003086,2025-04-03,15:33,Thursday,Operations,Vendor_017,Utilities,-1456.53,30000,Approver_03,INV-101528,Negative amount,,Data Entry Error
TXN-000911,2025-04-03,18:58,Thursday,Marketing,Vendor_031,Utilities,-3431.19,25000,Approver_03,INV-101543,Negative amount,,Data Entry Error
TXN-005402,2025-04-04,16:35,Friday,Finance,Vendor_001,Supplies,-3988.2,60000,Approver_05,INV-101561,Negative amount,,Data Entry Error
TXN-002458,2025-04-04,14:34,Friday,Procurement,Vendor_019,Misc,-3845.81,50000,Approver_14,INV-101563,Negative amount,,Data Entry Error
TXN-005828,2025-04-04,12:30,Friday,IT,Vendor_034,Equipment,-4698.84,40000,Approver_01,INV-101570,Negative amount,,Data Entry Error
TXN-005792,2025-04-08,12:57,Tuesday,Operations,Vendor_048,Travel,-4690.2,30000,Approver_06,INV-101617,Negative amount,,Data Entry Error
TXN-005960,2025-04-09,11:58,Wednesday,Operations,Vendor_016,Equipment,-501.77,30000,Approver_06,INV-101641,Negative amount,,Data Entry Error
TXN-000348,2025-04-10,11:01,Thursday,Procurement,Vendor_051,Equipment,-816.4,50000,Approver_15,INV-101679,Negative amount,,Data Entry Error
TXN-001809,2025-04-15,16:44,Tuesday,HR,Vendor_025,Consulting,-2048.3,15000,Approver_08,INV-101736,Negative amount,,Data Entry Error
TXN-004625,2025-04-16,12:42,Wednesday,Marketing,Vendor_024,Software,-4511.39,25000,Approver_04,INV-101770,Negative amount,,Data Entry Error
TXN-001710,2025-04-21,11:57,Monday,HR,Vendor_027,Travel,-643.43,15000,Approver_14,INV-101850,Negative amount,,Data Entry Error
TXN-000078,2025-04-28,15:19,Monday,Finance,Vendor_011,Misc,-3072.57,60000,Approver_06,INV-101959,Negative amount,,Data Entry Error
TXN-002575,2025-04-28,10:40,Monday,Sales,Vendor_001,Consulting,-959.04,20000,Approver_02,INV-101960,Negative amount,,Data Entry Error
TXN-003186,2025-04-29,15:41,Tuesday,Operations,Vendor_002,Software,-244.3,30000,Approver_02,INV-101973,Negative amount,,Data Entry Error
TXN-002425,2025-05-01,11:55,Thursday,IT,Vendor_009,Supplies,-2497.59,40000,Approver_01,INV-102023,Negative amount,,Data Entry Error
TXN-002008,2025-05-02,18:18,Friday,Procurement,Vendor_016,Utilities,-3176.11,50000,Approver_04,INV-102045,Negative amount,,Data Entry Error
TXN-002800,2025-05-08,17:23,Thursday,Operations,Vendor_036,Equipment,-2462.4,30000,Approver_02,INV-102137,Negative amount,,Data Entry Error
TXN-000021,2025-05-08,14:39,Thursday,Procurement,Vendor_007,Software,-4627.23,50000,Approver_14,INV-102149,Negative amount,,Data Entry Error
TXN-002366,2025-05-12,18:31,Monday,Procurement,Vendor_005,Equipment,-4504.83,50000,Approver_10,INV-102198,Negative amount,,Data Entry Error
TXN-000774,2025-05-12,13:09,Monday,Sales,Vendor_041,Consulting,-4217.82,20000,Approver_03,INV-102202,Negative amount,,Data Entry Error
TXN-003699,2025-05-14,14:54,Wednesday,HR,Vendor_008,Utilities,-4922.02,15000,Approver_04,INV-102240,Negative amount,,Data Entry Error
TXN-000557,2025-05-14,15:15,Wednesday,Sales,Vendor_045,Software,-3002.35,20000,Approver_01,INV-102241,Negative amount,,Data Entry Error
TXN-005900,2025-05-16,08:16,Friday,Operations,Vendor_041,Misc,-3174.59,30000,Approver_14,INV-102287,Negative amount,,Data Entry Error
TXN-003309,2025-05-20,13:44,Tuesday,Sales,Vendor_037,Equipment,-384.47,20000,Approver_15,INV-102324,Negative amount,,Data Entry Error
TXN-002088,2025-05-22,13:17,Thursday,IT,Vendor_013,Software,-3415.38,40000,Approver_13,INV-102376,Negative amount,,Data Entry Error
TXN-005032,2025-05-23,12:01,Friday,HR,Vendor_032,Travel,-4704.63,15000,Approver_04,INV-102390,Negative amount,,Data Entry Error
TXN-004903,2025-05-28,16:15,Wednesday,Finance,Vendor_023,Supplies,-367.47,60000,Approver_15,INV-102467,Negative amount,,Data Entry Error
TXN-004341,2025-06-04,09:33,Wednesday,Sales,Vendor_057,Misc,-4678.02,20000,Approver_15,INV-102567,Negative amount,,Data Entry Error
TXN-002537,2025-06-06,12:13,Friday,Procurement,Vendor_037,Consulting,-1275.34,50000,Approver_13,INV-102627,Negative amount,,Data Entry Error
TXN-005240,2025-06-10,08:36,Tuesday,Marketing,Vendor_037,Software,-4575.76,25000,Approver_06,INV-102660,Negative amount,,Data Entry Error
TXN-002614,2025-06-13,09:09,Friday,Procurement,Vendor_050,Travel,-754.37,50000,Approver_03,INV-102733,Negative amount,,Data Entry Error
TXN-000180,2025-06-16,15:10,Monday,HR,Vendor_045,Utilities,-3635.48,15000,Approver_10,INV-102746,Negative amount,,Data Entry Error
TXN-005237,2025-06-18,09:16,Wednesday,IT,Vendor_026,Misc,-1963.91,40000,Approver_11,INV-102778,Negative amount,,Data Entry Error
TXN-002394,2025-06-18,15:16,Wednesday,HR,Vendor_024,Misc,-3255.22,15000,Approver_10,INV-102775,Negative amount,,Data Entry Error
TXN-004711,2025-06-23,11:34,Monday,Operations,Vendor_014,Equipment,-2647.35,30000,Approver_09,INV-102865,Negative amount,,Data Entry Error
TXN-001042,2025-06-25,09:23,Wednesday,Sales,Vendor_050,Equipment,-2506.29,20000,Approver_05,INV-102904,Negative amount,,Data Entry Error
TXN-005493,2025-07-01,10:43,Tuesday,Finance,Vendor_049,Equipment,-3941.3,60000,Approver_01,INV-103011,Negative amount,,Data Entry Error
TXN-004945,2025-07-01,11:39,Tuesday,Procurement,Vendor_029,Consulting,-4211.47,50000,Approver_14,INV-103013,Negative amount,,Data Entry Error
TXN-004463,2025-07-02,08:16,Wednesday,Finance,Vendor_023,Supplies,-3282.06,60000,Approver_15,INV-103033,Negative amount,,Data Entry Error
TXN-000869,2025-07-08,18:49,Tuesday,Marketing,Vendor_048,Misc,-2856.81,25000,Approver_02,INV-103106,Negative amount,,Data Entry Error
TXN-005970,2025-07-18,17:25,Friday,HR,Vendor_027,Equipment,-4232.33,15000,Approver_05,INV-103279,Negative amount,,Data Entry Error
TXN-003428,2025-07-21,16:40,Monday,Marketing,Vendor_031,Travel,-3934.95,25000,Approver_09,INV-103319,Negative amount,,Data Entry Error
TXN-005529,2025-07-24,17:04,Thursday,HR,Vendor_030,Utilities,-4965.56,15000,Approver_10,INV-103373,Negative amount,,Data Entry Error
TXN-003036,2025-08-05,10:55,Tuesday,Operations,Vendor_014,Software,-4207.92,30000,Approver_03,INV-103576,Negative amount,,Data Entry Error
TXN-000133,2025-08-12,16:27,Tuesday,Procurement,Vendor_027,Travel,-4689.28,50000,Approver_04,INV-103688,Negative amount,,Data Entry Error
TXN-001094,2025-08-12,11:02,Tuesday,Marketing,Vendor_021,Supplies,-3316.11,25000,Approver_15,INV-103699,Negative amount,,Data Entry Error
TXN-003744,2025-08-13,11:39,Wednesday,HR,Vendor_043,Supplies,-1193.66,15000,Approver_14,INV-103709,Negative amount,,Data Entry Error
TXN-003782,2025-08-21,15:08,Thursday,Sales,Vendor_024,Misc,-645.45,20000,Approver_13,INV-103870,Negative amount,,Data Entry Error
TXN-003261,2025-08-26,08:53,Tuesday,Procurement,Vendor_007,Misc,-1483.71,50000,Approver_15,INV-103942,Negative amount,,Data Entry Error
TXN-001697,2025-08-26,11:28,Tuesday,Procurement,Vendor_030,Software,-2737.79,50000,Approver_01,INV-103949,Negative amount,,Data Entry Error
TXN-002792,2025-08-27,15:48,Wednesday,Finance,Vendor_001,Misc,-247.43,60000,Approver_14,INV-103968,Negative amount,,Data Entry Error
TXN-000076,2025-09-04,09:30,Thursday,Sales,Vendor_015,Utilities,-2019.39,20000,Approver_12,INV-104107,Negative amount,,Data Entry Error
TXN-004421,2025-09-09,12:41,Tuesday,Operations,Vendor_030,Misc,-185.63,30000,Approver_04,INV-104166,Negative amount,,Data Entry Error
TXN-004239,2025-09-10,11:14,Wednesday,Finance,Vendor_048,Utilities,-371.09,60000,Approver_06,INV-104190,Negative amount,,Data Entry Error
TXN-004148,2025-09-10,12:48,Wednesday,HR,Vendor_042,Consulting,-4707.02,15000,Approver_05,INV-104206,Negative amount,,Data Entry Error
TXN-005138,2025-09-24,14:48,Wednesday,Sales,Vendor_055,Travel,-871.47,20000,Approver_04,INV-104420,Negative amount,,Data Entry Error
TXN-005366,2025-09-25,10:18,Thursday,Sales,Vendor_007,Consulting,-3590.08,20000,Approver_03,INV-104457,Negative amount,,Data Entry Error
TXN-003126,2025-09-26,16:21,Friday,Marketing,Vendor_041,Software,-721.3,25000,Approver_04,INV-104462,Negative amount,,Data Entry Error
TXN-001015,2025-09-29,09:52,Monday,Operations,Vendor_012,Equipment,-4663.12,30000,Approver_05,INV-104499,Negative amount,,Data Entry Error
TXN-002470,2025-10-03,16:52,Friday,Sales,Vendor_039,Supplies,-482.43,20000,Approver_09,INV-104578,Negative amount,,Data Entry Error
TXN-003248,2025-10-03,15:55,Friday,Sales,Vendor_044,Travel,-1142.17,20000,Approver_12,INV-104598,Negative amount,,Data Entry Error
TXN-003835,2025-10-07,08:04,Tuesday,HR,Vendor_010,Supplies,-3784.73,15000,Approver_12,INV-104623,Negative amount,,Data Entry Error
TXN-002073,2025-10-09,09:05,Thursday,IT,Vendor_037,Misc,-1714.88,40000,,INV-104657,Negative amount,,Data Entry Error
TXN-000845,2025-10-16,10:15,Thursday,Procurement,Vendor_042,Software,-3066.87,50000,Approver_14,INV-104783,Negative amount,,Data Entry Error
TXN-005070,2025-10-17,15:03,Friday,Finance,Vendor_023,Software,-2465.78,60000,Approver_10,INV-104793,Negative amount,,Data Entry Error
TXN-004935,2025-10-20,17:53,Monday,Marketing,Vendor_040,Supplies,-2995.73,25000,Approver_02,INV-104808,Negative amount,,Data Entry Error
TXN-004716,2025-10-20,16:39,Monday,Marketing,Vendor_021,Supplies,-3964.02,25000,Approver_11,INV-104812,Negative amount,,Data Entry Error
TXN-001380,2025-10-23,14:40,Thursday,Operations,Vendor_004,Utilities,-1100.02,30000,Approver_13,INV-104886,Negative amount,,Data Entry Error
TXN-003210,2025-10-24,15:25,Friday,IT,Vendor_054,Software,-1991.81,40000,Approver_12,INV-104905,Negative amount,,Data Entry Error
TXN-004790,2025-10-29,17:12,Wednesday,HR,Vendor_049,Software,-4944.91,15000,Approver_01,INV-104982,Negative amount,,Data Entry Error
TXN-005835,2025-10-31,12:16,Friday,IT,Vendor_032,Utilities,-2030.43,40000,Approver_15,INV-105025,Negative amount,,Data Entry Error
TXN-005741,2025-11-05,12:18,Wednesday,Procurement,Vendor_009,Supplies,-3751.36,50000,,INV-105083,Negative amount,,Data Entry Error
TXN-005755,2025-11-06,12:31,Thursday,IT,Vendor_029,Equipment,-4681.23,40000,Approver_01,INV-105106,Negative amount,,Data Entry Error
TXN-002053,2025-11-06,09:46,Thursday,Marketing,Vendor_028,Misc,-375.17,25000,Approver_03,INV-105109,Negative amount,,Data Entry Error
TXN-004622,2025-11-07,18:37,Friday,HR,Vendor_011,Travel,-4970.51,15000,Approver_09,INV-105127,Negative amount,,Data Entry Error
TXN-001537,2025-11-11,18:11,Tuesday,IT,Vendor_039,Travel,-2152.18,40000,Approver_12,INV-105172,Negative amount,,Data Entry Error
TXN-004645,2025-11-20,17:20,Thursday,Operations,Vendor_032,Software,-2644.89,30000,Approver_03,INV-105322,Negative amount,,Data Entry Error
TXN-001391,2025-11-24,15:07,Monday,Finance,Vendor_033,Software,-4564.72,60000,Approver_05,INV-105386,Negative amount,,Data Entry Error
TXN-003481,2025-11-24,12:59,Monday,Marketing,Vendor_057,Supplies,-2876.85,25000,Approver_04,INV-105390,Negative amount,,Data Entry Error
TXN-004199,2025-11-28,15:50,Friday,Operations,Vendor_054,Supplies,-4074.41,30000,Approver_03,INV-105465,Negative amount,,Data Entry Error
TXN-005764,2025-12-01,14:17,Monday,Operations,Vendor_047,Supplies,-1558.51,30000,Approver_03,INV-105499,Negative amount,,Data Entry Error
TXN-002312,2025-12-03,15:43,Wednesday,Finance,Vendor_016,Supplies,-251.01,60000,Approver_01,INV-105537,Negative amount,,Data Entry Error
TXN-005389,2025-12-10,09:32,Wednesday,Sales,Vendor_012,Software,-4919.97,20000,Approver_06,INV-105678,Negative amount,,Data Entry Error
TXN-004094,2025-12-11,09:27,Thursday,Procurement,Vendor_056,Software,-2991.59,50000,Approver_02,INV-105690,Negative amount,,Data Entry Error
TXN-000428,2025-12-11,17:07,Thursday,Marketing,Vendor_059,Equipment,-2905.44,25000,Approver_07,INV-105691,Negative amount,,Data Entry Error
TXN-004780,2025-12-11,11:19,Thursday,Finance,Vendor_035,Utilities,-4633.87,60000,Approver_09,INV-105699,Negative amount,,Data Entry Error
TXN-004303,2025-12-11,15:31,Thursday,IT,Vendor_047,Supplies,-284.15,40000,Approver_14,INV-105708,Negative amount,,Data Entry Error
TXN-003998,2025-12-22,11:04,Monday,Finance,Vendor_038,Supplies,-496.36,60000,,INV-105848,Negative amount,,Data Entry Error
TXN-000303,2025-12-22,09:42,Monday,Procurement,Vendor_010,Utilities,-2603.52,50000,Approver_12,INV-105858,Negative amount,,Data Entry Error
TXN-000012,2025-12-25,09:14,Thursday,Finance,Vendor_032,Software,-205.57,60000,Approver_07,INV-105911,Negative amount,,Data Entry Error
TXN-004167,2025-12-26,18:41,Friday,Marketing,Vendor_060,Travel,-3023.67,25000,Approver_07,INV-105959,Negative amount,,Data Entry Error
TXN-000427,2025-12-29,11:46,Monday,Procurement,Vendor_003,Supplies,-4371.45,50000,Approver_08,INV-105977,Negative amount,,Data Entry Error
TXN-000398,2025-12-30,10:58,Tuesday,Sales,Vendor_037,Utilities,-879.08,20000,Approver_05,INV-105985,Negative amount,,Data Entry Error
TXN-003432-D,2025-01-15,16:58,Wednesday,Finance,Vendor_038,Misc,-1953.08,60000,Approver_09,INV-100234,Negative amount,,Data Entry Error
TXN-003038-D,2025-01-06,08:16,Monday,Procurement,Vendor_047,Supplies,36783.04,50000,Approver_10,INV-100079,Out-of-sequence invoice number,,Data Entry Error
TXN-002965,2025-01-07,11:09,Tuesday,Operations,Vendor_045,Equipment,192.03,30000,Approver_13,INV-100106,Out-of-sequence invoice number,,Data Entry Error
TXN-001103-D,2025-01-08,15:05,Wednesday,IT,Vendor_057,Equipment,1849.57,40000,Approver_01,INV-100125,Out-of-sequence invoice number,,Data Entry Error
TXN-005685-D,2025-01-10,13:50,Friday,IT,Vendor_030,Utilities,272.24,40000,Approver_13,INV-100179,Out-of-sequence invoice number,,Data Entry Error
TXN-001338,2025-01-13,12:13,Monday,Sales,Vendor_002,Utilities,619.75,20000,Approver_13,INV-100190,Out-of-sequence invoice number,,Data Entry Error
TXN-002849,2025-01-13,11:52,Monday,Finance,Vendor_004,Consulting,123.85,60000,Approver_12,INV-100200,Out-of-sequence invoice number,,Data Entry Error
TXN-003432-D,2025-01-15,16:58,Wednesday,Finance,Vendor_038,Misc,-1953.08,60000,Approver_09,INV-100234,Out-of-sequence invoice number,,Data Entry Error
TXN-001677,2025-01-16,18:58,Thursday,Finance,Vendor_008,Utilities,116.73,60000,Approver_02,INV-100254,Out-of-sequence invoice number,,Data Entry Error
TXN-000470-D,2025-01-16,18:45,Thursday,Marketing,Vendor_029,Software,208.94,25000,Approver_01,INV-100276,Out-of-sequence invoice number,,Data Entry Error
TXN-004584-D,2025-01-22,10:33,Wednesday,Procurement,Vendor_051,Supplies,97.84,50000,Approver_12,INV-100368,Out-of-sequence invoice number,,Data Entry Error
TXN-001369-D,2025-01-22,11:09,Wednesday,Marketing,Vendor_010,Equipment,75.64,25000,Approver_11,INV-100354,Out-of-sequence invoice number,,Data Entry Error
TXN-004115,2025-01-27,11:05,Monday,HR,Vendor_001,Misc,34.06,15000,Approver_15,INV-100410,Out-of-sequence invoice number,,Data Entry Error
TXN-002555,2025-02-03,17:02,Monday,Finance,Vendor_054,Equipment,1012.28,60000,Approver_01,INV-100544,Out-of-sequence invoice number,,Data Entry Error
TXN-000510-D,2025-02-03,12:44,Monday,Marketing,Vendor_042,Supplies,266.99,25000,Approver_11,INV-100554,Out-of-sequence invoice number,,Data Entry Error
TXN-000320,2025-02-05,12:27,Wednesday,Marketing,Vendor_055,Consulting,43.09,25000,Approver_12,INV-100604,Out-of-sequence invoice number,,Data Entry Error
TXN-000966,2025-02-12,14:41,Wednesday,IT,Vendor_054,Utilities,206.34,40000,Approver_12,INV-100689,Out-of-sequence invoice number,,Data Entry Error
TXN-005548,2025-02-12,11:01,Wednesday,Marketing,Vendor_018,Equipment,497.13,25000,Approver_01,INV-100700,Out-of-sequence invoice number,,Data Entry Error
TXN-002487,2025-02-13,10:39,Thursday,Procurement,Vendor_041,Consulting,455.61,50000,Approver_10,INV-100724,Out-of-sequence invoice number,,Data Entry Error
TXN-002116,2025-02-21,15:35,Friday,Operations,Vendor_034,Supplies,2844.89,30000,Approver_07,INV-100832,Out-of-sequence invoice number,,Data Entry Error
TXN-002097,2025-02-21,12:40,Friday,IT,Vendor_039,Consulting,6857.93,40000,Approver_13,INV-100841,Out-of-sequence invoice number,,Data Entry Error
TXN-003461,2025-02-21,08:58,Friday,IT,Vendor_020,Utilities,6615.2,40000,Approver_09,INV-100850,Out-of-sequence invoice number,,Data Entry Error
TXN-001170-D,2025-02-24,11:13,Monday,Operations,Vendor_038,Utilities,15000.0,30000,Approver_06,INV-100867,Out-of-sequence invoice number,,Data Entry Error
TXN-002250,2025-02-27,16:45,Thursday,Finance,Vendor_012,Consulting,373.8,60000,Approver_06,INV-100945,Out-of-sequence invoice number,,Data Entry Error
TXN-002831-D,2025-02-27,12:49,Thursday,Sales,Vendor_001,Consulting,463.14,20000,Approver_14,INV-100931,Out-of-sequence invoice number,,Data Entry Error
TXN-000943,2025-02-28,10:23,Friday,Finance,Vendor_028,Utilities,17.12,60000,Approver_05,INV-100959,Out-of-sequence invoice number,,Data Entry Error
TXN-001901,2025-03-03,16:37,Monday,Sales,Vendor_009,Supplies,1352.65,20000,Approver_05,INV-100988,Out-of-sequence invoice number,,Data Entry Error
TXN-000014-D,2025-03-03,15:05,Monday,HR,Vendor_058,Misc,165.36,15000,Approver_14,INV-100984,Out-of-sequence invoice number,,Data Entry Error
TXN-003586-D,2025-03-12,11:27,Wednesday,Finance,Vendor_057,Utilities,3034.27,60000,Approver_12,INV-101132,Out-of-sequence invoice number,,Data Entry Error
TXN-005971,2025-03-17,10:16,Monday,HR,Vendor_017,Misc,865.98,15000,Approver_14,INV-101210,Out-of-sequence invoice number,,Data Entry Error
TXN-001581-D,2025-03-18,13:34,Tuesday,Sales,Vendor_042,Misc,85433.6,20000,Approver_13,INV-101240,Out-of-sequence invoice number,,Data Entry Error
TXN-001298,2025-03-19,13:20,Wednesday,Marketing,Vendor_022,Supplies,766.47,25000,Approver_04,INV-101260,Out-of-sequence invoice number,,Data Entry Error
TXN-003239,2025-03-20,12:27,Thursday,Marketing,Vendor_035,Equipment,145.51,25000,Approver_14,INV-101283,Out-of-sequence invoice number,,Data Entry Error
TXN-004083,2025-03-20,15:03,Thursday,Operations,Vendor_035,Equipment,17.09,30000,Approver_09,INV-101295,Out-of-sequence invoice number,,Data Entry Error
TXN-002594,2025-03-20,16:30,Thursday,IT,Vendor_037,Misc,1019.28,40000,Approver_11,INV-101302,Out-of-sequence invoice number,,Data Entry Error
TXN-002789,2025-03-21,10:35,Friday,HR,Vendor_001,Software,18.39,15000,Approver_09,INV-101314,Out-of-sequence invoice number,,Data Entry Error
TXN-003647,2025-03-21,12:26,Friday,Finance,Vendor_047,Equipment,32.85,60000,Approver_14,INV-101322,Out-of-sequence invoice number,,Data Entry Error
TXN-004937,2025-03-24,10:52,Monday,Sales,Vendor_009,Travel,35.84,20000,Approver_11,INV-101344,Out-of-sequence invoice number,,Data Entry Error
TXN-001493,2025-03-25,09:33,Tuesday,Operations,Vendor_049,Travel,53.27,30000,Approver_02,INV-101365,Out-of-sequence invoice number,,Data Entry Error
TXN-002882,2025-03-26,08:01,Wednesday,IT,Vendor_020,Misc,65212.88,40000,Approver_02,INV-101397,Out-of-sequence invoice number,,Data Entry Error
TXN-001570,2025-03-31,12:01,Monday,HR,Vendor_045,Misc,1000.0,15000,Approver_14,INV-101466,Out-of-sequence invoice number,,Data Entry Error
TXN-004048-D,2025-04-01,15:45,Tuesday,Operations,Vendor_058,Software,36.23,30000,Approver_11,INV-101483,Out-of-sequence invoice number,,Data Entry Error
TXN-000258,2025-04-03,13:34,Thursday,Procurement,Vendor_038,Travel,40.81,50000,Approver_08,INV-101520,Out-of-sequence invoice number,,Data Entry Error
TXN-005837,2025-04-09,15:22,Wednesday,IT,Vendor_020,Misc,4729.04,40000,Approver_15,INV-101634,Out-of-sequence invoice number,,Data Entry Error
TXN-005291,2025-04-09,16:01,Wednesday,Marketing,Vendor_003,Misc,61953.71,25000,Approver_02,INV-101642,Out-of-sequence invoice number,,Data Entry Error
TXN-000306,2025-04-14,10:11,Monday,Procurement,Vendor_037,Utilities,10.4,50000,Approver_14,INV-101705,Out-of-sequence invoice number,,Data Entry Error
TXN-000771,2025-04-14,15:06,Monday,Procurement,Vendor_036,Misc,81.1,50000,Approver_10,INV-101719,Out-of-sequence invoice number,,Data Entry Error
TXN-003731,2025-04-15,10:01,Tuesday,Finance,Vendor_018,Utilities,58.35,60000,Approver_03,INV-101731,Out-of-sequence invoice number,,Data Entry Error
TXN-000759,2025-04-15,10:40,Tuesday,HR,Vendor_055,Supplies,149.35,15000,Approver_11,INV-101738,Out-of-sequence invoice number,,Data Entry Error
TXN-004309-D,2025-04-15,10:18,Tuesday,HR,Vendor_034,Equipment,146.46,15000,Approver_14,INV-101729,Out-of-sequence invoice number,,Data Entry Error
TXN-005243-D,2025-04-16,12:57,Wednesday,Finance,Vendor_034,Equipment,9761.74,60000,Approver_06,INV-101766,Out-of-sequence invoice number,,Data Entry Error
TXN-001220,2025-04-18,11:02,Friday,IT,Vendor_037,Utilities,440.93,40000,Approver_03,INV-101814,Out-of-sequence invoice number,,Data Entry Error
TXN-002167,2025-04-21,16:52,Monday,Finance,Vendor_044,Misc,1105.27,60000,Approver_14,INV-101829,Out-of-sequence invoice number,,Data Entry Error
TXN-000402,2025-04-22,10:22,Tuesday,Operations,Vendor_053,Supplies,28.81,30000,Approver_09,INV-101846,Out-of-sequence invoice number,,Data Entry Error
TXN-004101,2025-04-23,15:00,Wednesday,Operations,Vendor_042,Misc,81.95,30000,Approver_02,INV-101884,Out-of-sequence invoice number,,Data Entry Error
TXN-005587,2025-04-25,11:42,Friday,Sales,Vendor_012,Utilities,2235.48,20000,Approver_10,INV-101913,Out-of-sequence invoice number,,Data Entry Error
TXN-001287-D,2025-04-30,12:40,Wednesday,Sales,Vendor_009,Misc,691.14,20000,Approver_05,INV-101988,Out-of-sequence invoice number,,Data Entry Error
TXN-001499-D,2025-05-01,15:04,Thursday,Finance,Vendor_051,Travel,6340.8,60000,Approver_13,INV-102031,Out-of-sequence invoice number,,Data Entry Error
TXN-001032,2025-05-05,16:38,Monday,Procurement,Vendor_044,Consulting,314.16,50000,Approver_01,INV-102066,Out-of-sequence invoice number,,Data Entry Error
TXN-000052,2025-05-06,09:27,Tuesday,Operations,Vendor_057,Misc,6649.52,30000,Approver_03,INV-102085,Out-of-sequence invoice number,,Data Entry Error
TXN-000162,2025-05-06,11:15,Tuesday,Operations,Vendor_008,Equipment,54062.85,30000,Approver_05,INV-102097,Out-of-sequence invoice number,,Data Entry Error
TXN-001382,2025-05-09,09:00,Friday,Finance,Vendor_045,Utilities,59.71,60000,Approver_01,INV-102160,Out-of-sequence invoice number,,Data Entry Error
TXN-005491-D,2025-05-12,11:34,Monday,Marketing,Vendor_039,Software,711.93,25000,Approver_05,INV-102185,Out-of-sequence invoice number,,Data Entry Error
TXN-002022,2025-05-21,12:53,Wednesday,IT,Vendor_045,Software,13194.12,40000,,INV-102347,Out-of-sequence invoice number,,Data Entry Error
TXN-001660,2025-05-22,12:29,Thursday,Operations,Vendor_044,Consulting,32063.09,30000,Approver_01,INV-102361,Out-of-sequence invoice number,,Data Entry Error
TXN-001481-D,2025-05-26,12:11,Monday,Marketing,Vendor_005,Misc,46.59,25000,Approver_14,INV-102427,Out-of-sequence invoice number,,Data Entry Error
TXN-005531,2025-05-28,16:20,Wednesday,Marketing,Vendor_053,Supplies,399.55,25000,Approver_13,INV-102468,Out-of-sequence invoice number,,Data Entry Error
TXN-004811-D,2025-05-30,10:38,Friday,Operations,Vendor_022,Misc,3092.57,30000,Approver_07,INV-102520,Out-of-sequence invoice number,,Data Entry Error
TXN-005498,2025-06-04,11:17,Wednesday,Sales,Vendor_013,Software,554.39,20000,Approver_13,INV-102574,Out-of-sequence invoice number,,Data Entry Error
TXN-002694,2025-06-04,10:13,Wednesday,Finance,Vendor_021,Travel,75554.21,60000,Approver_10,INV-102573,Out-of-sequence invoice number,,Data Entry Error
TXN-000412,2025-06-05,16:15,Thursday,HR,Vendor_032,Supplies,576.0,15000,Approver_14,INV-102582,Out-of-sequence invoice number,,Data Entry Error
TXN-000807,2025-06-05,15:17,Thursday,HR,Vendor_059,Equipment,31.73,15000,Approver_12,INV-102606,Out-of-sequence invoice number,,Data Entry Error
TXN-003679,2025-06-11,12:29,Wednesday,Sales,Vendor_037,Travel,47.01,20000,Approver_08,INV-102673,Out-of-sequence invoice number,,Data Entry Error
TXN-003390,2025-06-11,17:29,Wednesday,Procurement,Vendor_015,Supplies,133.37,50000,Approver_08,INV-102686,Out-of-sequence invoice number,,Data Entry Error
TXN-004583,2025-06-11,08:59,Wednesday,IT,Vendor_050,Software,278.43,40000,Approver_02,INV-102689,Out-of-sequence invoice number,,Data Entry Error
TXN-002280-D,2025-06-11,11:06,Wednesday,Operations,Vendor_058,Software,600.18,30000,Approver_02,INV-102687,Out-of-sequence invoice number,,Data Entry Error
TXN-002113-D,2025-06-12,12:06,Thursday,HR,Vendor_034,Consulting,5000.0,15000,Approver_01,INV-102711,Out-of-sequence invoice number,,Data Entry Error
TXN-003304,2025-06-17,15:55,Tuesday,Marketing,Vendor_055,Consulting,104.86,25000,Approver_13,INV-102754,Out-of-sequence invoice number,,Data Entry Error
TXN-004648,2025-06-17,09:15,Tuesday,Marketing,Vendor_053,Supplies,84.93,25000,Approver_02,INV-102753,Out-of-sequence invoice number,,Data Entry Error
TXN-002394,2025-06-18,15:16,Wednesday,HR,Vendor_024,Misc,-3255.22,15000,Approver_10,INV-102775,Out-of-sequence invoice number,,Data Entry Error
TXN-004778,2025-06-20,15:03,Friday,Finance,Vendor_050,Misc,457.45,60000,Approver_05,INV-102822,Out-of-sequence invoice number,,Data Entry Error
TXN-000920,2025-06-20,15:58,Friday,Finance,Vendor_030,Misc,13386.16,60000,Approver_09,INV-102836,Out-of-sequence invoice number,,Data Entry Error
TXN-001476,2025-06-25,16:13,Wednesday,Finance,Vendor_014,Utilities,930.81,60000,Approver_01,INV-102902,Out-of-sequence invoice number,,Data Entry Error
TXN-002288-D,2025-06-26,16:00,Thursday,HR,Vendor_052,Equipment,72.88,15000,Approver_09,INV-102939,Out-of-sequence invoice number,,Data Entry Error
TXN-003791,2025-07-02,12:09,Wednesday,HR,Vendor_039,Supplies,229.34,15000,Approver_06,INV-103023,Out-of-sequence invoice number,,Data Entry Error
TXN-002114-D,2025-07-03,18:48,Thursday,HR,Vendor_040,Utilities,13858.12,15000,Approver_07,INV-103053,Out-of-sequence invoice number,,Data Entry Error
TXN-003093-D,2025-07-03,21:46,Thursday,HR,Vendor_015,Travel,492.17,15000,Approver_06,INV-103052,Out-of-sequence invoice number,,Data Entry Error
TXN-003192,2025-07-09,10:00,Wednesday,Sales,Vendor_025,Supplies,4129.85,20000,Approver_09,INV-103129,Out-of-sequence invoice number,,Data Entry Error
TXN-004166,2025-07-14,11:39,Monday,Operations,Vendor_033,Supplies,626.42,30000,Approver_15,INV-103205,Out-of-sequence invoice number,,Data Entry Error
TXN-004762-D,2025-07-14,15:29,Monday,Procurement,Vendor_030,Travel,3584.52,50000,Approver_02,INV-103198,Out-of-sequence invoice number,,Data Entry Error
TXN-001893,2025-07-16,14:38,Wednesday,Finance,Vendor_050,Consulting,2104.46,60000,Approver_10,INV-103248,Out-of-sequence invoice number,,Data Entry Error
TXN-001263,2025-07-17,14:52,Thursday,Operations,Vendor_005,Utilities,307.65,30000,Approver_04,INV-103267,Out-of-sequence invoice number,,Data Entry Error
TXN-005396,2025-07-21,12:55,Monday,IT,Vendor_040,Consulting,6321.99,40000,Approver_15,INV-103297,Out-of-sequence invoice number,,Data Entry Error
TXN-002826,2025-07-21,14:10,Monday,Sales,Vendor_055,Equipment,416.74,20000,Approver_01,INV-103299,Out-of-sequence invoice number,,Data Entry Error
TXN-001995,2025-07-22,14:19,Tuesday,Procurement,Vendor_016,Software,3490.87,50000,Approver_05,INV-103335,Out-of-sequence invoice number,,Data Entry Error
TXN-000678,2025-07-27,08:09,Sunday,Sales,Vendor_018,Misc,49745.62,20000,Approver_08,INV-103406,Out-of-sequence invoice number,,Data Entry Error
TXN-000396-D,2025-07-31,11:16,Thursday,IT,Vendor_046,Software,940.55,40000,Approver_15,INV-103508,Out-of-sequence invoice number,,Data Entry Error
TXN-001708-D,2025-08-01,14:37,Friday,Finance,Vendor_034,Supplies,27.61,60000,Approver_15,INV-103512,Out-of-sequence invoice number,,Data Entry Error
TXN-000059-D,2025-08-05,18:26,Tuesday,Sales,Vendor_006,Software,18254.32,20000,Approver_05,INV-103573,Out-of-sequence invoice number,,Data Entry Error
TXN-003014,2025-08-11,18:33,Monday,Marketing,Vendor_031,Equipment,174.7,25000,Approver_14,INV-103661,Out-of-sequence invoice number,,Data Entry Error
TXN-003522-D,2025-08-13,14:38,Wednesday,Operations,Vendor_028,Consulting,160.74,30000,Approver_06,INV-103721,Out-of-sequence invoice number,,Data Entry Error
TXN-002267,2025-08-14,15:27,Thursday,Marketing,Vendor_057,Travel,110.24,25000,Approver_10,INV-103726,Out-of-sequence invoice number,,Data Entry Error
TXN-004043,2025-08-15,14:50,Friday,Sales,Vendor_051,Travel,42.28,20000,Approver_12,INV-103763,Out-of-sequence invoice number,,Data Entry Error
TXN-004194-D,2025-08-15,11:31,Friday,HR,Vendor_023,Misc,9066.64,15000,Approver_12,INV-103771,Out-of-sequence invoice number,,Data Entry Error
TXN-005254,2025-08-20,17:12,Wednesday,HR,Vendor_013,Travel,49906.37,15000,Approver_14,INV-103838,Out-of-sequence invoice number,,Data Entry Error
TXN-001598-D,2025-08-22,15:48,Friday,IT,Vendor_002,Consulting,12.38,40000,Approver_01,INV-103875,Out-of-sequence invoice number,,Data Entry Error
TXN-003915-D,2025-08-22,15:41,Friday,Sales,Vendor_022,Misc,824.23,20000,Approver_07,INV-103880,Out-of-sequence invoice number,,Data Entry Error
TXN-001560,2025-08-25,18:31,Monday,Marketing,Vendor_047,Supplies,17.67,25000,Approver_12,INV-103898,Out-of-sequence invoice number,,Data Entry Error
TXN-003169-D,2025-08-27,10:47,Wednesday,IT,Vendor_052,Travel,300.17,40000,Approver_05,INV-103953,Out-of-sequence invoice number,,Data Entry Error
TXN-001166,2025-09-02,15:22,Tuesday,Operations,Vendor_060,Misc,631.71,30000,Approver_01,INV-104033,Out-of-sequence invoice number,,Data Entry Error
TXN-005579,2025-09-03,16:08,Wednesday,IT,Vendor_052,Utilities,5134.69,40000,Approver_10,INV-104077,Out-of-sequence invoice number,,Data Entry Error
TXN-002722,2025-09-05,10:34,Friday,Marketing,Vendor_037,Equipment,125.35,25000,Approver_10,INV-104109,Out-of-sequence invoice number,,Data Entry Error
TXN-005476,2025-09-10,12:12,Wednesday,Sales,Vendor_018,Misc,23.22,20000,Approver_03,INV-104179,Out-of-sequence invoice number,,Data Entry Error
TXN-004370,2025-09-11,08:43,Thursday,Finance,Vendor_046,Supplies,5000.0,60000,Approver_14,INV-104211,Out-of-sequence invoice number,,Data Entry Error
TXN-004486,2025-09-12,12:48,Friday,Operations,Vendor_035,Consulting,3149.87,30000,Approver_11,INV-104219,Out-of-sequence invoice number,,Data Entry Error
TXN-001122-D,2025-09-12,12:25,Friday,Sales,Vendor_012,Equipment,475.47,20000,Approver_13,INV-104230,Out-of-sequence invoice number,,Data Entry Error
TXN-001803,2025-09-15,12:58,Monday,Operations,Vendor_023,Supplies,38.39,30000,Approver_06,INV-104257,Out-of-sequence invoice number,,Data Entry Error
TXN-002595,2025-09-17,12:59,Wednesday,IT,Vendor_052,Supplies,875.89,40000,Approver_05,INV-104296,Out-of-sequence invoice number,,Data Entry Error
TXN-005461,2025-09-17,22:58,Wednesday,Sales,Vendor_050,Equipment,1591.87,20000,Approver_12,INV-104311,Out-of-sequence invoice number,,Data Entry Error
TXN-003951,2025-09-24,15:03,Wednesday,Finance,Vendor_058,Travel,20000.0,60000,Approver_13,INV-104432,Out-of-sequence invoice number,,Data Entry Error
TXN-000416-D,2025-09-25,12:39,Thursday,Finance,Vendor_032,Supplies,11.36,60000,Approver_15,INV-104442,Out-of-sequence invoice number,,Data Entry Error
TXN-003258-D,2025-09-30,11:23,Tuesday,Sales,Vendor_048,Supplies,77.45,20000,Approver_10,INV-104524,Out-of-sequence invoice number,,Data Entry Error
TXN-002017,2025-10-06,10:50,Monday,Finance,Vendor_021,Consulting,15228.81,60000,Approver_02,INV-104606,Out-of-sequence invoice number,,Data Entry Error
TXN-002604-D,2025-10-07,16:28,Tuesday,Sales,Vendor_051,Misc,29.47,20000,Approver_09,INV-104617,Out-of-sequence invoice number,,Data Entry Error
TXN-003797,2025-10-08,16:43,Wednesday,Finance,Vendor_015,Equipment,248.98,60000,Approver_10,INV-104624,Out-of-sequence invoice number,,Data Entry Error
TXN-002295-D,2025-10-14,17:22,Tuesday,Sales,Vendor_042,Software,150.89,20000,Approver_03,INV-104735,Out-of-sequence invoice number,,Data Entry Error
TXN-004383,2025-10-17,14:55,Friday,Marketing,Vendor_021,Travel,132.11,25000,Approver_01,INV-104780,Out-of-sequence invoice number,,Data Entry Error
TXN-002343,2025-10-20,17:32,Monday,IT,Vendor_014,Software,299.48,40000,Approver_13,INV-104804,Out-of-sequence invoice number,,Data Entry Error
TXN-001057,2025-10-21,15:23,Tuesday,IT,Vendor_042,Software,320.01,40000,Approver_14,INV-104832,Out-of-sequence invoice number,,Data Entry Error
TXN-000515,2025-10-23,16:20,Thursday,Sales,Vendor_031,Supplies,20108.77,20000,Approver_07,INV-104866,Out-of-sequence invoice number,,Data Entry Error
TXN-002396-D,2025-10-24,12:16,Friday,Procurement,Vendor_042,Software,21298.27,50000,Approver_01,INV-104906,Out-of-sequence invoice number,,Data Entry Error
TXN-004629-D,2025-10-27,11:15,Monday,IT,Vendor_048,Equipment,1631.66,40000,Approver_09,INV-104916,Out-of-sequence invoice number,,Data Entry Error
TXN-002191,2025-10-29,14:12,Wednesday,HR,Vendor_020,Equipment,11.99,15000,Approver_06,INV-104979,Out-of-sequence invoice number,,Data Entry Error
TXN-005144,2025-10-31,15:29,Friday,Operations,Vendor_008,Consulting,136.57,30000,Approver_02,INV-105020,Out-of-sequence invoice number,,Data Entry Error
TXN-004660,2025-11-05,15:57,Wednesday,Sales,Vendor_051,Utilities,2500.0,20000,,INV-105084,Out-of-sequence invoice number,,Data Entry Error
TXN-001079,2025-11-10,16:07,Monday,HR,Vendor_033,Supplies,177.34,15000,Approver_11,INV-105153,Out-of-sequence invoice number,,Data Entry Error
TXN-004540,2025-11-17,15:03,Monday,Finance,Vendor_019,Software,321.48,60000,Approver_10,INV-105252,Out-of-sequence invoice number,,Data Entry Error
TXN-001111,2025-11-17,16:40,Monday,HR,Vendor_042,Equipment,6471.66,15000,Approver_10,INV-105263,Out-of-sequence invoice number,,Data Entry Error
TXN-000033,2025-11-18,12:21,Tuesday,Operations,Vendor_022,Travel,142.9,30000,Approver_06,INV-105280,Out-of-sequence invoice number,,Data Entry Error
TXN-005087,2025-11-24,14:13,Monday,Sales,Vendor_055,Travel,372.06,20000,Approver_05,INV-105372,Out-of-sequence invoice number,,Data Entry Error
TXN-001141,2025-11-24,18:56,Monday,Marketing,Vendor_003,Supplies,30.37,25000,Approver_07,INV-105382,Out-of-sequence invoice number,,Data Entry Error
TXN-003159,2025-11-26,10:06,Wednesday,IT,Vendor_041,Misc,51.54,40000,Approver_10,INV-105425,Out-of-sequence invoice number,,Data Entry Error
TXN-003697-D,2025-11-27,09:47,Thursday,Finance,Vendor_001,Software,1102.99,60000,,INV-105461,Out-of-sequence invoice number,,Data Entry Error
TXN-004889-D,2025-11-28,16:55,Friday,IT,Vendor_028,Equipment,34.66,40000,Approver_14,INV-105477,Out-of-sequence invoice number,,Data Entry Error
TXN-000467,2025-12-01,17:52,Monday,Finance,Vendor_032,Equipment,2272.98,60000,Approver_06,INV-105498,Out-of-sequence invoice number,,Data Entry Error
TXN-005488,2025-12-03,16:16,Wednesday,Operations,Vendor_018,Supplies,28553.7,30000,Approver_11,INV-105538,Out-of-sequence invoice number,,Data Entry Error
TXN-000008,2025-12-04,14:23,Thursday,HR,Vendor_045,Travel,190.96,15000,Approver_09,INV-105554,Out-of-sequence invoice number,,Data Entry Error
TXN-004359,2025-12-04,09:06,Thursday,Sales,Vendor_003,Supplies,44.76,20000,Approver_05,INV-105567,Out-of-sequence invoice number,,Data Entry Error
TXN-003475,2025-12-08,16:10,Monday,Marketing,Vendor_024,Consulting,130.96,25000,Approver_08,INV-105600,Out-of-sequence invoice number,,Data Entry Error
TXN-002165,2025-12-08,12:19,Monday,Procurement,Vendor_017,Consulting,59964.26,50000,Approver_15,INV-105624,Out-of-sequence invoice number,,Data Entry Error
TXN-001463-D,2025-12-09,12:02,Tuesday,Sales,Vendor_014,Software,76451.58,20000,Approver_09,INV-105645,Out-of-sequence invoice number,,Data Entry Error
TXN-002659,2025-12-10,10:40,Wednesday,Finance,Vendor_025,Software,72.43,60000,Approver_06,INV-105670,Out-of-sequence invoice number,,Data Entry Error
TXN-005671,2025-12-10,14:58,Wednesday,Procurement,Vendor_027,Travel,248.83,50000,Approver_10,INV-105675,Out-of-sequence invoice number,,Data Entry Error
TXN-001210,2025-12-11,18:13,Thursday,Marketing,Vendor_014,Supplies,891.62,25000,Approver_15,INV-105700,Out-of-sequence invoice number,,Data Entry Error
TXN-000925,2025-12-12,11:00,Friday,Marketing,Vendor_016,Equipment,20.2,25000,Approver_04,INV-105715,Out-of-sequence invoice number,,Data Entry Error
TXN-001056-D,2025-12-12,09:57,Friday,Sales,Vendor_027,Misc,385.39,20000,Approver_10,INV-105718,Out-of-sequence invoice number,,Data Entry Error
TXN-004208,2025-12-15,11:11,Monday,Sales,Vendor_020,Travel,3213.82,20000,Approver_14,INV-105752,Out-of-sequence invoice number,,Data Entry Error
TXN-003238,2025-12-16,08:40,Tuesday,Marketing,Vendor_036,Misc,36.56,25000,Approver_13,INV-105768,Out-of-sequence invoice number,,Data Entry Error
TXN-000803,2025-12-17,11:31,Wednesday,IT,Vendor_033,Software,422.76,40000,Approver_14,INV-105796,Out-of-sequence invoice number,,Data Entry Error
TXN-001198,2025-12-17,17:46,Wednesday,IT,Vendor_037,Equipment,463.65,40000,Approver_03,INV-105799,Out-of-sequence invoice number,,Data Entry Error
TXN-005773-D,2025-12-17,09:57,Wednesday,IT,Vendor_021,Equipment,6854.91,40000,Approver_07,INV-105798,Out-of-sequence invoice number,,Data Entry Error
TXN-004909-D,2025-12-17,11:40,Wednesday,Finance,Vendor_015,Travel,969.89,60000,Approver_01,INV-105789,Out-of-sequence invoice number,,Data Entry Error
TXN-003050,2025-12-18,11:26,Thursday,Operations,Vendor_010,Utilities,53875.73,30000,Approver_02,INV-105797,Out-of-sequence invoice number,,Data Entry Error
TXN-005375-D,2025-12-22,09:10,Monday,Operations,Vendor_020,Utilities,32959.68,30000,Approver_07,INV-105839,Out-of-sequence invoice number,,Data Entry Error
TXN-001072,2025-12-24,00:38,Wednesday,Sales,Vendor_038,Misc,412.68,20000,Approver_01,INV-105894,Out-of-sequence invoice number,,Data Entry Error
TXN-000890-D,2025-12-25,15:08,Thursday,Operations,Vendor_055,Misc,260.28,30000,Approver_01,INV-105908,Out-of-sequence invoice number,,Data Entry Error
TXN-003317,2025-12-26,10:58,Friday,Procurement,Vendor_023,Misc,16041.85,50000,Approver_07,INV-105949,Out-of-sequence invoice number,,Data Entry Error
TXN-001791-D,2025-12-30,14:47,Tuesday,Marketing,Vendor_042,Utilities,15.22,25000,Approver_02,INV-105988,Out-of-sequence invoice number,,Data Entry Error
TXN-003632,2025-01-01,11:46,Wednesday,HR,Vendor_045,Consulting,14725.72,15000,Approver_08,INV-100014,Just under approval limit,,Policy Violation Risk
TXN-001534,2025-01-02,08:33,Thursday,Finance,Vendor_030,Misc,59180.67,60000,Approver_03,INV-100019,Just under approval limit,,Policy Violation Risk
TXN-005387,2025-01-02,10:53,Thursday,Marketing,Vendor_047,Software,23466.79,25000,Approver_04,INV-100027,Just under approval limit,,Policy Violation Risk
TXN-000266,2025-01-02,14:02,Thursday,HR,Vendor_055,Equipment,14101.4,15000,Approver_03,INV-100036,Just under approval limit,,Policy Violation Risk
TXN-005342,2025-01-03,09:23,Friday,HR,Vendor_038,Misc,14466.25,15000,Approver_08,INV-100055,Just under approval limit,,Policy Violation Risk
TXN-001958,2025-01-06,16:36,Monday,Sales,Vendor_049,Supplies,19391.5,20000,Approver_03,INV-100072,Just under approval limit,,Policy Violation Risk
TXN-004209,2025-01-07,09:40,Tuesday,Sales,Vendor_003,Travel,19125.27,20000,Approver_10,INV-100094,Just under approval limit,,Policy Violation Risk
TXN-001336,2025-01-07,15:45,Tuesday,Marketing,Vendor_057,Misc,23909.92,25000,Approver_06,INV-100112,Just under approval limit,,Policy Violation Risk
TXN-004077,2025-01-08,10:33,Wednesday,Marketing,Vendor_005,Software,23643.03,25000,Approver_08,INV-100119,Just under approval limit,,Policy Violation Risk
TXN-003265,2025-01-08,11:29,Wednesday,HR,Vendor_008,Equipment,13611.34,15000,Approver_01,INV-100131,Just under approval limit,,Policy Violation Risk
TXN-000702,2025-01-09,16:17,Thursday,Marketing,Vendor_055,Misc,22717.14,25000,Approver_09,INV-100147,Just under approval limit,,Policy Violation Risk
TXN-005398,2025-01-10,18:22,Friday,Marketing,Vendor_048,Misc,22601.05,25000,Approver_01,INV-100163,Just under approval limit,,Policy Violation Risk
TXN-004865,2025-01-13,15:46,Monday,Procurement,Vendor_017,Software,48397.15,50000,Approver_04,INV-100193,Just under approval limit,,Policy Violation Risk
TXN-003417,2025-01-14,18:37,Tuesday,Finance,Vendor_034,Supplies,55513.84,60000,Approver_12,INV-100222,Just under approval limit,,Policy Violation Risk
TXN-005386,2025-01-17,16:34,Friday,Procurement,Vendor_002,Supplies,49361.69,50000,Approver_14,INV-100279,Just under approval limit,,Policy Violation Risk
TXN-005277,2025-01-20,18:37,Monday,Sales,Vendor_001,Misc,19465.21,20000,Approver_07,INV-100309,Just under approval limit,,Policy Violation Risk
TXN-002529,2025-01-22,15:41,Wednesday,Sales,Vendor_024,Travel,18536.69,20000,Approver_08,INV-100343,Just under approval limit,,Policy Violation Risk
TXN-005702,2025-01-23,16:26,Thursday,IT,Vendor_045,Utilities,36811.01,40000,Approver_03,INV-100375,Just under approval limit,,Policy Violation Risk
TXN-003878,2025-01-24,10:47,Friday,Marketing,Vendor_007,Consulting,23907.72,25000,Approver_10,INV-100405,Just under approval limit,,Policy Violation Risk
TXN-004509,2025-01-27,18:33,Monday,Procurement,Vendor_039,Misc,46698.58,50000,Approver_12,INV-100430,Just under approval limit,,Policy Violation Risk
TXN-000933,2025-01-29,14:08,Wednesday,IT,Vendor_045,Travel,36536.22,40000,Approver_13,INV-100467,Just under approval limit,,Policy Violation Risk
TXN-003519,2025-01-29,08:17,Wednesday,HR,Vendor_039,Travel,14817.04,15000,Approver_04,INV-100468,Just under approval limit,,Policy Violation Risk
TXN-003676,2025-01-29,15:55,Wednesday,Sales,Vendor_056,Supplies,19085.33,20000,Approver_10,INV-100483,Just under approval limit,,Policy Violation Risk
TXN-005533,2025-01-30,13:39,Thursday,Procurement,Vendor_007,Software,46844.84,50000,Approver_10,INV-100489,Just under approval limit,,Policy Violation Risk
TXN-002660,2025-01-30,15:03,Thursday,IT,Vendor_023,Utilities,38455.3,40000,Approver_03,INV-100502,Just under approval limit,,Policy Violation Risk
TXN-003501,2025-01-31,10:29,Friday,Marketing,Vendor_047,Misc,23631.36,25000,Approver_05,INV-100508,Just under approval limit,,Policy Violation Risk
TXN-002046,2025-01-31,16:29,Friday,Finance,Vendor_025,Misc,59585.53,60000,Approver_07,INV-100515,Just under approval limit,,Policy Violation Risk
TXN-002276,2025-01-31,10:17,Friday,Sales,Vendor_002,Utilities,18426.68,20000,Approver_08,INV-100522,Just under approval limit,,Policy Violation Risk
TXN-003068,2025-01-31,17:38,Friday,IT,Vendor_050,Misc,36509.17,40000,Approver_04,INV-100524,Just under approval limit,,Policy Violation Risk
TXN-001236,2025-01-31,10:27,Friday,IT,Vendor_010,Supplies,39594.16,40000,Approver_01,INV-100532,Just under approval limit,,Policy Violation Risk
TXN-000028,2025-02-04,16:16,Tuesday,Operations,Vendor_041,Equipment,29508.32,30000,Approver_06,INV-100561,Just under approval limit,,Policy Violation Risk
TXN-000518,2025-02-04,16:48,Tuesday,Operations,Vendor_051,Supplies,29245.71,30000,Approver_15,INV-100574,Just under approval limit,,Policy Violation Risk
TXN-003594,2025-02-04,15:47,Tuesday,Operations,Vendor_031,Software,28924.47,30000,Approver_08,INV-100581,Just under approval limit,,Policy Violation Risk
TXN-002632,2025-02-05,10:32,Wednesday,HR,Vendor_005,Misc,13823.03,15000,Approver_12,INV-100597,Just under approval limit,,Policy Violation Risk
TXN-005178,2025-02-06,11:58,Thursday,Finance,Vendor_035,Misc,55991.35,60000,Approver_01,INV-100613,Just under approval limit,,Policy Violation Risk
TXN-003104,2025-02-06,18:12,Thursday,Finance,Vendor_018,Misc,58082.12,60000,Approver_10,INV-100631,Just under approval limit,,Policy Violation Risk
TXN-004640,2025-02-11,15:38,Tuesday,Sales,Vendor_023,Travel,18986.27,20000,Approver_09,INV-100684,Just under approval limit,,Policy Violation Risk
TXN-000553,2025-02-14,11:08,Friday,HR,Vendor_043,Software,14215.36,15000,Approver_08,INV-100737,Just under approval limit,,Policy Violation Risk
TXN-004821,2025-02-14,11:01,Friday,Operations,Vendor_056,Travel,28291.5,30000,Approver_11,INV-100744,Just under approval limit,,Policy Violation Risk
TXN-004321,2025-02-14,12:37,Friday,Finance,Vendor_015,Supplies,56134.73,60000,Approver_02,INV-100749,Just under approval limit,,Policy Violation Risk
TXN-003863,2025-02-17,13:16,Monday,Marketing,Vendor_014,Supplies,22509.66,25000,Approver_13,INV-100758,Just under approval limit,,Policy Violation Risk
TXN-004955,2025-02-18,13:45,Tuesday,HR,Vendor_037,Consulting,14714.37,15000,Approver_11,INV-100773,Just under approval limit,,Policy Violation Risk
TXN-002641,2025-02-18,15:08,Tuesday,Finance,Vendor_050,Equipment,59406.6,60000,Approver_03,INV-100781,Just under approval limit,,Policy Violation Risk
TXN-001105,2025-02-19,16:35,Wednesday,Marketing,Vendor_002,Equipment,22687.19,25000,Approver_04,INV-100793,Just under approval limit,,Policy Violation Risk
TXN-002727,2025-02-20,16:10,Thursday,Finance,Vendor_022,Consulting,54563.39,60000,Approver_10,INV-100811,Just under approval limit,,Policy Violation Risk
TXN-000536,2025-02-21,17:28,Friday,Procurement,Vendor_006,Software,46916.53,50000,Approver_03,INV-100839,Just under approval limit,,Policy Violation Risk
TXN-002673,2025-02-21,15:43,Friday,Finance,Vendor_041,Software,56018.76,60000,Approver_05,INV-100848,Just under approval limit,,Policy Violation Risk
TXN-005761,2025-02-24,18:21,Monday,Procurement,Vendor_044,Consulting,45540.57,50000,Approver_12,INV-100865,Just under approval limit,,Policy Violation Risk
TXN-003425,2025-02-24,17:08,Monday,Finance,Vendor_059,Travel,56105.18,60000,Approver_05,INV-100873,Just under approval limit,,Policy Violation Risk
TXN-002169,2025-02-25,12:15,Tuesday,HR,Vendor_044,Software,14019.16,15000,Approver_06,INV-100889,Just under approval limit,,Policy Violation Risk
TXN-001119,2025-02-26,08:15,Wednesday,IT,Vendor_057,Supplies,36484.97,40000,Approver_08,INV-100918,Just under approval limit,,Policy Violation Risk
TXN-001609,2025-02-27,13:55,Thursday,Sales,Vendor_002,Equipment,19938.47,20000,Approver_06,INV-100930,Just under approval limit,,Policy Violation Risk
TXN-001507,2025-02-28,16:16,Friday,HR,Vendor_050,Consulting,14921.27,15000,Approver_08,INV-100961,Just under approval limit,,Policy Violation Risk
TXN-004433,2025-02-28,18:00,Friday,Operations,Vendor_019,Utilities,29331.32,30000,Approver_13,INV-100963,Just under approval limit,,Policy Violation Risk
TXN-002568,2025-02-28,15:20,Friday,Operations,Vendor_040,Software,29666.34,30000,Approver_15,INV-100974,Just under approval limit,,Policy Violation Risk
TXN-000792,2025-03-04,15:11,Tuesday,HR,Vendor_052,Travel,14829.2,15000,Approver_15,INV-101026,Just under approval limit,,Policy Violation Risk
TXN-001489,2025-03-06,16:51,Thursday,HR,Vendor_049,Software,14226.65,15000,,INV-101057,Just under approval limit,,Policy Violation Risk
TXN-004588,2025-03-07,15:03,Friday,Procurement,Vendor_047,Misc,46264.62,50000,Approver_01,INV-101068,Just under approval limit,,Policy Violation Risk
TXN-001942,2025-03-10,10:28,Monday,Operations,Vendor_060,Supplies,29524.3,30000,Approver_02,INV-101083,Just under approval limit,,Policy Violation Risk
TXN-005236,2025-03-10,11:14,Monday,HR,Vendor_031,Supplies,14179.86,15000,Approver_04,INV-101102,Just under approval limit,,Policy Violation Risk
TXN-000620,2025-03-11,11:21,Tuesday,Finance,Vendor_022,Supplies,56847.43,60000,Approver_01,INV-101111,Just under approval limit,,Policy Violation Risk
TXN-004738,2025-03-11,14:19,Tuesday,HR,Vendor_058,Misc,13771.24,15000,Approver_02,INV-101123,Just under approval limit,,Policy Violation Risk
TXN-000876,2025-03-12,16:44,Wednesday,HR,Vendor_007,Utilities,14752.87,15000,Approver_12,INV-101128,Just under approval limit,,Policy Violation Risk
TXN-002625,2025-03-13,08:03,Thursday,HR,Vendor_052,Consulting,13860.84,15000,Approver_10,INV-101145,Just under approval limit,,Policy Violation Risk
TXN-003325,2025-03-13,10:48,Thursday,Operations,Vendor_009,Consulting,27806.13,30000,Approver_12,INV-101146,Just under approval limit,,Policy Violation Risk
TXN-004023,2025-03-13,12:04,Thursday,Procurement,Vendor_004,Equipment,48926.48,50000,Approver_12,INV-101152,Just under approval limit,,Policy Violation Risk
TXN-000257,2025-03-13,15:05,Thursday,Sales,Vendor_060,Supplies,19147.74,20000,Approver_11,INV-101167,Just under approval limit,,Policy Violation Risk
TXN-002799,2025-03-14,15:31,Friday,Operations,Vendor_013,Software,27801.59,30000,Approver_15,INV-101183,Just under approval limit,,Policy Violation Risk
TXN-002018,2025-03-17,09:40,Monday,Marketing,Vendor_009,Software,22630.98,25000,Approver_14,INV-101211,Just under approval limit,,Policy Violation Risk
TXN-000734,2025-03-18,16:40,Tuesday,IT,Vendor_043,Equipment,36286.57,40000,Approver_07,INV-101235,Just under approval limit,,Policy Violation Risk
TXN-004061,2025-03-18,11:36,Tuesday,Sales,Vendor_004,Travel,18804.37,20000,Approver_01,INV-101242,Just under approval limit,,Policy Violation Risk
TXN-001574,2025-03-18,10:26,Tuesday,Marketing,Vendor_032,Misc,22759.23,25000,Approver_02,INV-101243,Just under approval limit,,Policy Violation Risk
TXN-005281,2025-03-18,16:01,Tuesday,Operations,Vendor_014,Travel,29048.45,30000,Approver_14,INV-101257,Just under approval limit,,Policy Violation Risk
TXN-004240,2025-03-21,08:11,Friday,HR,Vendor_031,Misc,14869.39,15000,Approver_11,INV-101321,Just under approval limit,,Policy Violation Risk
TXN-003640,2025-03-21,08:31,Friday,Sales,Vendor_028,Misc,18719.77,20000,Approver_06,INV-101325,Just under approval limit,,Policy Violation Risk
TXN-002948,2025-03-24,09:30,Monday,Sales,Vendor_004,Utilities,19542.92,20000,,INV-101352,Just under approval limit,,Policy Violation Risk
TXN-004722,2025-03-25,16:02,Tuesday,Finance,Vendor_035,Utilities,55120.07,60000,Approver_03,INV-101365,Just under approval limit,,Policy Violation Risk
TXN-003433,2025-03-25,10:29,Tuesday,HR,Vendor_035,Utilities,13885.49,15000,Approver_12,INV-101382,Just under approval limit,,Policy Violation Risk
TXN-004093,2025-03-27,15:14,Thursday,Finance,Vendor_044,Supplies,58595.96,60000,Approver_05,INV-101414,Just under approval limit,,Policy Violation Risk
TXN-000197,2025-03-27,18:54,Thursday,Sales,Vendor_056,Misc,18493.65,20000,Approver_10,INV-101431,Just under approval limit,,Policy Violation Risk
TXN-000203,2025-03-28,15:44,Friday,Procurement,Vendor_046,Software,47415.75,50000,Approver_08,INV-101437,Just under approval limit,,Policy Violation Risk
TXN-005961,2025-03-28,15:04,Friday,Finance,Vendor_024,Misc,57214.57,60000,Approver_02,INV-101438,Just under approval limit,,Policy Violation Risk
TXN-000363,2025-03-28,16:22,Friday,HR,Vendor_013,Utilities,13921.72,15000,Approver_15,INV-101440,Just under approval limit,,Policy Violation Risk
TXN-003515,2025-03-28,12:59,Friday,IT,Vendor_007,Equipment,38572.27,40000,Approver_12,INV-101443,Just under approval limit,,Policy Violation Risk
TXN-002730,2025-04-01,14:24,Tuesday,Operations,Vendor_052,Software,27569.56,30000,Approver_09,INV-101482,Just under approval limit,,Policy Violation Risk
TXN-004700,2025-04-01,16:36,Tuesday,Sales,Vendor_037,Supplies,19667.67,20000,Approver_09,INV-101496,Just under approval limit,,Policy Violation Risk
TXN-000168,2025-04-03,12:48,Thursday,Operations,Vendor_010,Supplies,28673.13,30000,Approver_08,INV-101532,Just under approval limit,,Policy Violation Risk
TXN-000796,2025-04-03,10:31,Thursday,HR,Vendor_060,Supplies,13867.38,15000,Approver_04,INV-101548,Just under approval limit,,Policy Violation Risk
TXN-003291,2025-04-04,11:10,Friday,Procurement,Vendor_043,Supplies,45283.49,50000,Approver_01,INV-101568,Just under approval limit,,Policy Violation Risk
TXN-004927,2025-04-04,15:53,Friday,Operations,Vendor_043,Supplies,28080.64,30000,Approver_07,INV-101575,Just under approval limit,,Policy Violation Risk
TXN-003853,2025-04-07,17:27,Monday,Procurement,Vendor_013,Software,48706.41,50000,Approver_01,INV-101581,Just under approval limit,,Policy Violation Risk
TXN-003063,2025-04-08,14:24,Tuesday,HR,Vendor_040,Consulting,13961.79,15000,Approver_07,INV-101620,Just under approval limit,,Policy Violation Risk
TXN-003539,2025-04-09,12:57,Wednesday,Marketing,Vendor_056,Utilities,24099.05,25000,Approver_12,INV-101628,Just under approval limit,,Policy Violation Risk
TXN-005205,2025-04-10,13:52,Thursday,HR,Vendor_046,Software,14106.22,15000,Approver_04,INV-101655,Just under approval limit,,Policy Violation Risk
TXN-004776,2025-04-10,15:39,Thursday,Sales,Vendor_025,Supplies,19154.54,20000,Approver_04,INV-101671,Just under approval limit,,Policy Violation Risk
TXN-002996,2025-04-11,12:22,Friday,Finance,Vendor_051,Consulting,55257.56,60000,Approver_10,INV-101695,Just under approval limit,,Policy Violation Risk
TXN-004162,2025-04-16,18:10,Wednesday,IT,Vendor_048,Travel,39307.5,40000,Approver_14,INV-101756,Just under approval limit,,Policy Violation Risk
TXN-001848,2025-04-16,11:53,Wednesday,Operations,Vendor_002,Equipment,28022.14,30000,,INV-101758,Just under approval limit,,Policy Violation Risk
TXN-000227,2025-04-16,16:05,Wednesday,Finance,Vendor_021,Software,54357.12,60000,Approver_10,INV-101773,Just under approval limit,,Policy Violation Risk
TXN-001701,2025-04-17,12:06,Thursday,Operations,Vendor_028,Supplies,27432.09,30000,Approver_08,INV-101795,Just under approval limit,,Policy Violation Risk
TXN-003666,2025-04-17,16:05,Thursday,Finance,Vendor_042,Travel,58241.13,60000,,INV-101796,Just under approval limit,,Policy Violation Risk
TXN-000213,2025-04-18,15:36,Friday,Sales,Vendor_004,Consulting,18468.69,20000,Approver_05,INV-101810,Just under approval limit,,Policy Violation Risk
TXN-005585,2025-04-21,15:22,Monday,HR,Vendor_056,Equipment,14809.8,15000,Approver_13,INV-101849,Just under approval limit,,Policy Violation Risk
TXN-001696,2025-04-25,10:50,Friday,HR,Vendor_023,Travel,14512.73,15000,Approver_01,INV-101933,Just under approval limit,,Policy Violation Risk
TXN-001025,2025-04-28,18:31,Monday,HR,Vendor_047,Equipment,13645.46,15000,Approver_10,INV-101951,Just under approval limit,,Policy Violation Risk
TXN-002615,2025-04-30,13:50,Wednesday,Marketing,Vendor_014,Misc,24243.63,25000,Approver_08,INV-101984,Just under approval limit,,Policy Violation Risk
TXN-001104,2025-04-30,16:30,Wednesday,IT,Vendor_044,Travel,37559.02,40000,Approver_04,INV-101992,Just under approval limit,,Policy Violation Risk
TXN-003711,2025-04-30,15:12,Wednesday,Procurement,Vendor_020,Utilities,48483.46,50000,Approver_12,INV-102004,Just under approval limit,,Policy Violation Risk
TXN-004368,2025-04-30,14:52,Wednesday,Sales,Vendor_044,Equipment,18957.79,20000,Approver_09,INV-102006,Just under approval limit,,Policy Violation Risk
TXN-000251,2025-04-30,15:35,Wednesday,Sales,Vendor_053,Consulting,18890.66,20000,Approver_09,INV-102008,Just under approval limit,,Policy Violation Risk
TXN-004921,2025-05-06,16:30,Tuesday,HR,Vendor_028,Supplies,14661.96,15000,Approver_08,INV-102084,Just under approval limit,,Policy Violation Risk
TXN-000161,2025-05-06,18:49,Tuesday,IT,Vendor_044,Utilities,38028.77,40000,Approver_11,INV-102092,Just under approval limit,,Policy Violation Risk
TXN-002821,2025-05-06,11:08,Tuesday,Marketing,Vendor_007,Software,22671.24,25000,Approver_06,INV-102094,Just under approval limit,,Policy Violation Risk
TXN-005199,2025-05-09,15:24,Friday,Finance,Vendor_009,Utilities,58081.89,60000,Approver_02,INV-102167,Just under approval limit,,Policy Violation Risk
TXN-000201,2025-05-09,16:47,Friday,Procurement,Vendor_055,Supplies,49283.37,50000,Approver_05,INV-102175,Just under approval limit,,Policy Violation Risk
TXN-004275,2025-05-09,15:17,Friday,Sales,Vendor_038,Utilities,18200.39,20000,Approver_08,INV-102176,Just under approval limit,,Policy Violation Risk
TXN-000642,2025-05-12,14:52,Monday,Procurement,Vendor_030,Utilities,47513.83,50000,Approver_08,INV-102179,Just under approval limit,,Policy Violation Risk
TXN-003847,2025-05-12,11:43,Monday,Sales,Vendor_049,Utilities,19386.2,20000,Approver_09,INV-102201,Just under approval limit,,Policy Violation Risk
TXN-001941,2025-05-14,17:10,Wednesday,Sales,Vendor_049,Consulting,18374.69,20000,Approver_08,INV-102235,Just under approval limit,,Policy Violation Risk
TXN-005449,2025-05-15,18:22,Thursday,Operations,Vendor_031,Travel,28167.27,30000,Approver_07,INV-102263,Just under approval limit,,Policy Violation Risk
TXN-004262,2025-05-16,16:00,Friday,IT,Vendor_047,Software,37131.19,40000,Approver_07,INV-102281,Just under approval limit,,Policy Violation Risk
TXN-001313,2025-05-16,17:54,Friday,Marketing,Vendor_045,Supplies,24534.05,25000,Approver_09,INV-102296,Just under approval limit,,Policy Violation Risk
TXN-004743,2025-05-19,09:00,Monday,Marketing,Vendor_003,Supplies,23361.33,25000,Approver_07,INV-102306,Just under approval limit,,Policy Violation Risk
TXN-004988,2025-05-19,12:58,Monday,Finance,Vendor_019,Utilities,59345.73,60000,Approver_06,INV-102315,Just under approval limit,,Policy Violation Risk
TXN-001938,2025-05-20,15:06,Tuesday,Sales,Vendor_010,Misc,19833.5,20000,Approver_14,INV-102325,Just under approval limit,,Policy Violation Risk
TXN-002770,2025-05-20,15:57,Tuesday,IT,Vendor_008,Equipment,38708.31,40000,Approver_11,INV-102332,Just under approval limit,,Policy Violation Risk
TXN-005895,2025-05-22,14:29,Thursday,Operations,Vendor_012,Misc,29273.33,30000,Approver_02,INV-102373,Just under approval limit,,Policy Violation Risk
TXN-004657,2025-05-23,12:16,Friday,Sales,Vendor_045,Misc,19693.04,20000,Approver_01,INV-102398,Just under approval limit,,Policy Violation Risk
TXN-001634,2025-05-23,12:20,Friday,Marketing,Vendor_041,Equipment,23478.26,25000,Approver_03,INV-102401,Just under approval limit,,Policy Violation Risk
TXN-001518,2025-05-26,14:41,Monday,HR,Vendor_015,Supplies,13861.51,15000,Approver_11,INV-102431,Just under approval limit,,Policy Violation Risk
TXN-003872,2025-05-26,10:06,Monday,Procurement,Vendor_043,Equipment,49032.76,50000,Approver_05,INV-102436,Just under approval limit,,Policy Violation Risk
TXN-001933,2025-05-27,12:41,Tuesday,Procurement,Vendor_006,Software,45570.06,50000,Approver_08,INV-102446,Just under approval limit,,Policy Violation Risk
TXN-001243,2025-05-29,17:51,Thursday,Marketing,Vendor_052,Travel,24626.57,25000,Approver_07,INV-102489,Just under approval limit,,Policy Violation Risk
TXN-004697,2025-05-30,15:25,Friday,HR,Vendor_018,Consulting,13551.37,15000,Approver_09,INV-102505,Just under approval limit,,Policy Violation Risk
TXN-000588,2025-05-30,09:58,Friday,Finance,Vendor_047,Misc,57942.8,60000,Approver_07,INV-102508,Just under approval limit,,Policy Violation Risk
TXN-000132,2025-06-04,18:16,Wednesday,HR,Vendor_007,Supplies,14666.62,15000,Approver_06,INV-102574,Just under approval limit,,Policy Violation Risk
TXN-002059,2025-06-05,11:03,Thursday,Operations,Vendor_029,Travel,29510.88,30000,Approver_02,INV-102615,Just under approval limit,,Policy Violation Risk
TXN-003917,2025-06-06,13:46,Friday,HR,Vendor_034,Travel,14197.58,15000,Approver_08,INV-102624,Just under approval limit,,Policy Violation Risk
TXN-001778,2025-06-06,10:08,Friday,Finance,Vendor_008,Consulting,56603.85,60000,Approver_04,INV-102630,Just under approval limit,,Policy Violation Risk
TXN-002562,2025-06-09,16:37,Monday,Sales,Vendor_059,Utilities,19359.37,20000,Approver_15,INV-102636,Just under approval limit,,Policy Violation Risk
TXN-005884,2025-06-10,16:31,Tuesday,Procurement,Vendor_034,Software,46310.02,50000,Approver_12,INV-102671,Just under approval limit,,Policy Violation Risk
TXN-001428,2025-06-10,17:17,Tuesday,Sales,Vendor_003,Utilities,19024.54,20000,Approver_04,INV-102677,Just under approval limit,,Policy Violation Risk
TXN-003321,2025-06-11,11:05,Wednesday,Marketing,Vendor_011,Equipment,23316.79,25000,Approver_03,INV-102681,Just under approval limit,,Policy Violation Risk
TXN-002316,2025-06-11,10:10,Wednesday,Finance,Vendor_019,Utilities,58272.12,60000,Approver_11,INV-102692,Just under approval limit,,Policy Violation Risk
TXN-002415,2025-06-12,11:48,Thursday,Finance,Vendor_009,Travel,56058.04,60000,Approver_09,INV-102696,Just under approval limit,,Policy Violation Risk
TXN-000385,2025-06-12,14:15,Thursday,HR,Vendor_030,Misc,14013.61,15000,Approver_03,INV-102700,Just under approval limit,,Policy Violation Risk
TXN-001733,2025-06-12,11:58,Thursday,Finance,Vendor_002,Misc,54952.32,60000,Approver_10,INV-102703,Just under approval limit,,Policy Violation Risk
TXN-004982,2025-06-13,13:17,Friday,Operations,Vendor_059,Travel,27753.53,30000,Approver_02,INV-102730,Just under approval limit,,Policy Violation Risk
TXN-004783,2025-06-16,16:44,Monday,Procurement,Vendor_035,Utilities,49668.3,50000,Approver_14,INV-102747,Just under approval limit,,Policy Violation Risk
TXN-001184,2025-06-19,16:12,Thursday,IT,Vendor_027,Misc,36894.79,40000,Approver_05,INV-102823,Just under approval limit,,Policy Violation Risk
TXN-000158,2025-06-20,18:56,Friday,Operations,Vendor_049,Travel,29098.75,30000,Approver_05,INV-102840,Just under approval limit,,Policy Violation Risk
TXN-002915,2025-06-23,14:21,Monday,IT,Vendor_010,Supplies,39727.78,40000,Approver_13,INV-102849,Just under approval limit,,Policy Violation Risk
TXN-002941,2025-06-23,13:50,Monday,Sales,Vendor_050,Equipment,18533.11,20000,Approver_09,INV-102850,Just under approval limit,,Policy Violation Risk
TXN-002336,2025-06-23,18:47,Monday,Finance,Vendor_054,Misc,56435.06,60000,Approver_13,INV-102863,Just under approval limit,,Policy Violation Risk
TXN-002938,2025-06-26,17:25,Thursday,Procurement,Vendor_011,Travel,48300.48,50000,Approver_10,INV-102923,Just under approval limit,,Policy Violation Risk
TXN-003230,2025-06-26,10:01,Thursday,Marketing,Vendor_040,Equipment,23337.26,25000,Approver_11,INV-102937,Just under approval limit,,Policy Violation Risk
TXN-003551,2025-06-27,14:59,Friday,Procurement,Vendor_044,Misc,47669.32,50000,Approver_02,INV-102955,Just under approval limit,,Policy Violation Risk
TXN-002956,2025-06-27,11:29,Friday,Finance,Vendor_016,Consulting,58395.74,60000,Approver_15,INV-102958,Just under approval limit,,Policy Violation Risk
TXN-003864,2025-06-30,14:11,Monday,Marketing,Vendor_027,Misc,23994.44,25000,Approver_01,INV-102985,Just under approval limit,,Policy Violation Risk
TXN-005249,2025-07-01,15:20,Tuesday,Procurement,Vendor_004,Consulting,49048.31,50000,Approver_08,INV-102994,Just under approval limit,,Policy Violation Risk
TXN-004593,2025-07-01,12:40,Tuesday,Procurement,Vendor_006,Misc,45710.72,50000,Approver_06,INV-103005,Just under approval limit,,Policy Violation Risk
TXN-004616,2025-07-03,18:44,Thursday,Operations,Vendor_010,Misc,29187.71,30000,Approver_14,INV-103043,Just under approval limit,,Policy Violation Risk
TXN-001532,2025-07-03,11:37,Thursday,Procurement,Vendor_060,Consulting,49434.24,50000,Approver_11,INV-103050,Just under approval limit,,Policy Violation Risk
TXN-002114,2025-07-03,18:48,Thursday,HR,Vendor_040,Utilities,13858.12,15000,Approver_07,INV-103053,Just under approval limit,,Policy Violation Risk
TXN-005618,2025-07-03,15:24,Thursday,HR,Vendor_044,Consulting,14124.03,15000,Approver_07,INV-103056,Just under approval limit,,Policy Violation Risk
TXN-003096,2025-07-04,16:51,Friday,Procurement,Vendor_054,Equipment,46969.39,50000,Approver_14,INV-103063,Just under approval limit,,Policy Violation Risk
TXN-002918,2025-07-07,08:40,Monday,Sales,Vendor_046,Equipment,18276.76,20000,Approver_05,INV-103076,Just under approval limit,,Policy Violation Risk
TXN-000581,2025-07-08,18:39,Tuesday,IT,Vendor_033,Software,37694.14,40000,Approver_05,INV-103114,Just under approval limit,,Policy Violation Risk
TXN-004095,2025-07-15,15:44,Tuesday,Sales,Vendor_044,Supplies,18723.63,20000,Approver_07,INV-103216,Just under approval limit,,Policy Violation Risk
TXN-002266,2025-07-18,16:14,Friday,HR,Vendor_004,Software,13912.84,15000,Approver_10,INV-103295,Just under approval limit,,Policy Violation Risk
TXN-005467,2025-07-22,14:46,Tuesday,Procurement,Vendor_039,Supplies,48618.01,50000,Approver_13,INV-103335,Just under approval limit,,Policy Violation Risk
TXN-003228,2025-07-23,14:38,Wednesday,Sales,Vendor_027,Supplies,19797.95,20000,Approver_13,INV-103354,Just under approval limit,,Policy Violation Risk
TXN-002519,2025-07-25,11:33,Friday,HR,Vendor_058,Equipment,13701.25,15000,Approver_10,INV-103392,Just under approval limit,,Policy Violation Risk
TXN-000444,2025-07-25,15:45,Friday,Procurement,Vendor_010,Consulting,48143.16,50000,Approver_04,INV-103407,Just under approval limit,,Policy Violation Risk
TXN-001065,2025-07-28,11:21,Monday,IT,Vendor_014,Misc,38717.9,40000,Approver_14,INV-103421,Just under approval limit,,Policy Violation Risk
TXN-003621,2025-07-28,16:21,Monday,IT,Vendor_047,Travel,37642.07,40000,Approver_01,INV-103422,Just under approval limit,,Policy Violation Risk
TXN-002317,2025-07-28,08:15,Monday,Procurement,Vendor_033,Supplies,49305.47,50000,Approver_08,INV-103431,Just under approval limit,,Policy Violation Risk
TXN-001833,2025-07-30,13:02,Wednesday,Marketing,Vendor_009,Software,24208.79,25000,Approver_07,INV-103472,Just under approval limit,,Policy Violation Risk
TXN-000800,2025-08-01,14:55,Friday,Sales,Vendor_040,Software,19331.92,20000,Approver_07,INV-103513,Just under approval limit,,Policy Violation Risk
TXN-005401,2025-08-05,17:57,Tuesday,Marketing,Vendor_019,Supplies,22506.93,25000,Approver_07,INV-103560,Just under approval limit,,Policy Violation Risk
TXN-000059,2025-08-05,18:26,Tuesday,Sales,Vendor_006,Software,18254.32,20000,Approver_05,INV-103573,Just under approval limit,,Policy Violation Risk
TXN-001767,2025-08-05,16:18,Tuesday,IT,Vendor_018,Utilities,38921.28,40000,Approver_07,INV-103577,Just under approval limit,,Policy Violation Risk
TXN-003560,2025-08-06,10:19,Wednesday,Operations,Vendor_003,Equipment,28341.9,30000,,INV-103595,Just under approval limit,,Policy Violation Risk
TXN-004996,2025-08-07,11:10,Thursday,IT,Vendor_054,Utilities,37029.31,40000,Approver_08,INV-103605,Just under approval limit,,Policy Violation Risk
TXN-002117,2025-08-08,08:18,Friday,Operations,Vendor_024,Software,28125.34,30000,Approver_03,INV-103625,Just under approval limit,,Policy Violation Risk
TXN-001208,2025-08-12,13:27,Tuesday,Operations,Vendor_048,Utilities,27141.95,30000,Approver_01,INV-103674,Just under approval limit,,Policy Violation Risk
TXN-003686,2025-08-12,09:04,Tuesday,Marketing,Vendor_045,Software,24144.91,25000,Approver_10,INV-103676,Just under approval limit,,Policy Violation Risk
TXN-003542,2025-08-12,09:24,Tuesday,IT,Vendor_038,Travel,39496.73,40000,Approver_07,INV-103693,Just under approval limit,,Policy Violation Risk
TXN-005946,2025-08-13,15:54,Wednesday,Procurement,Vendor_046,Utilities,48000.93,50000,,INV-103705,Just under approval limit,,Policy Violation Risk
TXN-005723,2025-08-15,12:31,Friday,Sales,Vendor_037,Consulting,19604.78,20000,Approver_04,INV-103760,Just under approval limit,,Policy Violation Risk
TXN-003443,2025-08-18,10:49,Monday,HR,Vendor_019,Utilities,14342.92,15000,Approver_14,INV-103791,Just under approval limit,,Policy Violation Risk
TXN-002298,2025-08-18,12:05,Monday,Operations,Vendor_023,Software,27964.85,30000,Approver_07,INV-103792,Just under approval limit,,Policy Violation Risk
TXN-002667,2025-08-18,08:10,Monday,Sales,Vendor_020,Utilities,18559.92,20000,Approver_15,INV-103797,Just under approval limit,,Policy Violation Risk
TXN-002031,2025-08-18,10:31,Monday,Sales,Vendor_010,Supplies,18562.73,20000,,INV-103801,Just under approval limit,,Policy Violation Risk
TXN-005202,2025-08-19,15:29,Tuesday,Procurement,Vendor_013,Misc,45234.61,50000,Approver_02,INV-103808,Just under approval limit,,Policy Violation Risk
TXN-000934,2025-08-19,16:50,Tuesday,Sales,Vendor_020,Supplies,18141.57,20000,Approver_15,INV-103809,Just under approval limit,,Policy Violation Risk
TXN-002395,2025-08-19,17:01,Tuesday,Sales,Vendor_046,Misc,18579.71,20000,Approver_07,INV-103812,Just under approval limit,,Policy Violation Risk
TXN-002975,2025-08-19,15:50,Tuesday,IT,Vendor_047,Misc,37015.62,40000,Approver_13,INV-103819,Just under approval limit,,Policy Violation Risk
TXN-001699,2025-08-21,12:01,Thursday,Procurement,Vendor_039,Supplies,45896.0,50000,Approver_03,INV-103856,Just under approval limit,,Policy Violation Risk
TXN-000918,2025-08-22,12:09,Friday,HR,Vendor_047,Travel,13932.81,15000,Approver_08,INV-103887,Just under approval limit,,Policy Violation Risk
TXN-002862,2025-08-26,17:15,Tuesday,HR,Vendor_041,Misc,14810.95,15000,Approver_12,INV-103930,Just under approval limit,,Policy Violation Risk
TXN-004029,2025-08-26,11:39,Tuesday,Finance,Vendor_037,Misc,55664.68,60000,Approver_07,INV-103933,Just under approval limit,,Policy Violation Risk
TXN-002413,2025-08-26,16:02,Tuesday,Marketing,Vendor_060,Misc,24014.43,25000,Approver_09,INV-103948,Just under approval limit,,Policy Violation Risk
TXN-004438,2025-08-27,15:19,Wednesday,Operations,Vendor_056,Travel,28673.61,30000,Approver_13,INV-103960,Just under approval limit,,Policy Violation Risk
TXN-004555,2025-08-28,08:56,Thursday,IT,Vendor_011,Utilities,39454.54,40000,Approver_13,INV-103977,Just under approval limit,,Policy Violation Risk
TXN-001205,2025-08-28,11:23,Thursday,Sales,Vendor_044,Misc,19466.43,20000,Approver_03,INV-103985,Just under approval limit,,Policy Violation Risk
TXN-000511,2025-09-01,14:23,Monday,Finance,Vendor_026,Software,57701.46,60000,Approver_09,INV-104019,Just under approval limit,,Policy Violation Risk
TXN-002076,2025-09-01,11:53,Monday,Operations,Vendor_037,Misc,27583.37,30000,,INV-104034,Just under approval limit,,Policy Violation Risk
TXN-001261,2025-09-01,12:10,Monday,Marketing,Vendor_039,Utilities,24219.03,25000,Approver_09,INV-104037,Just under approval limit,,Policy Violation Risk
TXN-005108,2025-09-02,14:43,Tuesday,Operations,Vendor_044,Misc,29168.16,30000,,INV-104045,Just under approval limit,,Policy Violation Risk
TXN-003088,2025-09-03,09:24,Wednesday,Finance,Vendor_045,Travel,55916.92,60000,Approver_08,INV-104085,Just under approval limit,,Policy Violation Risk
TXN-004912,2025-09-04,11:21,Thursday,IT,Vendor_052,Consulting,37668.14,40000,Approver_08,INV-104106,Just under approval limit,,Policy Violation Risk
TXN-000094,2025-09-08,10:23,Monday,Operations,Vendor_022,Supplies,27887.7,30000,Approver_13,INV-104162,Just under approval limit,,Policy Violation Risk
TXN-003464,2025-09-09,15:35,Tuesday,Procurement,Vendor_040,Travel,46652.67,50000,Approver_14,INV-104164,Just under approval limit,,Policy Violation Risk
TXN-004595,2025-09-09,17:58,Tuesday,IT,Vendor_042,Travel,39348.79,40000,Approver_08,INV-104165,Just under approval limit,,Policy Violation Risk
TXN-003948,2025-09-10,09:41,Wednesday,IT,Vendor_002,Consulting,36514.69,40000,Approver_11,INV-104191,Just under approval limit,,Policy Violation Risk
TXN-003545,2025-09-11,15:39,Thursday,Operations,Vendor_058,Misc,27181.78,30000,Approver_11,INV-104211,Just under approval limit,,Policy Violation Risk
TXN-002712,2025-09-12,15:41,Friday,HR,Vendor_037,Software,13611.61,15000,Approver_10,INV-104234,Just under approval limit,,Policy Violation Risk
TXN-003109,2025-09-12,11:43,Friday,Operations,Vendor_035,Utilities,27676.3,30000,Approver_09,INV-104243,Just under approval limit,,Policy Violation Risk
TXN-004425,2025-09-15,11:57,Monday,Operations,Vendor_032,Equipment,28159.84,30000,Approver_13,INV-104256,Just under approval limit,,Policy Violation Risk
TXN-000437,2025-09-16,11:23,Tuesday,Sales,Vendor_056,Software,18295.44,20000,Approver_02,INV-104291,Just under approval limit,,Policy Violation Risk
TXN-005500,2025-09-17,11:15,Wednesday,IT,Vendor_051,Travel,37620.25,40000,Approver_04,INV-104307,Just under approval limit,,Policy Violation Risk
TXN-003898,2025-09-17,11:53,Wednesday,Operations,Vendor_044,Equipment,29401.67,30000,Approver_10,INV-104315,Just under approval limit,,Policy Violation Risk
TXN-000625,2025-09-17,13:55,Wednesday,HR,Vendor_039,Misc,14492.78,15000,Approver_11,INV-104316,Just under approval limit,,Policy Violation Risk
TXN-004782,2025-09-24,10:01,Wednesday,IT,Vendor_018,Supplies,37677.99,40000,Approver_13,INV-104422,Just under approval limit,,Policy Violation Risk
TXN-003979,2025-09-25,10:35,Thursday,Procurement,Vendor_053,Supplies,49460.88,50000,Approver_09,INV-104439,Just under approval limit,,Policy Violation Risk
TXN-003354,2025-09-26,11:36,Friday,HR,Vendor_031,Utilities,14695.5,15000,Approver_09,INV-104480,Just under approval limit,,Policy Violation Risk
TXN-001492,2025-09-29,12:07,Monday,Marketing,Vendor_003,Supplies,23421.73,25000,Approver_01,INV-104496,Just under approval limit,,Policy Violation Risk
TXN-004529,2025-09-30,11:52,Tuesday,Marketing,Vendor_008,Supplies,24781.32,25000,Approver_11,INV-104510,Just under approval limit,,Policy Violation Risk
TXN-001442,2025-10-03,08:20,Friday,Sales,Vendor_034,Utilities,19869.63,20000,Approver_03,INV-104595,Just under approval limit,,Policy Violation Risk
TXN-001907,2025-10-09,18:09,Thursday,Marketing,Vendor_008,Misc,24471.41,25000,Approver_04,INV-104662,Just under approval limit,,Policy Violation Risk
TXN-002797,2025-10-09,12:04,Thursday,Marketing,Vendor_020,Utilities,23785.42,25000,Approver_01,INV-104673,Just under approval limit,,Policy Violation Risk
TXN-005555,2025-10-14,11:26,Tuesday,Operations,Vendor_006,Consulting,27439.9,30000,Approver_13,INV-104729,Just under approval limit,,Policy Violation Risk
TXN-005151,2025-10-16,16:25,Thursday,Operations,Vendor_057,Consulting,28347.73,30000,Approver_11,INV-104773,Just under approval limit,,Policy Violation Risk
TXN-002374,2025-10-21,16:36,Tuesday,Operations,Vendor_048,Misc,27158.82,30000,Approver_09,INV-104847,Just under approval limit,,Policy Violation Risk
TXN-000356,2025-10-22,11:27,Wednesday,Procurement,Vendor_043,Consulting,48740.02,50000,Approver_02,INV-104866,Just under approval limit,,Policy Violation Risk
TXN-005445,2025-10-24,08:57,Friday,Operations,Vendor_041,Travel,27741.65,30000,Approver_08,INV-104895,Just under approval limit,,Policy Violation Risk
TXN-003549,2025-10-27,16:59,Monday,Marketing,Vendor_029,Utilities,24434.16,25000,Approver_14,INV-104913,Just under approval limit,,Policy Violation Risk
TXN-001432,2025-10-27,14:27,Monday,IT,Vendor_045,Software,36298.29,40000,Approver_04,INV-104938,Just under approval limit,,Policy Violation Risk
TXN-005218,2025-10-29,10:52,Wednesday,IT,Vendor_018,Utilities,36839.27,40000,Approver_12,INV-104970,Just under approval limit,,Policy Violation Risk
TXN-002898,2025-10-29,11:38,Wednesday,Finance,Vendor_001,Equipment,55352.47,60000,Approver_05,INV-104987,Just under approval limit,,Policy Violation Risk
TXN-002007,2025-10-30,11:16,Thursday,Procurement,Vendor_059,Travel,46683.69,50000,Approver_13,INV-104993,Just under approval limit,,Policy Violation Risk
TXN-005619,2025-11-03,15:45,Monday,Sales,Vendor_034,Equipment,19335.94,20000,Approver_04,INV-105055,Just under approval limit,,Policy Violation Risk
TXN-002231,2025-11-05,09:06,Wednesday,Finance,Vendor_002,Misc,59634.47,60000,Approver_08,INV-105089,Just under approval limit,,Policy Violation Risk
TXN-000175,2025-11-06,14:55,Thursday,Operations,Vendor_009,Supplies,28818.26,30000,Approver_05,INV-105102,Just under approval limit,,Policy Violation Risk
TXN-002454,2025-11-06,14:04,Thursday,Procurement,Vendor_021,Equipment,48987.73,50000,Approver_15,INV-105105,Just under approval limit,,Policy Violation Risk
TXN-005496,2025-11-10,16:10,Monday,Procurement,Vendor_008,Consulting,47312.14,50000,Approver_07,INV-105147,Just under approval limit,,Policy Violation Risk
TXN-004004,2025-11-10,16:24,Monday,Marketing,Vendor_029,Supplies,24417.05,25000,Approver_01,INV-105154,Just under approval limit,,Policy Violation Risk
TXN-005703,2025-11-12,17:55,Wednesday,Operations,Vendor_009,Misc,29083.63,30000,Approver_06,INV-105191,Just under approval limit,,Policy Violation Risk
TXN-004388,2025-11-12,10:38,Wednesday,IT,Vendor_019,Consulting,37170.48,40000,Approver_07,INV-105194,Just under approval limit,,Policy Violation Risk
TXN-004896,2025-11-12,15:34,Wednesday,HR,Vendor_011,Software,14582.45,15000,Approver_12,INV-105204,Just under approval limit,,Policy Violation Risk
TXN-002219,2025-11-13,12:47,Thursday,Marketing,Vendor_006,Travel,23404.09,25000,Approver_04,INV-105218,Just under approval limit,,Policy Violation Risk
TXN-004245,2025-11-13,13:02,Thursday,Finance,Vendor_017,Consulting,59081.81,60000,Approver_09,INV-105225,Just under approval limit,,Policy Violation Risk
TXN-001292,2025-11-14,14:02,Friday,Procurement,Vendor_023,Misc,49093.43,50000,Approver_13,INV-105243,Just under approval limit,,Policy Violation Risk
TXN-001102,2025-11-14,18:15,Friday,IT,Vendor_002,Consulting,38757.93,40000,Approver_07,INV-105245,Just under approval limit,,Policy Violation Risk
TXN-001851,2025-11-18,14:10,Tuesday,Operations,Vendor_006,Travel,27716.42,30000,Approver_15,INV-105286,Just under approval limit,,Policy Violation Risk
TXN-005013,2025-11-18,15:57,Tuesday,Procurement,Vendor_044,Consulting,48977.14,50000,Approver_10,INV-105289,Just under approval limit,,Policy Violation Risk
TXN-001737,2025-11-19,11:10,Wednesday,Procurement,Vendor_049,Consulting,49006.11,50000,Approver_11,INV-105304,Just under approval limit,,Policy Violation Risk
TXN-005779,2025-11-19,11:09,Wednesday,Sales,Vendor_057,Supplies,18722.22,20000,Approver_12,INV-105314,Just under approval limit,,Policy Violation Risk
TXN-000789,2025-11-25,16:38,Tuesday,HR,Vendor_051,Software,13551.91,15000,Approver_13,INV-105404,Just under approval limit,,Policy Violation Risk
TXN-001253,2025-11-26,17:47,Wednesday,Operations,Vendor_024,Software,28235.82,30000,Approver_09,INV-105428,Just under approval limit,,Policy Violation Risk
TXN-003103,2025-11-27,09:24,Thursday,Sales,Vendor_027,Utilities,18578.16,20000,Approver_05,INV-105457,Just under approval limit,,Policy Violation Risk
TXN-004343,2025-12-01,18:32,Monday,HR,Vendor_014,Supplies,13884.51,15000,Approver_04,INV-105498,Just under approval limit,,Policy Violation Risk
TXN-002391,2025-12-01,10:42,Monday,Sales,Vendor_013,Equipment,19128.62,20000,Approver_06,INV-105508,Just under approval limit,,Policy Violation Risk
TXN-004493,2025-12-01,11:27,Monday,IT,Vendor_017,Software,38951.21,40000,Approver_13,INV-105510,Just under approval limit,,Policy Violation Risk
TXN-005851,2025-12-02,11:07,Tuesday,HR,Vendor_026,Utilities,13674.42,15000,Approver_12,INV-105517,Just under approval limit,,Policy Violation Risk
TXN-002633,2025-12-03,11:34,Wednesday,Procurement,Vendor_019,Travel,49719.74,50000,Approver_02,INV-105534,Just under approval limit,,Policy Violation Risk
TXN-005866,2025-12-03,12:44,Wednesday,Finance,Vendor_015,Misc,56645.03,60000,Approver_12,INV-105539,Just under approval limit,,Policy Violation Risk
TXN-005488,2025-12-03,16:16,Wednesday,Operations,Vendor_018,Supplies,28553.7,30000,Approver_11,INV-105538,Just under approval limit,,Policy Violation Risk
TXN-005912,2025-12-04,15:56,Thursday,Operations,Vendor_044,Supplies,27075.11,30000,Approver_03,INV-105573,Just under approval limit,,Policy Violation Risk
TXN-005802,2025-12-08,12:46,Monday,Finance,Vendor_052,Misc,57954.76,60000,Approver_10,INV-105610,Just under approval limit,,Policy Violation Risk
TXN-001010,2025-12-09,08:06,Tuesday,HR,Vendor_054,Software,14300.82,15000,Approver_02,INV-105652,Just under approval limit,,Policy Violation Risk
TXN-005123,2025-12-11,16:11,Thursday,Sales,Vendor_006,Equipment,19314.62,20000,Approver_13,INV-105703,Just under approval limit,,Policy Violation Risk
TXN-003892,2025-12-12,11:47,Friday,HR,Vendor_033,Consulting,14632.12,15000,Approver_02,INV-105711,Just under approval limit,,Policy Violation Risk
TXN-005422,2025-12-15,15:32,Monday,HR,Vendor_040,Travel,13671.78,15000,Approver_12,INV-105750,Just under approval limit,,Policy Violation Risk
TXN-000429,2025-12-15,11:58,Monday,Finance,Vendor_039,Supplies,57754.69,60000,Approver_12,INV-105758,Just under approval limit,,Policy Violation Risk
TXN-003659,2025-12-16,17:40,Tuesday,Finance,Vendor_035,Travel,57835.76,60000,Approver_09,INV-105777,Just under approval limit,,Policy Violation Risk
TXN-004623,2025-12-18,10:54,Thursday,IT,Vendor_021,Equipment,39741.54,40000,Approver_06,INV-105799,Just under approval limit,,Policy Violation Risk
TXN-004978,2025-12-22,11:10,Monday,IT,Vendor_044,Consulting,39656.65,40000,Approver_07,INV-105851,Just under approval limit,,Policy Violation Risk
TXN-002360,2025-12-23,17:31,Tuesday,Marketing,Vendor_015,Software,23289.31,25000,Approver_04,INV-105873,Just under approval limit,,Policy Violation Risk
TXN-001390,2025-12-23,13:04,Tuesday,Finance,Vendor_021,Supplies,59529.33,60000,Approver_09,INV-105878,Just under approval limit,,Policy Violation Risk
TXN-005964,2025-12-24,15:32,Wednesday,Sales,Vendor_006,Travel,19321.73,20000,Approver_15,INV-105892,Just under approval limit,,Policy Violation Risk
TXN-001467,2025-12-25,15:02,Thursday,Marketing,Vendor_042,Travel,24136.75,25000,Approver_03,INV-105905,Just under approval limit,,Policy Violation Risk
TXN-003984,2025-12-26,15:53,Friday,Finance,Vendor_015,Equipment,54179.31,60000,Approver_04,INV-105936,Just under approval limit,,Policy Violation Risk
TXN-002371,2025-12-26,17:05,Friday,Finance,Vendor_027,Utilities,59094.99,60000,Approver_09,INV-105949,Just under approval limit,,Policy Violation Risk
TXN-002114-D,2025-07-03,18:48,Thursday,HR,Vendor_040,Utilities,13858.12,15000,Approver_07,INV-103053,Just under approval limit,,Policy Violation Risk
TXN-000059-D,2025-08-05,18:26,Tuesday,Sales,Vendor_006,Software,18254.32,20000,Approver_05,INV-103573,Just under approval limit,,Policy Violation Risk
TXN-004706,2025-01-04,02:34,Saturday,Sales,Vendor_019,Software,16.37,20000,Approver_09,INV-100058,Weekend or after-hours posting,,Policy Violation Risk
TXN-001219,2025-01-11,09:46,Saturday,Marketing,Vendor_031,Software,580.29,25000,Approver_07,INV-100184,Weekend or after-hours posting,,Policy Violation Risk
TXN-000711,2025-01-12,09:24,Sunday,Finance,Vendor_011,Utilities,228.78,60000,Approver_01,INV-100185,Weekend or after-hours posting,,Policy Violation Risk
TXN-004992,2025-01-23,22:01,Thursday,Finance,Vendor_060,Misc,360.28,60000,Approver_02,INV-100385,Weekend or after-hours posting,,Policy Violation Risk
TXN-002503,2025-01-26,08:18,Sunday,IT,Vendor_022,Utilities,116.22,40000,Approver_12,INV-100408,Weekend or after-hours posting,,Policy Violation Risk
TXN-002254,2025-01-26,14:51,Sunday,Marketing,Vendor_009,Utilities,17.52,25000,Approver_02,INV-100409,Weekend or after-hours posting,,Policy Violation Risk
TXN-002461,2025-01-27,00:36,Monday,Sales,Vendor_029,Software,370.51,20000,,INV-100438,Weekend or after-hours posting,,Policy Violation Risk
TXN-000964,2025-02-07,01:14,Friday,Sales,Vendor_021,Misc,244.41,20000,Approver_11,INV-100638,Weekend or after-hours posting,,Policy Violation Risk
TXN-002657,2025-02-07,21:16,Friday,Marketing,Vendor_032,Supplies,329.64,25000,Approver_08,INV-100642,Weekend or after-hours posting,,Policy Violation Risk
TXN-000461,2025-02-08,01:00,Saturday,Marketing,Vendor_024,Utilities,103.2,25000,Approver_03,INV-100654,Weekend or after-hours posting,,Policy Violation Risk
TXN-002532,2025-02-09,11:16,Sunday,IT,Vendor_028,Software,1231.33,40000,Approver_07,INV-100655,Weekend or after-hours posting,,Policy Violation Risk
TXN-001178,2025-02-12,23:03,Wednesday,Operations,Vendor_014,Consulting,1421.51,30000,Approver_13,INV-100695,Weekend or after-hours posting,,Policy Violation Risk
TXN-003507,2025-02-13,00:13,Thursday,Operations,Vendor_001,Misc,479.67,30000,Approver_11,INV-100723,Weekend or after-hours posting,,Policy Violation Risk
TXN-000042,2025-02-13,21:11,Thursday,IT,Vendor_026,Supplies,10.43,40000,Approver_10,INV-100726,Weekend or after-hours posting,,Policy Violation Risk
TXN-001449,2025-02-17,21:52,Monday,IT,Vendor_028,Travel,76572.02,40000,Approver_11,INV-100768,Weekend or after-hours posting,,Policy Violation Risk
TXN-002392,2025-02-20,01:22,Thursday,IT,Vendor_014,Utilities,7485.14,40000,Approver_04,INV-100816,Weekend or after-hours posting,,Policy Violation Risk
TXN-003759,2025-02-28,01:01,Friday,Operations,Vendor_016,Misc,15.18,30000,Approver_11,INV-100971,Weekend or after-hours posting,,Policy Violation Risk
TXN-002130,2025-03-01,18:35,Saturday,Procurement,Vendor_035,Supplies,62.08,50000,Approver_13,INV-100976,Weekend or after-hours posting,,Policy Violation Risk
TXN-000432,2025-03-01,05:04,Saturday,HR,Vendor_023,Travel,161.83,15000,Approver_06,INV-100977,Weekend or after-hours posting,,Policy Violation Risk
TXN-004863,2025-03-02,02:29,Sunday,Finance,Vendor_050,Travel,28.68,60000,Approver_11,INV-100978,Weekend or after-hours posting,,Policy Violation Risk
TXN-002731,2025-03-04,01:05,Tuesday,Marketing,Vendor_048,Misc,879.55,25000,Approver_14,INV-101034,Weekend or after-hours posting,,Policy Violation Risk
TXN-002060,2025-03-12,23:01,Wednesday,Sales,Vendor_009,Software,456.78,20000,Approver_11,INV-101143,Weekend or after-hours posting,,Policy Violation Risk
TXN-002962,2025-03-13,01:25,Thursday,Finance,Vendor_029,Utilities,375.37,60000,Approver_03,INV-101149,Weekend or after-hours posting,,Policy Violation Risk
TXN-004144,2025-03-15,11:27,Saturday,Finance,Vendor_020,Equipment,64.59,60000,,INV-101197,Weekend or after-hours posting,,Policy Violation Risk
TXN-003473,2025-03-16,21:03,Sunday,IT,Vendor_012,Consulting,63.92,40000,Approver_15,INV-101198,Weekend or after-hours posting,,Policy Violation Risk
TXN-000243,2025-03-17,23:25,Monday,IT,Vendor_051,Misc,12.97,40000,Approver_04,INV-101200,Weekend or after-hours posting,,Policy Violation Risk
TXN-005194,2025-03-20,00:45,Thursday,Sales,Vendor_047,Supplies,4248.12,20000,Approver_07,INV-101300,Weekend or after-hours posting,,Policy Violation Risk
TXN-003536,2025-03-29,13:27,Saturday,Operations,Vendor_036,Software,2646.97,30000,Approver_10,INV-101456,Weekend or after-hours posting,,Policy Violation Risk
TXN-002544,2025-03-29,18:22,Saturday,HR,Vendor_060,Equipment,10.64,15000,Approver_15,INV-101457,Weekend or after-hours posting,,Policy Violation Risk
TXN-002920,2025-03-30,03:51,Sunday,Operations,Vendor_001,Consulting,9183.02,30000,Approver_06,INV-101458,Weekend or after-hours posting,,Policy Violation Risk
TXN-004530,2025-03-31,01:15,Monday,HR,Vendor_044,Travel,118.77,15000,Approver_08,INV-101467,Weekend or after-hours posting,,Policy Violation Risk
TXN-001438,2025-04-05,14:32,Saturday,Finance,Vendor_005,Equipment,328.37,60000,Approver_04,INV-101579,Weekend or after-hours posting,,Policy Violation Risk
TXN-003805,2025-04-10,01:18,Thursday,Operations,Vendor_001,Supplies,9539.18,30000,Approver_01,INV-101665,Weekend or after-hours posting,,Policy Violation Risk
TXN-005568,2025-04-10,21:43,Thursday,HR,Vendor_002,Utilities,2079.08,15000,Approver_08,INV-101680,Weekend or after-hours posting,,Policy Violation Risk
TXN-005403,2025-04-13,14:05,Sunday,Operations,Vendor_032,Consulting,32.98,30000,Approver_05,INV-101703,Weekend or after-hours posting,,Policy Violation Risk
TXN-001622,2025-04-17,23:38,Thursday,Finance,Vendor_038,Travel,2163.8,60000,Approver_04,INV-101805,Weekend or after-hours posting,,Policy Violation Risk
TXN-001742,2025-04-22,23:18,Tuesday,Marketing,Vendor_004,Software,278.87,25000,Approver_12,INV-101870,Weekend or after-hours posting,,Policy Violation Risk
TXN-004479,2025-05-02,00:37,Friday,Procurement,Vendor_060,Consulting,3200.03,50000,Approver_10,INV-102036,Weekend or after-hours posting,,Policy Violation Risk
TXN-004218,2025-05-04,05:34,Sunday,Marketing,Vendor_043,Misc,27.18,25000,Approver_06,INV-102056,Weekend or after-hours posting,,Policy Violation Risk
TXN-004420,2025-05-06,00:31,Tuesday,Operations,Vendor_049,Equipment,60.33,30000,Approver_08,INV-102082,Weekend or after-hours posting,,Policy Violation Risk
TXN-000554,2025-05-11,01:32,Sunday,Procurement,Vendor_044,Travel,74.58,50000,Approver_10,INV-102178,Weekend or after-hours posting,,Policy Violation Risk
TXN-002720,2025-05-19,22:46,Monday,Sales,Vendor_011,Misc,5236.7,20000,,INV-102300,Weekend or after-hours posting,,Policy Violation Risk
TXN-000297,2025-05-21,22:05,Wednesday,IT,Vendor_027,Travel,920.62,40000,Approver_13,INV-102344,Weekend or after-hours posting,,Policy Violation Risk
TXN-005954,2025-05-28,22:12,Wednesday,Marketing,Vendor_032,Equipment,358.24,25000,Approver_03,INV-102464,Weekend or after-hours posting,,Policy Violation Risk
TXN-005078,2025-05-29,21:11,Thursday,Procurement,Vendor_048,Software,1082.35,50000,Approver_07,INV-102487,Weekend or after-hours posting,,Policy Violation Risk
TXN-004152,2025-05-31,06:30,Saturday,HR,Vendor_037,Equipment,37.13,15000,Approver_04,INV-102524,Weekend or after-hours posting,,Policy Violation Risk
TXN-003489,2025-06-08,15:34,Sunday,Finance,Vendor_006,Travel,58.75,60000,Approver_02,INV-102635,Weekend or after-hours posting,,Policy Violation Risk
TXN-003479,2025-06-09,00:46,Monday,Sales,Vendor_006,Travel,213.08,20000,Approver_10,INV-102644,Weekend or after-hours posting,,Policy Violation Risk
TXN-004400,2025-06-10,00:38,Tuesday,Finance,Vendor_044,Equipment,8916.78,60000,Approver_15,INV-102666,Weekend or after-hours posting,,Policy Violation Risk
TXN-002079,2025-06-20,00:47,Friday,HR,Vendor_030,Equipment,3912.37,15000,Approver_01,INV-102842,Weekend or after-hours posting,,Policy Violation Risk
TXN-000322,2025-06-22,19:28,Sunday,Marketing,Vendor_018,Software,431.96,25000,Approver_04,INV-102845,Weekend or after-hours posting,,Policy Violation Risk
TXN-002723,2025-06-23,23:44,Monday,Procurement,Vendor_044,Travel,11.46,50000,Approver_01,INV-102857,Weekend or after-hours posting,,Policy Violation Risk
TXN-003554,2025-06-24,22:58,Tuesday,HR,Vendor_040,Software,111.94,15000,Approver_14,INV-102888,Weekend or after-hours posting,,Policy Violation Risk
TXN-004376,2025-07-02,22:03,Wednesday,Finance,Vendor_002,Supplies,67.86,60000,Approver_12,INV-103026,Weekend or after-hours posting,,Policy Violation Risk
TXN-003093,2025-07-03,21:46,Thursday,HR,Vendor_015,Travel,492.17,15000,Approver_06,INV-103052,Weekend or after-hours posting,,Policy Violation Risk
TXN-003062,2025-07-08,01:40,Tuesday,Finance,Vendor_030,Misc,19248.39,60000,Approver_14,INV-103115,Weekend or after-hours posting,,Policy Violation Risk
TXN-000108,2025-07-09,22:01,Wednesday,HR,Vendor_040,Consulting,54.71,15000,Approver_13,INV-103145,Weekend or after-hours posting,,Policy Violation Risk
TXN-004873,2025-07-14,01:08,Monday,Marketing,Vendor_034,Equipment,264.01,25000,Approver_09,INV-103189,Weekend or after-hours posting,,Policy Violation Risk
TXN-003980,2025-07-14,01:58,Monday,Operations,Vendor_048,Utilities,869.41,30000,Approver_09,INV-103192,Weekend or after-hours posting,,Policy Violation Risk
TXN-000610,2025-07-15,22:40,Tuesday,Procurement,Vendor_051,Utilities,4048.78,50000,Approver_06,INV-103226,Weekend or after-hours posting,,Policy Violation Risk
TXN-001578,2025-07-19,01:22,Saturday,Procurement,Vendor_007,Misc,57.8,50000,Approver_09,INV-103300,Weekend or after-hours posting,,Policy Violation Risk
TXN-005191,2025-07-19,13:19,Saturday,IT,Vendor_018,Utilities,245.52,40000,Approver_09,INV-103301,Weekend or after-hours posting,,Policy Violation Risk
TXN-005164,2025-07-26,06:11,Saturday,HR,Vendor_010,Supplies,46.16,15000,Approver_03,INV-103411,Weekend or after-hours posting,,Policy Violation Risk
TXN-000678,2025-07-27,08:09,Sunday,Sales,Vendor_018,Misc,49745.62,20000,Approver_08,INV-103406,Weekend or after-hours posting,,Policy Violation Risk
TXN-005317,2025-08-03,03:10,Sunday,Marketing,Vendor_056,Travel,731.33,25000,Approver_06,INV-103535,Weekend or after-hours posting,,Policy Violation Risk
TXN-004967,2025-08-10,23:19,Sunday,HR,Vendor_052,Equipment,89327.43,15000,Approver_08,INV-103653,Weekend or after-hours posting,,Policy Violation Risk
TXN-003885,2025-08-14,21:15,Thursday,Marketing,Vendor_027,Software,453.97,25000,Approver_02,INV-103739,Weekend or after-hours posting,,Policy Violation Risk
TXN-001177,2025-08-16,09:29,Saturday,HR,Vendor_038,Equipment,4986.51,15000,Approver_05,INV-103776,Weekend or after-hours posting,,Policy Violation Risk
TXN-000498,2025-08-20,01:27,Wednesday,Procurement,Vendor_020,Utilities,150.34,50000,Approver_13,INV-103851,Weekend or after-hours posting,,Policy Violation Risk
TXN-005247,2025-08-30,03:03,Saturday,HR,Vendor_005,Software,11619.8,15000,Approver_05,INV-104008,Weekend or after-hours posting,,Policy Violation Risk
TXN-004069,2025-09-02,21:11,Tuesday,IT,Vendor_008,Software,40.43,40000,Approver_15,INV-104049,Weekend or after-hours posting,,Policy Violation Risk
TXN-003163,2025-09-02,00:59,Tuesday,IT,Vendor_043,Consulting,21.19,40000,Approver_02,INV-104060,Weekend or after-hours posting,,Policy Violation Risk
TXN-000922,2025-09-06,10:18,Saturday,Operations,Vendor_056,Software,1097.3,30000,Approver_13,INV-104138,Weekend or after-hours posting,,Policy Violation Risk
TXN-005133,2025-09-10,01:04,Wednesday,Procurement,Vendor_048,Equipment,34566.19,50000,Approver_11,INV-104194,Weekend or after-hours posting,,Policy Violation Risk
TXN-001994,2025-09-17,22:17,Wednesday,Finance,Vendor_053,Software,80.81,60000,Approver_15,INV-104312,Weekend or after-hours posting,,Policy Violation Risk
TXN-005461,2025-09-17,22:58,Wednesday,Sales,Vendor_050,Equipment,1591.87,20000,Approver_12,INV-104311,Weekend or after-hours posting,,Policy Violation Risk
TXN-001951,2025-09-20,12:56,Saturday,Operations,Vendor_006,Travel,235.65,30000,Approver_10,INV-104363,Weekend or after-hours posting,,Policy Violation Risk
TXN-004263,2025-09-27,22:16,Saturday,Sales,Vendor_060,Utilities,37889.0,20000,Approver_01,INV-104482,Weekend or after-hours posting,,Policy Violation Risk
TXN-003734,2025-09-27,12:48,Saturday,Operations,Vendor_050,Consulting,689.33,30000,Approver_10,INV-104483,Weekend or after-hours posting,,Policy Violation Risk
TXN-000037,2025-10-05,22:02,Sunday,HR,Vendor_051,Equipment,173.7,15000,Approver_12,INV-104600,Weekend or after-hours posting,,Policy Violation Risk
TXN-002955,2025-10-09,00:45,Thursday,Procurement,Vendor_060,Consulting,568.63,50000,Approver_06,INV-104661,Weekend or after-hours posting,,Policy Violation Risk
TXN-003007,2025-10-10,00:22,Friday,Procurement,Vendor_038,Utilities,32.73,50000,Approver_02,INV-104686,Weekend or after-hours posting,,Policy Violation Risk
TXN-001873,2025-10-11,15:34,Saturday,Finance,Vendor_045,Consulting,40.29,60000,Approver_04,INV-104702,Weekend or after-hours posting,,Policy Violation Risk
TXN-005857,2025-10-11,01:20,Saturday,Procurement,Vendor_060,Misc,168.52,50000,Approver_06,INV-104703,Weekend or after-hours posting,,Policy Violation Risk
TXN-001755,2025-10-19,04:06,Sunday,Operations,Vendor_010,Utilities,8151.64,30000,Approver_06,INV-104806,Weekend or after-hours posting,,Policy Violation Risk
TXN-005300,2025-10-27,23:51,Monday,Marketing,Vendor_028,Consulting,13.19,25000,Approver_12,INV-104920,Weekend or after-hours posting,,Policy Violation Risk
TXN-000069,2025-10-28,01:25,Tuesday,Marketing,Vendor_001,Travel,4245.22,25000,Approver_01,INV-104962,Weekend or after-hours posting,,Policy Violation Risk
TXN-002550,2025-10-31,23:18,Friday,Sales,Vendor_037,Software,106.69,20000,Approver_08,INV-105029,Weekend or after-hours posting,,Policy Violation Risk
TXN-004526,2025-11-01,23:25,Saturday,IT,Vendor_012,Software,5319.07,40000,Approver_07,INV-105036,Weekend or after-hours posting,,Policy Violation Risk
TXN-001224,2025-11-02,17:01,Sunday,Marketing,Vendor_050,Equipment,354.85,25000,Approver_15,INV-105037,Weekend or after-hours posting,,Policy Violation Risk
TXN-001620,2025-11-02,11:11,Sunday,Operations,Vendor_019,Misc,224.86,30000,Approver_05,INV-105038,Weekend or after-hours posting,,Policy Violation Risk
TXN-004063,2025-11-09,15:01,Sunday,Marketing,Vendor_026,Utilities,89.48,25000,Approver_09,INV-105142,Weekend or after-hours posting,,Policy Violation Risk
TXN-005036,2025-11-15,07:03,Saturday,HR,Vendor_043,Equipment,14.92,15000,Approver_05,INV-105253,Weekend or after-hours posting,,Policy Violation Risk
TXN-003971,2025-11-18,23:34,Tuesday,Procurement,Vendor_051,Utilities,271.05,50000,Approver_06,INV-105282,Weekend or after-hours posting,,Policy Violation Risk
TXN-004346,2025-11-23,08:47,Sunday,Sales,Vendor_013,Misc,27.42,20000,Approver_15,INV-105367,Weekend or after-hours posting,,Policy Violation Risk
TXN-002574,2025-11-25,21:40,Tuesday,Finance,Vendor_051,Utilities,46.15,60000,Approver_02,INV-105406,Weekend or after-hours posting,,Policy Violation Risk
TXN-003755,2025-11-30,16:27,Sunday,Operations,Vendor_011,Consulting,37.9,30000,Approver_07,INV-105484,Weekend or after-hours posting,,Policy Violation Risk
TXN-004612,2025-11-30,09:58,Sunday,Operations,Vendor_045,Travel,228.38,30000,Approver_12,INV-105485,Weekend or after-hours posting,,Policy Violation Risk
TXN-004136,2025-12-05,23:38,Friday,Marketing,Vendor_008,Misc,1100.56,25000,Approver_04,INV-105590,Weekend or after-hours posting,,Policy Violation Risk
TXN-005149,2025-12-14,00:47,Sunday,Finance,Vendor_034,Misc,58.8,60000,Approver_11,INV-105743,Weekend or after-hours posting,,Policy Violation Risk
TXN-001327,2025-12-19,00:00,Friday,HR,Vendor_043,Equipment,2151.04,15000,Approver_13,INV-105828,Weekend or after-hours posting,,Policy Violation Risk
TXN-005150,2025-12-20,12:44,Saturday,Operations,Vendor_038,Equipment,2636.9,30000,Approver_03,INV-105837,Weekend or after-hours posting,,Policy Violation Risk
TXN-000507,2025-12-21,00:23,Sunday,Procurement,Vendor_049,Software,17481.48,50000,Approver_03,INV-105838,Weekend or after-hours posting,,Policy Violation Risk
TXN-003910,2025-12-22,22:28,Monday,IT,Vendor_032,Misc,504.07,40000,Approver_12,INV-105841,Weekend or after-hours posting,,Policy Violation Risk
TXN-001072,2025-12-24,00:38,Wednesday,Sales,Vendor_038,Misc,412.68,20000,Approver_01,INV-105894,Weekend or after-hours posting,,Policy Violation Risk
TXN-002754,2025-12-27,13:53,Saturday,Finance,Vendor_042,Supplies,81469.27,60000,Approver_08,INV-105962,Weekend or after-hours posting,,Policy Violation Risk
TXN-002493,2025-12-28,04:11,Sunday,Operations,Vendor_016,Supplies,52.7,30000,Approver_08,INV-105963,Weekend or after-hours posting,,Policy Violation Risk
TXN-003093-D,2025-07-03,21:46,Thursday,HR,Vendor_015,Travel,492.17,15000,Approver_06,INV-103052,Weekend or after-hours posting,,Policy Violation Risk
TXN-002754-D,2025-12-27,13:53,Saturday,Finance,Vendor_042,Supplies,81469.27,60000,Approver_08,INV-105962,Weekend or after-hours posting,,Policy Violation Risk
TXN-003074,2025-01-01,16:08,Wednesday,Marketing,Vendor_038,Travel,15000.0,25000,Approver_14,INV-100004,Round-number amount,,Statistical Outlier
TXN-002602,2025-01-02,16:39,Thursday,Marketing,Vendor_036,Software,1000.0,25000,Approver_15,INV-100022,Round-number amount,,Statistical Outlier
TXN-000387,2025-01-03,15:20,Friday,Marketing,Vendor_002,Supplies,10000.0,25000,Approver_15,INV-100048,Round-number amount,,Statistical Outlier
TXN-000148,2025-01-03,09:59,Friday,Sales,Vendor_045,Consulting,20000.0,20000,Approver_12,INV-100056,Round-number amount,,Statistical Outlier
TXN-000706,2025-01-06,10:39,Monday,Sales,Vendor_032,Equipment,7500.0,20000,Approver_01,INV-100074,Round-number amount,,Statistical Outlier
TXN-002433,2025-01-07,11:17,Tuesday,HR,Vendor_036,Misc,5000.0,15000,Approver_15,INV-100092,Round-number amount,,Statistical Outlier
TXN-003527,2025-01-07,15:24,Tuesday,Marketing,Vendor_035,Software,5000.0,25000,Approver_10,INV-100099,Round-number amount,,Statistical Outlier
TXN-005290,2025-01-08,16:48,Wednesday,IT,Vendor_032,Software,5000.0,40000,Approver_13,INV-100123,Round-number amount,,Statistical Outlier
TXN-002937,2025-01-08,16:02,Wednesday,Sales,Vendor_009,Utilities,1000.0,20000,Approver_06,INV-100126,Round-number amount,,Statistical Outlier
TXN-000760,2025-01-09,11:48,Thursday,Sales,Vendor_058,Utilities,2500.0,20000,Approver_09,INV-100143,Round-number amount,,Statistical Outlier
TXN-005010,2025-01-13,15:37,Monday,Marketing,Vendor_008,Software,10000.0,25000,Approver_04,INV-100191,Round-number amount,,Statistical Outlier
TXN-000374,2025-01-20,18:58,Monday,Sales,Vendor_004,Consulting,15000.0,20000,Approver_08,INV-100301,Round-number amount,,Statistical Outlier
TXN-001852,2025-01-21,10:55,Tuesday,HR,Vendor_022,Equipment,2500.0,15000,Approver_06,INV-100315,Round-number amount,,Statistical Outlier
TXN-002500,2025-01-21,14:05,Tuesday,Sales,Vendor_010,Equipment,5000.0,20000,Approver_10,INV-100334,Round-number amount,,Statistical Outlier
TXN-004806,2025-01-22,11:18,Wednesday,Procurement,Vendor_027,Equipment,5000.0,50000,Approver_09,INV-100367,Round-number amount,,Statistical Outlier
TXN-002803,2025-01-24,15:54,Friday,Finance,Vendor_017,Software,5000.0,60000,Approver_12,INV-100392,Round-number amount,,Statistical Outlier
TXN-001143,2025-01-27,18:15,Monday,Operations,Vendor_014,Utilities,10000.0,30000,Approver_14,INV-100420,Round-number amount,,Statistical Outlier
TXN-004014,2025-01-27,17:40,Monday,Finance,Vendor_042,Travel,15000.0,60000,Approver_04,INV-100424,Round-number amount,,Statistical Outlier
TXN-001329,2025-02-03,11:07,Monday,Marketing,Vendor_023,Utilities,10000.0,25000,Approver_10,INV-100538,Round-number amount,,Statistical Outlier
TXN-003868,2025-02-03,16:56,Monday,HR,Vendor_040,Utilities,1000.0,15000,Approver_12,INV-100558,Round-number amount,,Statistical Outlier
TXN-004283,2025-02-07,16:09,Friday,HR,Vendor_046,Consulting,20000.0,15000,Approver_06,INV-100634,Round-number amount,,Statistical Outlier
TXN-005800,2025-02-07,11:46,Friday,Operations,Vendor_033,Utilities,20000.0,30000,Approver_11,INV-100652,Round-number amount,,Statistical Outlier
TXN-000326,2025-02-10,11:47,Monday,Marketing,Vendor_037,Travel,7500.0,25000,Approver_10,INV-100666,Round-number amount,,Statistical Outlier
TXN-004522,2025-02-10,18:45,Monday,Operations,Vendor_036,Equipment,5000.0,30000,,INV-100668,Round-number amount,,Statistical Outlier
TXN-000627,2025-02-12,12:02,Wednesday,Procurement,Vendor_002,Supplies,10000.0,50000,Approver_10,INV-100692,Round-number amount,,Statistical Outlier
TXN-003707,2025-02-13,11:38,Thursday,IT,Vendor_037,Utilities,15000.0,40000,Approver_14,INV-100715,Round-number amount,,Statistical Outlier
TXN-004452,2025-02-14,10:34,Friday,Procurement,Vendor_054,Misc,7500.0,50000,Approver_06,INV-100736,Round-number amount,,Statistical Outlier
TXN-003164,2025-02-18,14:59,Tuesday,IT,Vendor_051,Travel,2500.0,40000,Approver_09,INV-100775,Round-number amount,,Statistical Outlier
TXN-001328,2025-02-20,15:24,Thursday,IT,Vendor_005,Misc,20000.0,40000,Approver_12,INV-100805,Round-number amount,,Statistical Outlier
TXN-003488,2025-02-24,09:00,Monday,Procurement,Vendor_010,Software,2500.0,50000,Approver_04,INV-100862,Round-number amount,,Statistical Outlier
TXN-001170,2025-02-24,11:13,Monday,Operations,Vendor_038,Utilities,15000.0,30000,Approver_06,INV-100867,Round-number amount,,Statistical Outlier
TXN-001003,2025-02-25,13:38,Tuesday,Finance,Vendor_012,Travel,1000.0,60000,Approver_07,INV-100888,Round-number amount,,Statistical Outlier
TXN-000820,2025-02-25,16:04,Tuesday,Sales,Vendor_049,Consulting,1000.0,20000,Approver_10,INV-100893,Round-number amount,,Statistical Outlier
TXN-002037,2025-02-27,10:23,Thursday,Finance,Vendor_054,Software,15000.0,60000,Approver_10,INV-100928,Round-number amount,,Statistical Outlier
TXN-005632,2025-02-27,15:43,Thursday,HR,Vendor_027,Utilities,7500.0,15000,Approver_02,INV-100942,Round-number amount,,Statistical Outlier
TXN-000353,2025-03-04,12:45,Tuesday,Sales,Vendor_058,Travel,10000.0,20000,Approver_02,INV-101013,Round-number amount,,Statistical Outlier
TXN-005171,2025-03-05,10:51,Wednesday,IT,Vendor_015,Utilities,1000.0,40000,Approver_13,INV-101036,Round-number amount,,Statistical Outlier
TXN-002473,2025-03-05,09:31,Wednesday,HR,Vendor_025,Software,15000.0,15000,Approver_07,INV-101043,Round-number amount,,Statistical Outlier
TXN-003336,2025-03-05,13:31,Wednesday,Procurement,Vendor_060,Consulting,15000.0,50000,Approver_03,INV-101046,Round-number amount,,Statistical Outlier
TXN-001400,2025-03-06,11:49,Thursday,Sales,Vendor_005,Software,10000.0,20000,Approver_03,INV-101059,Round-number amount,,Statistical Outlier
TXN-002785,2025-03-13,16:46,Thursday,Procurement,Vendor_038,Equipment,10000.0,50000,Approver_10,INV-101170,Round-number amount,,Statistical Outlier
TXN-001579,2025-03-18,09:27,Tuesday,Finance,Vendor_026,Travel,5000.0,60000,Approver_04,INV-101241,Round-number amount,,Statistical Outlier
TXN-000951,2025-03-18,11:00,Tuesday,HR,Vendor_028,Utilities,1000.0,15000,Approver_08,INV-101249,Round-number amount,,Statistical Outlier
TXN-002682,2025-03-21,15:40,Friday,Procurement,Vendor_042,Utilities,15000.0,50000,Approver_07,INV-101311,Round-number amount,,Statistical Outlier
TXN-001115,2025-03-24,14:21,Monday,Marketing,Vendor_002,Utilities,2500.0,25000,Approver_11,INV-101345,Round-number amount,,Statistical Outlier
TXN-004684,2025-03-24,16:09,Monday,Procurement,Vendor_039,Supplies,10000.0,50000,Approver_12,INV-101363,Round-number amount,,Statistical Outlier
TXN-001769,2025-03-25,14:15,Tuesday,Operations,Vendor_054,Utilities,5000.0,30000,Approver_04,INV-101378,Round-number amount,,Statistical Outlier
TXN-005057,2025-03-26,16:16,Wednesday,HR,Vendor_045,Travel,2500.0,15000,Approver_02,INV-101398,Round-number amount,,Statistical Outlier
TXN-001900,2025-03-26,16:23,Wednesday,Finance,Vendor_004,Supplies,7500.0,60000,Approver_10,INV-101399,Round-number amount,,Statistical Outlier
TXN-004646,2025-03-27,17:12,Thursday,Marketing,Vendor_012,Consulting,1000.0,25000,Approver_10,INV-101413,Round-number amount,,Statistical Outlier
TXN-004732,2025-03-28,16:18,Friday,Procurement,Vendor_045,Misc,5000.0,50000,Approver_04,INV-101446,Round-number amount,,Statistical Outlier
TXN-005333,2025-03-28,15:55,Friday,Procurement,Vendor_019,Equipment,15000.0,50000,Approver_07,INV-101453,Round-number amount,,Statistical Outlier
TXN-001570,2025-03-31,12:01,Monday,HR,Vendor_045,Misc,1000.0,15000,Approver_14,INV-101466,Round-number amount,,Statistical Outlier
TXN-004626,2025-04-01,16:17,Tuesday,Operations,Vendor_004,Consulting,5000.0,30000,Approver_12,INV-101486,Round-number amount,,Statistical Outlier
TXN-001683,2025-04-03,17:11,Thursday,Marketing,Vendor_034,Supplies,5000.0,25000,Approver_07,INV-101535,Round-number amount,,Statistical Outlier
TXN-005135,2025-04-03,10:31,Thursday,Sales,Vendor_060,Supplies,7500.0,20000,Approver_03,INV-101541,Round-number amount,,Statistical Outlier
TXN-001278,2025-04-08,11:54,Tuesday,Procurement,Vendor_048,Equipment,15000.0,50000,Approver_03,INV-101608,Round-number amount,,Statistical Outlier
TXN-002370,2025-04-11,17:17,Friday,HR,Vendor_017,Equipment,1000.0,15000,Approver_12,INV-101681,Round-number amount,,Statistical Outlier
TXN-005732,2025-04-11,15:06,Friday,Operations,Vendor_018,Supplies,15000.0,30000,Approver_07,INV-101689,Round-number amount,,Statistical Outlier
TXN-002304,2025-04-14,14:23,Monday,Operations,Vendor_053,Equipment,7500.0,30000,Approver_15,INV-101714,Round-number amount,,Statistical Outlier
TXN-003102,2025-04-15,15:00,Tuesday,Marketing,Vendor_010,Equipment,15000.0,25000,Approver_13,INV-101741,Round-number amount,,Statistical Outlier
TXN-001342,2025-04-16,12:20,Wednesday,Finance,Vendor_013,Consulting,1000.0,60000,Approver_01,INV-101765,Round-number amount,,Statistical Outlier
TXN-004185,2025-04-23,14:33,Wednesday,IT,Vendor_037,Utilities,1000.0,40000,Approver_07,INV-101889,Round-number amount,,Statistical Outlier
TXN-002966,2025-04-24,11:40,Thursday,Sales,Vendor_021,Equipment,1000.0,20000,Approver_01,INV-101899,Round-number amount,,Statistical Outlier
TXN-005054,2025-04-25,15:01,Friday,Procurement,Vendor_040,Utilities,5000.0,50000,Approver_15,INV-101934,Round-number amount,,Statistical Outlier
TXN-004202,2025-04-28,16:25,Monday,Procurement,Vendor_016,Utilities,1000.0,50000,Approver_15,INV-101952,Round-number amount,,Statistical Outlier
TXN-004318,2025-04-29,16:04,Tuesday,Operations,Vendor_025,Software,7500.0,30000,Approver_03,INV-101971,Round-number amount,,Statistical Outlier
TXN-000294,2025-04-29,10:33,Tuesday,IT,Vendor_031,Travel,7500.0,40000,Approver_01,INV-101979,Round-number amount,,Statistical Outlier
TXN-004456,2025-04-29,11:29,Tuesday,Sales,Vendor_048,Supplies,15000.0,20000,Approver_10,INV-101980,Round-number amount,,Statistical Outlier
TXN-004375,2025-04-30,16:53,Wednesday,HR,Vendor_034,Equipment,5000.0,15000,Approver_12,INV-102007,Round-number amount,,Statistical Outlier
TXN-003313,2025-05-01,09:20,Thursday,IT,Vendor_029,Software,2500.0,40000,Approver_07,INV-102014,Round-number amount,,Statistical Outlier
TXN-004080,2025-05-02,17:39,Friday,Procurement,Vendor_031,Supplies,7500.0,50000,Approver_09,INV-102043,Round-number amount,,Statistical Outlier
TXN-004707,2025-05-05,15:01,Monday,IT,Vendor_058,Misc,15000.0,40000,Approver_12,INV-102064,Round-number amount,,Statistical Outlier
TXN-000438,2025-05-05,15:34,Monday,IT,Vendor_034,Consulting,10000.0,40000,Approver_13,INV-102074,Round-number amount,,Statistical Outlier
TXN-005751,2025-05-07,13:41,Wednesday,Sales,Vendor_051,Utilities,20000.0,20000,Approver_05,INV-102118,Round-number amount,,Statistical Outlier
TXN-005120,2025-05-07,11:14,Wednesday,HR,Vendor_014,Equipment,10000.0,15000,Approver_05,INV-102125,Round-number amount,,Statistical Outlier
TXN-003357,2025-05-08,09:47,Thursday,HR,Vendor_020,Equipment,1000.0,15000,Approver_09,INV-102130,Round-number amount,,Statistical Outlier
TXN-002817,2025-05-08,14:18,Thursday,Marketing,Vendor_002,Supplies,10000.0,25000,Approver_12,INV-102135,Round-number amount,,Statistical Outlier
TXN-000750,2025-05-09,10:32,Friday,Operations,Vendor_016,Equipment,7500.0,30000,Approver_15,INV-102173,Round-number amount,,Statistical Outlier
TXN-002533,2025-05-13,08:52,Tuesday,Finance,Vendor_059,Equipment,20000.0,60000,Approver_13,INV-102228,Round-number amount,,Statistical Outlier
TXN-002299,2025-05-14,14:43,Wednesday,Finance,Vendor_039,Software,20000.0,60000,Approver_10,INV-102232,Round-number amount,,Statistical Outlier
TXN-000660,2025-05-15,14:11,Thursday,Sales,Vendor_015,Equipment,1000.0,20000,Approver_10,INV-102254,Round-number amount,,Statistical Outlier
TXN-003520,2025-05-16,15:55,Friday,HR,Vendor_018,Supplies,7500.0,15000,Approver_05,INV-102275,Round-number amount,,Statistical Outlier
TXN-002025,2025-05-16,14:25,Friday,Marketing,Vendor_056,Utilities,1000.0,25000,Approver_08,INV-102284,Round-number amount,,Statistical Outlier
TXN-004882,2025-05-19,14:09,Monday,Operations,Vendor_010,Utilities,10000.0,30000,Approver_15,INV-102304,Round-number amount,,Statistical Outlier
TXN-000902,2025-05-19,09:25,Monday,Marketing,Vendor_031,Consulting,7500.0,25000,Approver_13,INV-102312,Round-number amount,,Statistical Outlier
TXN-003570,2025-05-19,15:20,Monday,Operations,Vendor_010,Travel,10000.0,30000,Approver_05,INV-102313,Round-number amount,,Statistical Outlier
TXN-002683,2025-05-20,10:18,Tuesday,Sales,Vendor_021,Misc,7500.0,20000,Approver_07,INV-102326,Round-number amount,,Statistical Outlier
TXN-001871,2025-05-23,17:45,Friday,IT,Vendor_048,Utilities,15000.0,40000,Approver_02,INV-102399,Round-number amount,,Statistical Outlier
TXN-001190,2025-05-26,14:36,Monday,IT,Vendor_058,Consulting,1000.0,40000,Approver_04,INV-102414,Round-number amount,,Statistical Outlier
TXN-001520,2025-05-29,15:16,Thursday,Finance,Vendor_011,Equipment,2500.0,60000,Approver_12,INV-102501,Round-number amount,,Statistical Outlier
TXN-000608,2025-05-30,11:47,Friday,Finance,Vendor_031,Software,1000.0,60000,Approver_01,INV-102504,Round-number amount,,Statistical Outlier
TXN-001274,2025-05-30,17:01,Friday,IT,Vendor_007,Travel,20000.0,40000,Approver_09,INV-102514,Round-number amount,,Statistical Outlier
TXN-000346,2025-06-03,15:38,Tuesday,Finance,Vendor_019,Software,1000.0,60000,Approver_06,INV-102561,Round-number amount,,Statistical Outlier
TXN-000778,2025-06-04,14:37,Wednesday,Operations,Vendor_004,Consulting,10000.0,30000,Approver_04,INV-102577,Round-number amount,,Statistical Outlier
TXN-000193,2025-06-09,11:01,Monday,Operations,Vendor_002,Utilities,5000.0,30000,Approver_02,INV-102647,Round-number amount,,Statistical Outlier
TXN-000867,2025-06-10,09:13,Tuesday,HR,Vendor_004,Utilities,7500.0,15000,Approver_03,INV-102661,Round-number amount,,Statistical Outlier
TXN-004956,2025-06-12,14:35,Thursday,Sales,Vendor_012,Supplies,15000.0,20000,Approver_08,INV-102702,Round-number amount,,Statistical Outlier
TXN-002113,2025-06-12,12:06,Thursday,HR,Vendor_034,Consulting,5000.0,15000,Approver_01,INV-102711,Round-number amount,,Statistical Outlier
TXN-000514,2025-06-13,13:11,Friday,HR,Vendor_060,Misc,20000.0,15000,Approver_02,INV-102720,Round-number amount,,Statistical Outlier
TXN-001480,2025-06-17,15:54,Tuesday,Marketing,Vendor_039,Software,1000.0,25000,Approver_15,INV-102771,Round-number amount,,Statistical Outlier
TXN-004808,2025-06-17,16:33,Tuesday,Marketing,Vendor_040,Equipment,7500.0,25000,Approver_12,INV-102774,Round-number amount,,Statistical Outlier
TXN-001535,2025-06-18,10:05,Wednesday,Sales,Vendor_040,Travel,5000.0,20000,Approver_13,INV-102775,Round-number amount,,Statistical Outlier
TXN-002741,2025-06-18,17:25,Wednesday,Marketing,Vendor_029,Utilities,2500.0,25000,Approver_12,INV-102788,Round-number amount,,Statistical Outlier
TXN-001628,2025-06-23,15:22,Monday,Marketing,Vendor_048,Supplies,7500.0,25000,Approver_08,INV-102846,Round-number amount,,Statistical Outlier
TXN-002240,2025-06-23,08:05,Monday,Finance,Vendor_017,Travel,5000.0,60000,Approver_07,INV-102848,Round-number amount,,Statistical Outlier
TXN-003655,2025-06-23,11:06,Monday,Sales,Vendor_024,Travel,7500.0,20000,Approver_06,INV-102861,Round-number amount,,Statistical Outlier
TXN-004243,2025-06-24,14:17,Tuesday,Marketing,Vendor_049,Utilities,5000.0,25000,Approver_08,INV-102893,Round-number amount,,Statistical Outlier
TXN-005382,2025-06-25,09:09,Wednesday,Operations,Vendor_059,Travel,20000.0,30000,Approver_03,INV-102919,Round-number amount,,Statistical Outlier
TXN-005371,2025-06-26,09:32,Thursday,Procurement,Vendor_002,Misc,1000.0,50000,Approver_13,INV-102926,Round-number amount,,Statistical Outlier
TXN-001602,2025-06-26,13:35,Thursday,Sales,Vendor_046,Equipment,1000.0,20000,Approver_04,INV-102928,Round-number amount,,Statistical Outlier
TXN-002309,2025-06-26,08:21,Thursday,HR,Vendor_011,Consulting,2500.0,15000,Approver_13,INV-102938,Round-number amount,,Statistical Outlier
TXN-004980,2025-06-30,18:54,Monday,Procurement,Vendor_028,Supplies,2500.0,50000,Approver_15,INV-102975,Round-number amount,,Statistical Outlier
TXN-002463,2025-07-01,12:22,Tuesday,IT,Vendor_019,Travel,2500.0,40000,Approver_04,INV-102999,Round-number amount,,Statistical Outlier
TXN-003825,2025-07-07,10:13,Monday,Marketing,Vendor_038,Supplies,10000.0,25000,Approver_06,INV-103088,Round-number amount,,Statistical Outlier
TXN-005179,2025-07-08,17:18,Tuesday,HR,Vendor_034,Utilities,1000.0,15000,Approver_12,INV-103103,Round-number amount,,Statistical Outlier
TXN-003989,2025-07-08,11:49,Tuesday,Marketing,Vendor_008,Software,20000.0,25000,Approver_13,INV-103113,Round-number amount,,Statistical Outlier
TXN-003372,2025-07-09,11:22,Wednesday,Sales,Vendor_001,Supplies,20000.0,20000,Approver_10,INV-103136,Round-number amount,,Statistical Outlier
TXN-005018,2025-07-10,17:29,Thursday,Procurement,Vendor_044,Consulting,2500.0,50000,Approver_08,INV-103147,Round-number amount,,Statistical Outlier
TXN-004500,2025-07-10,11:25,Thursday,Operations,Vendor_042,Equipment,10000.0,30000,Approver_14,INV-103150,Round-number amount,,Statistical Outlier
TXN-001312,2025-07-10,09:23,Thursday,Procurement,Vendor_036,Software,20000.0,50000,Approver_02,INV-103156,Round-number amount,,Statistical Outlier
TXN-000843,2025-07-10,12:22,Thursday,HR,Vendor_028,Equipment,20000.0,15000,Approver_01,INV-103161,Round-number amount,,Statistical Outlier
TXN-003538,2025-07-10,11:40,Thursday,IT,Vendor_028,Travel,2500.0,40000,Approver_11,INV-103169,Round-number amount,,Statistical Outlier
TXN-005994,2025-07-11,15:23,Friday,Sales,Vendor_021,Software,2500.0,20000,Approver_15,INV-103179,Round-number amount,,Statistical Outlier
TXN-003364,2025-07-15,11:27,Tuesday,IT,Vendor_040,Misc,15000.0,40000,Approver_12,INV-103235,Round-number amount,,Statistical Outlier
TXN-000598,2025-07-17,18:18,Thursday,Marketing,Vendor_003,Travel,10000.0,25000,Approver_03,INV-103263,Round-number amount,,Statistical Outlier
TXN-005119,2025-07-21,15:32,Monday,Marketing,Vendor_026,Equipment,15000.0,25000,Approver_05,INV-103306,Round-number amount,,Statistical Outlier
TXN-005478,2025-07-22,12:37,Tuesday,Finance,Vendor_052,Supplies,15000.0,60000,Approver_14,INV-103339,Round-number amount,,Statistical Outlier
TXN-001954,2025-07-28,12:25,Monday,Marketing,Vendor_011,Utilities,5000.0,25000,Approver_06,INV-103430,Round-number amount,,Statistical Outlier
TXN-005547,2025-07-29,11:50,Tuesday,Marketing,Vendor_057,Utilities,10000.0,25000,Approver_06,INV-103450,Round-number amount,,Statistical Outlier
TXN-004107,2025-07-31,14:19,Thursday,Operations,Vendor_039,Misc,10000.0,30000,Approver_15,INV-103483,Round-number amount,,Statistical Outlier
TXN-004147,2025-07-31,12:35,Thursday,Finance,Vendor_030,Supplies,15000.0,60000,Approver_15,INV-103485,Round-number amount,,Statistical Outlier
TXN-000245,2025-07-31,16:33,Thursday,Procurement,Vendor_060,Travel,20000.0,50000,Approver_06,INV-103493,Round-number amount,,Statistical Outlier
TXN-005347,2025-08-01,09:29,Friday,Marketing,Vendor_038,Equipment,5000.0,25000,Approver_01,INV-103514,Round-number amount,,Statistical Outlier
TXN-004502,2025-08-05,16:37,Tuesday,Procurement,Vendor_028,Travel,2500.0,50000,Approver_07,INV-103570,Round-number amount,,Statistical Outlier
TXN-003635,2025-08-05,15:38,Tuesday,HR,Vendor_017,Utilities,10000.0,15000,Approver_13,INV-103572,Round-number amount,,Statistical Outlier
TXN-000629,2025-08-06,15:44,Wednesday,Marketing,Vendor_016,Travel,10000.0,25000,Approver_14,INV-103598,Round-number amount,,Statistical Outlier
TXN-001433,2025-08-08,10:56,Friday,Marketing,Vendor_043,Supplies,15000.0,25000,Approver_02,INV-103634,Round-number amount,,Statistical Outlier
TXN-004883,2025-08-08,16:14,Friday,Procurement,Vendor_018,Software,20000.0,50000,Approver_15,INV-103641,Round-number amount,,Statistical Outlier
TXN-001850,2025-08-13,16:40,Wednesday,Finance,Vendor_059,Supplies,1000.0,60000,Approver_12,INV-103710,Round-number amount,,Statistical Outlier
TXN-000384,2025-08-18,09:07,Monday,HR,Vendor_031,Consulting,5000.0,15000,Approver_04,INV-103779,Round-number amount,,Statistical Outlier
TXN-001553,2025-08-18,11:49,Monday,IT,Vendor_033,Misc,5000.0,40000,Approver_10,INV-103782,Round-number amount,,Statistical Outlier
TXN-001248,2025-08-18,15:14,Monday,Sales,Vendor_027,Travel,10000.0,20000,Approver_07,INV-103784,Round-number amount,,Statistical Outlier
TXN-005829,2025-08-18,16:24,Monday,Operations,Vendor_048,Supplies,7500.0,30000,Approver_06,INV-103796,Round-number amount,,Statistical Outlier
TXN-001858,2025-08-18,12:54,Monday,Operations,Vendor_024,Supplies,2500.0,30000,Approver_01,INV-103799,Round-number amount,,Statistical Outlier
TXN-002389,2025-08-20,12:51,Wednesday,Marketing,Vendor_011,Software,5000.0,25000,Approver_02,INV-103829,Round-number amount,,Statistical Outlier
TXN-001829,2025-08-21,15:01,Thursday,HR,Vendor_007,Supplies,1000.0,15000,Approver_14,INV-103858,Round-number amount,,Statistical Outlier
TXN-004000,2025-08-22,10:56,Friday,Procurement,Vendor_043,Equipment,1000.0,50000,Approver_04,INV-103878,Round-number amount,,Statistical Outlier
TXN-002640,2025-08-25,16:49,Monday,Marketing,Vendor_013,Travel,20000.0,25000,Approver_11,INV-103897,Round-number amount,,Statistical Outlier
TXN-005680,2025-08-25,09:10,Monday,HR,Vendor_040,Travel,2500.0,15000,Approver_03,INV-103900,Round-number amount,,Statistical Outlier
TXN-004307,2025-08-25,13:13,Monday,Operations,Vendor_049,Misc,20000.0,30000,Approver_08,INV-103907,Round-number amount,,Statistical Outlier
TXN-003919,2025-08-25,18:31,Monday,Operations,Vendor_048,Utilities,2500.0,30000,Approver_10,INV-103916,Round-number amount,,Statistical Outlier
TXN-005122,2025-08-25,15:02,Monday,Marketing,Vendor_031,Utilities,1000.0,25000,Approver_07,INV-103919,Round-number amount,,Statistical Outlier
TXN-000413,2025-08-26,16:12,Tuesday,HR,Vendor_015,Travel,1000.0,15000,Approver_08,INV-103944,Round-number amount,,Statistical Outlier
TXN-000436,2025-08-27,11:39,Wednesday,HR,Vendor_045,Supplies,10000.0,15000,Approver_10,INV-103952,Round-number amount,,Statistical Outlier
TXN-005724,2025-08-27,15:53,Wednesday,Finance,Vendor_029,Equipment,10000.0,60000,Approver_03,INV-103958,Round-number amount,,Statistical Outlier
TXN-005287,2025-08-27,13:25,Wednesday,Finance,Vendor_024,Travel,5000.0,60000,Approver_04,INV-103969,Round-number amount,,Statistical Outlier
TXN-004936,2025-08-28,16:57,Thursday,Operations,Vendor_012,Supplies,10000.0,30000,Approver_12,INV-103982,Round-number amount,,Statistical Outlier
TXN-004752,2025-08-29,18:40,Friday,Operations,Vendor_004,Utilities,20000.0,30000,Approver_15,INV-103991,Round-number amount,,Statistical Outlier
TXN-002561,2025-08-29,11:27,Friday,Sales,Vendor_044,Equipment,10000.0,20000,Approver_06,INV-103992,Round-number amount,,Statistical Outlier
TXN-003753,2025-08-29,16:11,Friday,Procurement,Vendor_012,Equipment,15000.0,50000,Approver_14,INV-103996,Round-number amount,,Statistical Outlier
TXN-001176,2025-08-29,18:30,Friday,IT,Vendor_020,Equipment,20000.0,40000,Approver_09,INV-103998,Round-number amount,,Statistical Outlier
TXN-004561,2025-08-29,11:21,Friday,IT,Vendor_057,Software,7500.0,40000,Approver_14,INV-104003,Round-number amount,,Statistical Outlier
TXN-005659,2025-08-29,16:38,Friday,Operations,Vendor_042,Equipment,15000.0,30000,Approver_07,INV-104004,Round-number amount,,Statistical Outlier
TXN-001814,2025-08-29,12:07,Friday,Marketing,Vendor_006,Misc,1000.0,25000,Approver_02,INV-104007,Round-number amount,,Statistical Outlier
TXN-003966,2025-09-02,11:51,Tuesday,IT,Vendor_033,Supplies,10000.0,40000,Approver_15,INV-104050,Round-number amount,,Statistical Outlier
TXN-004570,2025-09-02,12:29,Tuesday,Procurement,Vendor_055,Software,20000.0,50000,Approver_15,INV-104052,Round-number amount,,Statistical Outlier
TXN-001113,2025-09-02,15:45,Tuesday,Marketing,Vendor_037,Equipment,20000.0,25000,Approver_13,INV-104065,Round-number amount,,Statistical Outlier
TXN-001482,2025-09-03,15:22,Wednesday,Procurement,Vendor_007,Utilities,20000.0,50000,Approver_13,INV-104084,Round-number amount,,Statistical Outlier
TXN-001349,2025-09-03,15:51,Wednesday,Operations,Vendor_033,Software,10000.0,30000,Approver_05,INV-104088,Round-number amount,,Statistical Outlier
TXN-001947,2025-09-04,10:35,Thursday,HR,Vendor_030,Misc,10000.0,15000,Approver_14,INV-104090,Round-number amount,,Statistical Outlier
TXN-002379,2025-09-09,10:16,Tuesday,HR,Vendor_020,Equipment,7500.0,15000,Approver_02,INV-104169,Round-number amount,,Statistical Outlier
TXN-004370,2025-09-11,08:43,Thursday,Finance,Vendor_046,Supplies,5000.0,60000,Approver_14,INV-104211,Round-number amount,,Statistical Outlier
TXN-000183,2025-09-15,12:34,Monday,Marketing,Vendor_013,Equipment,7500.0,25000,Approver_10,INV-104247,Round-number amount,,Statistical Outlier
TXN-004139,2025-09-17,11:33,Wednesday,Sales,Vendor_033,Supplies,2500.0,20000,Approver_05,INV-104322,Round-number amount,,Statistical Outlier
TXN-002132,2025-09-18,15:56,Thursday,Marketing,Vendor_049,Travel,15000.0,25000,Approver_09,INV-104327,Round-number amount,,Statistical Outlier
TXN-005597,2025-09-24,15:45,Wednesday,Finance,Vendor_019,Software,2500.0,60000,Approver_04,INV-104424,Round-number amount,,Statistical Outlier
TXN-001616,2025-09-24,15:18,Wednesday,Marketing,Vendor_034,Equipment,10000.0,25000,Approver_04,INV-104428,Round-number amount,,Statistical Outlier
TXN-003951,2025-09-24,15:03,Wednesday,Finance,Vendor_058,Travel,20000.0,60000,Approver_13,INV-104432,Round-number amount,,Statistical Outlier
TXN-000114,2025-09-25,11:25,Thursday,Finance,Vendor_021,Utilities,20000.0,60000,Approver_01,INV-104445,Round-number amount,,Statistical Outlier
TXN-000253,2025-09-25,14:45,Thursday,Finance,Vendor_033,Equipment,7500.0,60000,Approver_05,INV-104452,Round-number amount,,Statistical Outlier
TXN-004226,2025-09-26,15:37,Friday,Sales,Vendor_023,Misc,1000.0,20000,Approver_01,INV-104466,Round-number amount,,Statistical Outlier
TXN-004109,2025-09-30,09:48,Tuesday,IT,Vendor_035,Consulting,7500.0,40000,Approver_12,INV-104513,Round-number amount,,Statistical Outlier
TXN-000116,2025-09-30,15:23,Tuesday,Sales,Vendor_055,Misc,10000.0,20000,Approver_11,INV-104533,Round-number amount,,Statistical Outlier
TXN-001285,2025-10-01,08:57,Wednesday,Marketing,Vendor_002,Consulting,7500.0,25000,Approver_14,INV-104543,Round-number amount,,Statistical Outlier
TXN-001039,2025-10-02,12:53,Thursday,Finance,Vendor_048,Utilities,5000.0,60000,Approver_03,INV-104572,Round-number amount,,Statistical Outlier
TXN-005313,2025-10-03,11:30,Friday,IT,Vendor_026,Utilities,15000.0,40000,Approver_15,INV-104577,Round-number amount,,Statistical Outlier
TXN-005882,2025-10-03,15:22,Friday,HR,Vendor_033,Misc,10000.0,15000,Approver_08,INV-104583,Round-number amount,,Statistical Outlier
TXN-004397,2025-10-07,11:40,Tuesday,IT,Vendor_039,Software,7500.0,40000,Approver_02,INV-104620,Round-number amount,,Statistical Outlier
TXN-001093,2025-10-10,13:49,Friday,Operations,Vendor_003,Supplies,15000.0,30000,Approver_04,INV-104699,Round-number amount,,Statistical Outlier
TXN-004131,2025-10-13,10:48,Monday,IT,Vendor_029,Utilities,2500.0,40000,Approver_11,INV-104715,Round-number amount,,Statistical Outlier
TXN-004290,2025-10-13,10:09,Monday,IT,Vendor_013,Utilities,5000.0,40000,Approver_07,INV-104724,Round-number amount,,Statistical Outlier
TXN-004113,2025-10-14,08:22,Tuesday,Operations,Vendor_007,Utilities,20000.0,30000,Approver_07,INV-104740,Round-number amount,,Statistical Outlier
TXN-000996,2025-10-15,11:05,Wednesday,IT,Vendor_045,Misc,5000.0,40000,Approver_06,INV-104742,Round-number amount,,Statistical Outlier
TXN-002403,2025-10-15,09:10,Wednesday,Procurement,Vendor_014,Misc,10000.0,50000,Approver_04,INV-104751,Round-number amount,,Statistical Outlier
TXN-002002,2025-10-16,14:44,Thursday,Finance,Vendor_023,Software,2500.0,60000,Approver_15,INV-104769,Round-number amount,,Statistical Outlier
TXN-002011,2025-10-16,15:53,Thursday,HR,Vendor_032,Equipment,10000.0,15000,Approver_03,INV-104776,Round-number amount,,Statistical Outlier
TXN-002181,2025-10-17,15:12,Friday,Sales,Vendor_009,Software,10000.0,20000,Approver_01,INV-104790,Round-number amount,,Statistical Outlier
TXN-000767,2025-10-17,18:29,Friday,Operations,Vendor_008,Supplies,2500.0,30000,Approver_12,INV-104801,Round-number amount,,Statistical Outlier
TXN-004507,2025-10-20,16:02,Monday,Marketing,Vendor_015,Travel,7500.0,25000,Approver_03,INV-104823,Round-number amount,,Statistical Outlier
TXN-005051,2025-10-20,10:11,Monday,Operations,Vendor_012,Travel,5000.0,30000,Approver_08,INV-104825,Round-number amount,,Statistical Outlier
TXN-001381,2025-10-21,14:01,Tuesday,Finance,Vendor_029,Misc,15000.0,60000,Approver_09,INV-104833,Round-number amount,,Statistical Outlier
TXN-002583,2025-10-21,10:49,Tuesday,Finance,Vendor_012,Misc,7500.0,60000,Approver_09,INV-104841,Round-number amount,,Statistical Outlier
TXN-000225,2025-10-22,13:00,Wednesday,Sales,Vendor_057,Misc,15000.0,20000,Approver_12,INV-104859,Round-number amount,,Statistical Outlier
TXN-003447,2025-10-22,09:43,Wednesday,IT,Vendor_033,Travel,15000.0,40000,Approver_08,INV-104863,Round-number amount,,Statistical Outlier
TXN-004653,2025-10-23,14:00,Thursday,Marketing,Vendor_059,Travel,20000.0,25000,Approver_03,INV-104876,Round-number amount,,Statistical Outlier
TXN-005346,2025-10-24,09:31,Friday,Sales,Vendor_022,Travel,2500.0,20000,Approver_15,INV-104899,Round-number amount,,Statistical Outlier
TXN-005132,2025-10-27,15:49,Monday,Procurement,Vendor_060,Supplies,1000.0,50000,Approver_08,INV-104931,Round-number amount,,Statistical Outlier
TXN-004411,2025-10-27,14:12,Monday,HR,Vendor_025,Software,10000.0,15000,Approver_01,INV-104936,Round-number amount,,Statistical Outlier
TXN-005448,2025-10-28,15:28,Tuesday,IT,Vendor_050,Software,15000.0,40000,Approver_02,INV-104956,Round-number amount,,Statistical Outlier
TXN-001273,2025-10-29,18:37,Wednesday,IT,Vendor_052,Utilities,7500.0,40000,Approver_02,INV-104973,Round-number amount,,Statistical Outlier
TXN-000556,2025-10-29,14:23,Wednesday,Finance,Vendor_058,Equipment,2500.0,60000,Approver_06,INV-104976,Round-number amount,,Statistical Outlier
TXN-000122,2025-10-29,15:12,Wednesday,Sales,Vendor_053,Consulting,7500.0,20000,Approver_13,INV-104978,Round-number amount,,Statistical Outlier
TXN-005642,2025-10-29,13:08,Wednesday,HR,Vendor_041,Equipment,2500.0,15000,Approver_13,INV-104989,Round-number amount,,Statistical Outlier
TXN-004322,2025-11-04,09:33,Tuesday,IT,Vendor_037,Software,15000.0,40000,Approver_13,INV-105062,Round-number amount,,Statistical Outlier
TXN-004660,2025-11-05,15:57,Wednesday,Sales,Vendor_051,Utilities,2500.0,20000,,INV-105084,Round-number amount,,Statistical Outlier
TXN-002874,2025-11-06,09:51,Thursday,Marketing,Vendor_007,Utilities,5000.0,25000,Approver_04,INV-105110,Round-number amount,,Statistical Outlier
TXN-002828,2025-11-10,17:11,Monday,Operations,Vendor_048,Consulting,2500.0,30000,Approver_07,INV-105144,Round-number amount,,Statistical Outlier
TXN-000032,2025-11-12,14:56,Wednesday,HR,Vendor_023,Misc,15000.0,15000,Approver_14,INV-105208,Round-number amount,,Statistical Outlier
TXN-004444,2025-11-13,12:31,Thursday,Finance,Vendor_005,Misc,7500.0,60000,Approver_05,INV-105216,Round-number amount,,Statistical Outlier
TXN-004810,2025-11-13,15:37,Thursday,Sales,Vendor_053,Consulting,20000.0,20000,Approver_10,INV-105228,Round-number amount,,Statistical Outlier
TXN-002509,2025-11-17,11:31,Monday,IT,Vendor_016,Travel,7500.0,40000,Approver_02,INV-105264,Round-number amount,,Statistical Outlier
TXN-003944,2025-11-19,13:40,Wednesday,Sales,Vendor_011,Equipment,10000.0,20000,Approver_15,INV-105307,Round-number amount,,Statistical Outlier
TXN-001126,2025-11-21,11:09,Friday,HR,Vendor_035,Supplies,10000.0,15000,Approver_07,INV-105360,Round-number amount,,Statistical Outlier
TXN-005513,2025-11-24,09:34,Monday,Procurement,Vendor_015,Travel,2500.0,50000,Approver_14,INV-105371,Round-number amount,,Statistical Outlier
TXN-003048,2025-11-24,11:27,Monday,Operations,Vendor_041,Travel,20000.0,30000,Approver_13,INV-105383,Round-number amount,,Statistical Outlier
TXN-005310,2025-11-24,09:29,Monday,HR,Vendor_031,Consulting,15000.0,15000,Approver_04,INV-105396,Round-number amount,,Statistical Outlier
TXN-001186,2025-11-25,12:40,Tuesday,Operations,Vendor_049,Misc,20000.0,30000,Approver_07,INV-105399,Round-number amount,,Statistical Outlier
TXN-005483,2025-11-25,14:39,Tuesday,Sales,Vendor_054,Equipment,20000.0,20000,Approver_02,INV-105408,Round-number amount,,Statistical Outlier
TXN-003217,2025-11-26,12:45,Wednesday,Marketing,Vendor_058,Consulting,10000.0,25000,Approver_14,INV-105435,Round-number amount,,Statistical Outlier
TXN-001613,2025-12-01,17:06,Monday,Finance,Vendor_001,Utilities,20000.0,60000,Approver_07,INV-105502,Round-number amount,,Statistical Outlier
TXN-003091,2025-12-04,10:16,Thursday,IT,Vendor_041,Supplies,2500.0,40000,Approver_09,INV-105565,Round-number amount,,Statistical Outlier
TXN-001326,2025-12-05,18:39,Friday,Procurement,Vendor_045,Software,20000.0,50000,Approver_01,INV-105588,Round-number amount,,Statistical Outlier
TXN-005927,2025-12-05,11:03,Friday,Marketing,Vendor_056,Equipment,15000.0,25000,Approver_04,INV-105589,Round-number amount,,Statistical Outlier
TXN-003407,2025-12-09,13:56,Tuesday,Marketing,Vendor_060,Supplies,7500.0,25000,Approver_02,INV-105635,Round-number amount,,Statistical Outlier
TXN-002791,2025-12-10,12:01,Wednesday,IT,Vendor_018,Equipment,7500.0,40000,Approver_10,INV-105681,Round-number amount,,Statistical Outlier
TXN-005910,2025-12-12,15:54,Friday,HR,Vendor_039,Supplies,7500.0,15000,Approver_10,INV-105713,Round-number amount,,Statistical Outlier
TXN-005030,2025-12-12,12:26,Friday,Finance,Vendor_047,Software,2500.0,60000,Approver_15,INV-105720,Round-number amount,,Statistical Outlier
TXN-003600,2025-12-12,17:59,Friday,Operations,Vendor_046,Supplies,1000.0,30000,Approver_01,INV-105727,Round-number amount,,Statistical Outlier
TXN-005645,2025-12-16,09:57,Tuesday,Finance,Vendor_016,Supplies,7500.0,60000,Approver_13,INV-105766,Round-number amount,,Statistical Outlier
TXN-002244,2025-12-16,18:30,Tuesday,Marketing,Vendor_018,Equipment,20000.0,25000,Approver_14,INV-105772,Round-number amount,,Statistical Outlier
TXN-001062,2025-12-22,10:37,Monday,Procurement,Vendor_048,Equipment,1000.0,50000,Approver_10,INV-105857,Round-number amount,,Statistical Outlier
TXN-001935,2025-12-25,11:46,Thursday,Finance,Vendor_054,Consulting,2500.0,60000,Approver_13,INV-105914,Round-number amount,,Statistical Outlier
TXN-001012,2025-12-29,14:03,Monday,Finance,Vendor_036,Software,7500.0,60000,Approver_01,INV-105972,Round-number amount,,Statistical Outlier
TXN-001170-D,2025-02-24,11:13,Monday,Operations,Vendor_038,Utilities,15000.0,30000,Approver_06,INV-100867,Round-number amount,,Statistical Outlier
TXN-002113-D,2025-06-12,12:06,Thursday,HR,Vendor_034,Consulting,5000.0,15000,Approver_01,INV-102711,Round-number amount,,Statistical Outlier
TXN-005475,2025-01-01,13:04,Wednesday,Marketing,Vendor_024,Misc,41.03,25000,Approver_04,INV-100008,Benford's Law outlier (over-represented leading digit),4.0,Statistical Outlier
TXN-000061,2025-01-01,18:12,Wednesday,Finance,Vendor_008,Misc,75.55,60000,Approver_02,INV-100017,Benford's Law outlier (over-represented leading digit),7.0,Statistical Outlier
TXN-000829,2025-01-02,14:07,Thursday,HR,Vendor_030,Software,40.2,15000,Approver_07,INV-100028,Benford's Law outlier (over-represented leading digit),4.0,Statistical Outlier
TXN-003471,2025-01-02,12:58,Thursday,IT,Vendor_057,Supplies,4009.3,40000,Approver_01,INV-100031,Benford's Law outlier (over-represented leading digit),4.0,Statistical Outlier
TXN-001099,2025-01-03,16:36,Friday,IT,Vendor_003,Utilities,4023.58,40000,Approver_05,INV-100046,Benford's Law outlier (over-represented leading digit),4.0,Statistical Outlier
TXN-005060,2025-01-03,14:14,Friday,Sales,Vendor_024,Equipment,70.96,20000,Approver_02,INV-100051,Benford's Law outlier (over-represented leading digit),7.0,Statistical Outlier
TXN-004206,2025-01-06,11:00,Monday,Procurement,Vendor_046,Equipment,49.85,50000,Approver_07,INV-100059,Benford's Law outlier (over-represented leading digit),4.0,Statistical Outlier
TXN-000706,2025-01-06,10:39,Monday,Sales,Vendor_032,Equipment,7500.0,20000,Approver_01,INV-100074,Benford's Law outlier (over-represented leading digit),7.0,Statistical Outlier
TXN-003646,2025-01-06,12:47,Monday,IT,Vendor_020,Misc,77.51,40000,Approver_04,INV-100082,Benford's Law outlier (over-represented leading digit),7.0,Statistical Outlier
TXN-000228,2025-01-07,09:14,Tuesday,Marketing,Vendor_021,Supplies,46.11,25000,Approver_15,INV-100085,Benford's Law outlier (over-represented leading digit),4.0,Statistical Outlier
TXN-002750,2025-01-07,18:47,Tuesday,IT,Vendor_003,Travel,4074.07,40000,Approver_08,INV-100109,Benford's Law outlier (over-represented leading digit),4.0,Statistical Outlier
TXN-001052,2025-01-08,15:26,Wednesday,Procurement,Vendor_027,Utilities,41.33,50000,Approver_05,INV-100118,Benford's Law outlier (over-represented leading digit),4.0,Statistical Outlier
TXN-003808,2025-01-08,10:26,Wednesday,Finance,Vendor_011,Travel,753.46,60000,Approver_12,INV-100127,Benford's Law outlier (over-represented leading digit),7.0,Statistical Outlier
TXN-000067,2025-01-08,10:03,Wednesday,IT,Vendor_058,Consulting,788.48,40000,Approver_13,INV-100129,Benford's Law outlier (over-represented leading digit),7.0,Statistical Outlier
TXN-001262,2025-01-08,11:18,Wednesday,Marketing,Vendor_044,Misc,46.48,25000,Approver_09,INV-100132,Benford's Law outlier (over-represented leading digit),4.0,Statistical Outlier
TXN-005557,2025-01-08,11:09,Wednesday,Procurement,Vendor_005,Utilities,40.82,50000,Approver_05,INV-100136,Benford's Law outlier (over-represented leading digit),4.0,Statistical Outlier
TXN-000141,2025-01-09,10:56,Thursday,Operations,Vendor_011,Equipment,44.82,30000,Approver_02,INV-100154,Benford's Law outlier (over-represented leading digit),4.0,Statistical Outlier
TXN-000176,2025-01-10,10:56,Friday,Procurement,Vendor_004,Supplies,7943.71,50000,Approver_10,INV-100156,Benford's Law outlier (over-represented leading digit),7.0,Statistical Outlier
TXN-001501,2025-01-10,14:55,Friday,HR,Vendor_004,Utilities,7630.44,15000,Approver_06,INV-100171,Benford's Law outlier (over-represented leading digit),7.0,Statistical Outlier
TXN-003564,2025-01-10,10:11,Friday,Marketing,Vendor_005,Supplies,4441.87,25000,Approver_11,INV-100172,Benford's Law outlier (over-represented leading digit),4.0,Statistical Outlier
TXN-004865,2025-01-13,15:46,Monday,Procurement,Vendor_017,Software,48397.15,50000,Approver_04,INV-100193,Benford's Law outlier (over-represented leading digit),4.0,Statistical Outlier
TXN-004054,2025-01-13,14:19,Monday,HR,Vendor_058,Equipment,7133.84,15000,Approver_09,INV-100197,Benford's Law outlier (over-represented leading digit),7.0,Statistical Outlier
TXN-002761,2025-01-13,16:39,Monday,Marketing,Vendor_056,Software,4020.64,25000,Approver_06,INV-100206,Benford's Law outlier (over-represented leading digit),4.0,Statistical Outlier
TXN-002217,2025-01-13,09:33,Monday,Marketing,Vendor_040,Supplies,489.19,25000,Approver_04,INV-100208,Benford's Law outlier (over-represented leading digit),4.0,Statistical Outlier
TXN-000073,2025-01-13,14:03,Monday,Operations,Vendor_034,Misc,445.47,30000,Approver_04,INV-100209,Benford's Law outlier (over-represented leading digit),4.0,Statistical Outlier
TXN-000071,2025-01-14,10:50,Tuesday,Marketing,Vendor_018,Supplies,7856.1,25000,Approver_15,INV-100213,Benford's Law outlier (over-represented leading digit),7.0,Statistical Outlier
TXN-004474,2025-01-14,13:29,Tuesday,IT,Vendor_060,Travel,701.6,40000,Approver_08,INV-100214,Benford's Law outlier (over-represented leading digit),7.0,Statistical Outlier
TXN-001000,2025-01-14,16:07,Tuesday,Finance,Vendor_012,Misc,445.74,60000,Approver_03,INV-100218,Benford's Law outlier (over-represented leading digit),4.0,Statistical Outlier
TXN-004720,2025-01-15,16:09,Wednesday,Finance,Vendor_035,Misc,739.18,60000,Approver_14,INV-100242,Benford's Law outlier (over-represented leading digit),7.0,Statistical Outlier
TXN-004727,2025-01-15,15:19,Wednesday,IT,Vendor_021,Travel,4540.03,40000,Approver_10,INV-100247,Benford's Law outlier (over-represented leading digit),4.0,Statistical Outlier
TXN-005378,2025-01-15,17:51,Wednesday,Marketing,Vendor_033,Supplies,7317.68,25000,Approver_03,INV-100251,Benford's Law outlier (over-represented leading digit),7.0,Statistical Outlier
TXN-000301,2025-01-16,12:37,Thursday,Marketing,Vendor_045,Supplies,758.85,25000,Approver_13,INV-100252,Benford's Law outlier (over-represented leading digit),7.0,Statistical Outlier
TXN-001067,2025-01-16,10:59,Thursday,Finance,Vendor_031,Supplies,47.12,60000,Approver_11,INV-100253,Benford's Law outlier (over-represented leading digit),4.0,Statistical Outlier
TXN-003302,2025-01-16,08:12,Thursday,Finance,Vendor_050,Consulting,72.0,60000,Approver_13,INV-100257,Benford's Law outlier (over-represented leading digit),7.0,Statistical Outlier
TXN-001110,2025-01-16,12:01,Thursday,Operations,Vendor_036,Utilities,785.98,30000,Approver_10,INV-100261,Benford's Law outlier (over-represented leading digit),7.0,Statistical Outlier
TXN-003815,2025-01-16,16:05,Thursday,IT,Vendor_050,Consulting,494.38,40000,Approver_01,INV-100263,Benford's Law outlier (over-represented leading digit),4.0,Statistical Outlier
TXN-004333,2025-01-16,16:20,Thursday,IT,Vendor_017,Software,428.38,40000,Approver_05,INV-100264,Benford's Law outlier (over-represented leading digit),4.0,Statistical Outlier
TXN-000683,2025-01-16,14:11,Thursday,IT,Vendor_006,Consulting,470.29,40000,Approver_01,INV-100265,Benford's Law outlier (over-represented leading digit),4.0,Statistical Outlier
TXN-000354,2025-01-16,09:47,Thursday,IT,Vendor_013,Utilities,767.3,40000,Approver_04,INV-100269,Benford's Law outlier (over-represented leading digit),7.0,Statistical Outlier
TXN-005593,2025-01-16,17:52,Thursday,IT,Vendor_021,Travel,480.49,40000,Approver_11,INV-100273,Benford's Law outlier (over-represented leading digit),4.0,Statistical Outlier
TXN-005386,2025-01-17,16:34,Friday,Procurement,Vendor_002,Supplies,49361.69,50000,Approver_14,INV-100279,Benford's Law outlier (over-represented leading digit),4.0,Statistical Outlier
TXN-000826,2025-01-17,14:29,Friday,Sales,Vendor_046,Travel,41.65,20000,Approver_03,INV-100285,Benford's Law outlier (over-represented leading digit),4.0,Statistical Outlier
TXN-004355,2025-01-17,15:44,Friday,IT,Vendor_041,Travel,45.3,40000,Approver_04,INV-100286,Benford's Law outlier (over-represented leading digit),4.0,Statistical Outlier
TXN-003301,2025-01-20,12:51,Monday,Procurement,Vendor_032,Travel,41.86,50000,Approver_03,INV-100297,Benford's Law outlier (over-represented leading digit),4.0,Statistical Outlier
TXN-004662,2025-01-20,16:48,Monday,IT,Vendor_058,Misc,732.58,40000,Approver_03,INV-100303,Benford's Law outlier (over-represented leading digit),7.0,Statistical Outlier
TXN-001524,2025-01-21,17:02,Tuesday,Marketing,Vendor_046,Equipment,45.33,25000,Approver_04,INV-100318,Benford's Law outlier (over-represented leading digit),4.0,Statistical Outlier
TXN-001424,2025-01-21,10:08,Tuesday,Operations,Vendor_042,Software,4394.24,30000,Approver_08,INV-100333,Benford's Law outlier (over-represented leading digit),4.0,Statistical Outlier
TXN-002488,2025-01-22,10:24,Wednesday,Finance,Vendor_017,Misc,402.31,60000,Approver_06,INV-100345,Benford's Law outlier (over-represented leading digit),4.0,Statistical Outlier
TXN-001354,2025-01-22,11:53,Wednesday,Finance,Vendor_057,Travel,4786.14,60000,Approver_10,INV-100349,Benford's Law outlier (over-represented leading digit),4.0,Statistical Outlier
TXN-000232,2025-01-22,16:01,Wednesday,Marketing,Vendor_024,Misc,72.78,25000,Approver_07,INV-100352,Benford's Law outlier (over-represented leading digit),7.0,Statistical Outlier
TXN-004457,2025-01-22,15:24,Wednesday,Sales,Vendor_040,Equipment,431.37,20000,Approver_02,INV-100353,Benford's Law outlier (over-represented leading digit),4.0,Statistical Outlier
TXN-001369,2025-01-22,11:09,Wednesday,Marketing,Vendor_010,Equipment,75.64,25000,Approver_11,INV-100354,Benford's Law outlier (over-represented leading digit),7.0,Statistical Outlier
TXN-005456,2025-01-22,10:12,Wednesday,Procurement,Vendor_037,Equipment,7183.63,50000,Approver_11,INV-100361,Benford's Law outlier (over-represented leading digit),7.0,Statistical Outlier
TXN-001837,2025-01-23,16:51,Thursday,IT,Vendor_053,Consulting,4011.38,40000,Approver_03,INV-100374,Benford's Law outlier (over-represented leading digit),4.0,Statistical Outlier
TXN-002417,2025-01-23,12:30,Thursday,Procurement,Vendor_059,Misc,707.47,50000,Approver_03,INV-100380,Benford's Law outlier (over-represented leading digit),7.0,Statistical Outlier
TXN-003049,2025-01-24,10:18,Friday,HR,Vendor_030,Supplies,497.82,15000,Approver_04,INV-100394,Benford's Law outlier (over-represented leading digit),4.0,Statistical Outlier
TXN-003673,2025-01-24,14:02,Friday,IT,Vendor_040,Travel,47.09,40000,Approver_08,INV-100399,Benford's Law outlier (over-represented leading digit),4.0,Statistical Outlier
TXN-003662,2025-01-27,13:08,Monday,HR,Vendor_041,Misc,45.99,15000,Approver_14,INV-100412,Benford's Law outlier (over-represented leading digit),4.0,Statistical Outlier
TXN-001146,2025-01-27,16:51,Monday,Marketing,Vendor_024,Software,773.91,25000,Approver_06,INV-100419,Benford's Law outlier (over-represented leading digit),7.0,Statistical Outlier
TXN-000182,2025-01-27,15:07,Monday,Operations,Vendor_022,Utilities,4475.87,30000,Approver_13,INV-100428,Benford's Law outlier (over-represented leading digit),4.0,Statistical Outlier
TXN-004875,2025-01-27,09:59,Monday,Procurement,Vendor_026,Equipment,432.41,50000,Approver_13,INV-100429,Benford's Law outlier (over-represented leading digit),4.0,Statistical Outlier
TXN-004509,2025-01-27,18:33,Monday,Procurement,Vendor_039,Misc,46698.58,50000,Approver_12,INV-100430,Benford's Law outlier (over-represented leading digit),4.0,Statistical Outlier
TXN-005239,2025-01-27,15:41,Monday,Sales,Vendor_006,Supplies,42.76,20000,Approver_15,INV-100431,Benford's Law outlier (over-represented leading digit),4.0,Statistical Outlier
TXN-003177,2025-01-27,08:26,Monday,Marketing,Vendor_004,Consulting,711.56,25000,Approver_01,INV-100437,Benford's Law outlier (over-represented leading digit),7.0,Statistical Outlier
TXN-003148,2025-01-27,14:11,Monday,Procurement,Vendor_053,Equipment,40.59,50000,Approver_13,INV-100439,Benford's Law outlier (over-represented leading digit),4.0,Statistical Outlier
TXN-001144,2025-01-28,12:17,Tuesday,Procurement,Vendor_057,Utilities,42.07,50000,Approver_04,INV-100441,Benford's Law outlier (over-represented leading digit),4.0,Statistical Outlier
TXN-001202,2025-01-28,11:21,Tuesday,Procurement,Vendor_039,Consulting,7041.76,50000,Approver_05,INV-100447,Benford's Law outlier (over-represented leading digit),7.0,Statistical Outlier
TXN-003963,2025-01-28,12:31,Tuesday,Procurement,Vendor_010,Consulting,4441.88,50000,Approver_13,INV-100457,Benford's Law outlier (over-represented leading digit),4.0,Statistical Outlier
TXN-005990,2025-01-28,15:23,Tuesday,Operations,Vendor_060,Misc,74.01,30000,Approver_01,INV-100458,Benford's Law outlier (over-represented leading digit),7.0,Statistical Outlier
TXN-002684,2025-01-29,08:44,Wednesday,Sales,Vendor_012,Misc,419.77,20000,Approver_03,INV-100462,Benford's Law outlier (over-represented leading digit),4.0,Statistical Outlier
TXN-000689,2025-01-29,14:25,Wednesday,Sales,Vendor_023,Consulting,417.4,20000,Approver_06,INV-100463,Benford's Law outlier (over-represented leading digit),4.0,Statistical Outlier
TXN-002419,2025-01-29,13:45,Wednesday,IT,Vendor_015,Software,759.67,40000,Approver_11,INV-100478,Benford's Law outlier (over-represented leading digit),7.0,Statistical Outlier
TXN-004188,2025-01-29,15:40,Wednesday,Marketing,Vendor_039,Equipment,482.8,25000,Approver_11,INV-100480,Benford's Law outlier (over-represented leading digit),4.0,Statistical Outlier
TXN-002049,2025-01-29,14:23,Wednesday,HR,Vendor_023,Utilities,426.15,15000,Approver_08,INV-100481,Benford's Law outlier (over-represented leading digit),4.0,Statistical Outlier
TXN-005533,2025-01-30,13:39,Thursday,Procurement,Vendor_007,Software,46844.84,50000,Approver_10,INV-100489,Benford's Law outlier (over-represented leading digit),4.0,Statistical Outlier
TXN-001952,2025-01-30,16:19,Thursday,Operations,Vendor_008,Supplies,420.64,30000,Approver_08,INV-100495,Benford's Law outlier (over-represented leading digit),4.0,Statistical Outlier
TXN-001106,2025-01-30,15:59,Thursday,Procurement,Vendor_009,Utilities,44192.2,50000,Approver_04,INV-100496,Benford's Law outlier (over-represented leading digit),4.0,Statistical Outlier
TXN-005657,2025-01-30,13:45,Thursday,Procurement,Vendor_039,Utilities,415.57,50000,Approver_11,INV-100506,Benford's Law outlier (over-represented leading digit),4.0,Statistical Outlier
TXN-002290,2025-01-31,11:40,Friday,Operations,Vendor_058,Software,7897.23,30000,Approver_15,INV-100507,Benford's Law outlier (over-represented leading digit),7.0,Statistical Outlier
TXN-000669,2025-01-31,16:25,Friday,Finance,Vendor_054,Supplies,44680.01,60000,Approver_01,INV-100513,Benford's Law outlier (over-represented leading digit),4.0,Statistical Outlier
TXN-003263,2025-01-31,15:55,Friday,IT,Vendor_012,Consulting,77.64,40000,Approver_13,INV-100533,Benford's Law outlier (over-represented leading digit),7.0,Statistical Outlier
TXN-001453,2025-02-03,10:03,Monday,Sales,Vendor_058,Misc,735.54,20000,Approver_09,INV-100539,Benford's Law outlier (over-represented leading digit),7.0,Statistical Outlier
TXN-002156,2025-02-03,12:37,Monday,Operations,Vendor_027,Consulting,42150.23,30000,Approver_13,INV-100555,Benford's Law outlier (over-represented leading digit),4.0,Statistical Outlier
TXN-000607,2025-02-04,14:13,Tuesday,Sales,Vendor_002,Consulting,786.24,20000,Approver_09,INV-100564,Benford's Law outlier (over-represented leading digit),7.0,Statistical Outlier
TXN-004142,2025-02-04,11:37,Tuesday,Operations,Vendor_054,Supplies,760.75,30000,Approver_04,INV-100569,Benford's Law outlier (over-represented leading digit),7.0,Statistical Outlier
TXN-003013,2025-02-04,13:34,Tuesday,Operations,Vendor_041,Equipment,4296.73,30000,Approver_10,INV-100583,Benford's Law outlier (over-represented leading digit),4.0,Statistical Outlier
TXN-003879,2025-02-04,11:19,Tuesday,Marketing,Vendor_037,Travel,42.69,25000,Approver_08,INV-100585,Benford's Law outlier (over-represented leading digit),4.0,Statistical Outlier
TXN-001076,2025-02-04,11:32,Tuesday,HR,Vendor_029,Consulting,430.77,15000,Approver_07,INV-100586,Benford's Law outlier (over-represented leading digit),4.0,Statistical Outlier
TXN-003602,2025-02-05,10:03,Wednesday,Marketing,Vendor_023,Software,7625.56,25000,Approver_10,INV-100587,Benford's Law outlier (over-represented leading digit),7.0,Statistical Outlier
TXN-004533,2025-02-05,10:29,Wednesday,HR,Vendor_050,Misc,7005.64,15000,Approver_10,INV-100588,Benford's Law outlier (over-represented leading digit),7.0,Statistical Outlier
TXN-001271,2025-02-05,17:26,Wednesday,Sales,Vendor_058,Software,433.04,20000,Approver_07,INV-100594,Benford's Law outlier (over-represented leading digit),4.0,Statistical Outlier
TXN-002747,2025-02-05,11:17,Wednesday,HR,Vendor_059,Equipment,72.14,15000,Approver_15,INV-100599,Benford's Law outlier (over-represented leading digit),7.0,Statistical Outlier
TXN-000320,2025-02-05,12:27,Wednesday,Marketing,Vendor_055,Consulting,43.09,25000,Approver_12,INV-100604,Benford's Law outlier (over-represented leading digit),4.0,Statistical Outlier
TXN-002355,2025-02-06,17:36,Thursday,HR,Vendor_054,Misc,489.3,15000,Approver_08,INV-100621,Benford's Law outlier (over-represented leading digit),4.0,Statistical Outlier
TXN-004537,2025-02-07,10:38,Friday,Marketing,Vendor_019,Utilities,419.71,25000,Approver_01,INV-100641,Benford's Law outlier (over-represented leading digit),4.0,Statistical Outlier
TXN-002902,2025-02-07,11:42,Friday,Finance,Vendor_042,Travel,76.42,60000,Approver_15,INV-100646,Benford's Law outlier (over-represented leading digit),7.0,Statistical Outlier
TXN-000326,2025-02-10,11:47,Monday,Marketing,Vendor_037,Travel,7500.0,25000,Approver_10,INV-100666,Benford's Law outlier (over-represented leading digit),7.0,Statistical Outlier
TXN-002393,2025-02-10,10:29,Monday,IT,Vendor_056,Software,74416.44,40000,Approver_08,INV-100669,Benford's Law outlier (over-represented leading digit),7.0,Statistical Outlier
TXN-000252,2025-02-10,09:03,Monday,Procurement,Vendor_055,Equipment,7538.1,50000,Approver_06,INV-100671,Benford's Law outlier (over-represented leading digit),7.0,Statistical Outlier
TXN-001931,2025-02-11,15:59,Tuesday,Procurement,Vendor_039,Software,7073.12,50000,Approver_11,INV-100677,Benford's Law outlier (over-represented leading digit),7.0,Statistical Outlier
TXN-002733,2025-02-11,15:43,Tuesday,IT,Vendor_039,Misc,4492.07,40000,Approver_11,INV-100678,Benford's Law outlier (over-represented leading digit),4.0,Statistical Outlier
TXN-004306,2025-02-11,17:33,Tuesday,Operations,Vendor_032,Software,78.63,30000,Approver_14,INV-100681,Benford's Law outlier (over-represented leading digit),7.0,Statistical Outlier
TXN-001963,2025-02-11,10:52,Tuesday,Procurement,Vendor_009,Consulting,4192.6,50000,Approver_01,INV-100683,Benford's Law outlier (over-represented leading digit),4.0,Statistical Outlier
TXN-003346,2025-02-11,15:16,Tuesday,HR,Vendor_038,Travel,472.42,15000,Approver_15,INV-100685,Benford's Law outlier (over-represented leading digit),4.0,Statistical Outlier
TXN-004174,2025-02-11,12:41,Tuesday,HR,Vendor_035,Misc,45754.26,15000,Approver_04,INV-100689,Benford's Law outlier (over-represented leading digit),4.0,Statistical Outlier
TXN-002021,2025-02-11,14:09,Tuesday,Marketing,Vendor_034,Equipment,412.0,25000,Approver_08,INV-100690,Benford's Law outlier (over-represented leading digit),4.0,Statistical Outlier
TXN-000460,2025-02-11,11:53,Tuesday,Finance,Vendor_016,Supplies,40.36,60000,Approver_11,INV-100691,Benford's Law outlier (over-represented leading digit),4.0,Statistical Outlier
TXN-005228,2025-02-12,16:13,Wednesday,Procurement,Vendor_060,Equipment,7464.51,50000,Approver_09,INV-100696,Benford's Law outlier (over-represented leading digit),7.0,Statistical Outlier
TXN-004966,2025-02-12,15:44,Wednesday,Procurement,Vendor_031,Utilities,-4651.26,50000,Approver_05,INV-100700,Benford's Law outlier (over-represented leading digit),4.0,Statistical Outlier
TXN-000231,2025-02-12,09:21,Wednesday,Marketing,Vendor_021,Equipment,410.11,25000,Approver_02,INV-100703,Benford's Law outlier (over-represented leading digit),4.0,Statistical Outlier
TXN-004895,2025-02-12,17:15,Wednesday,Finance,Vendor_019,Travel,717.53,60000,Approver_15,INV-100704,Benford's Law outlier (over-represented leading digit),7.0,Statistical Outlier
TXN-005548,2025-02-12,11:01,Wednesday,Marketing,Vendor_018,Equipment,497.13,25000,Approver_01,INV-100700,Benford's Law outlier (over-represented leading digit),4.0,Statistical Outlier
TXN-003751,2025-02-12,12:47,Wednesday,Marketing,Vendor_060,Utilities,774.67,25000,Approver_04,INV-100710,Benford's Law outlier (over-represented leading digit),7.0,Statistical Outlier
TXN-003620,2025-02-13,14:26,Thursday,HR,Vendor_039,Utilities,4008.83,15000,Approver_01,INV-100720,Benford's Law outlier (over-represented leading digit),4.0,Statistical Outlier
TXN-003507,2025-02-13,00:13,Thursday,Operations,Vendor_001,Misc,479.67,30000,Approver_11,INV-100723,Benford's Law outlier (over-represented leading digit),4.0,Statistical Outlier
TXN-002487,2025-02-13,10:39,Thursday,Procurement,Vendor_041,Consulting,455.61,50000,Approver_10,INV-100724,Benford's Law outlier (over-represented leading digit),4.0,Statistical Outlier
TXN-000834,2025-02-14,11:20,Friday,Sales,Vendor_044,Supplies,487.43,20000,Approver_03,INV-100735,Benford's Law outlier (over-represented leading digit),4.0,Statistical Outlier
TXN-004452,2025-02-14,10:34,Friday,Procurement,Vendor_054,Misc,7500.0,50000,Approver_06,INV-100736,Benford's Law outlier (over-represented leading digit),7.0,Statistical Outlier
TXN-003490,2025-02-14,10:00,Friday,Sales,Vendor_040,Software,471.13,20000,Approver_10,INV-100748,Benford's Law outlier (over-represented leading digit),4.0,Statistical Outlier
TXN-005753,2025-02-14,15:04,Friday,Finance,Vendor_040,Consulting,7664.75,60000,Approver_02,INV-100753,Benford's Law outlier (over-represented leading digit),7.0,Statistical Outlier
TXN-004116,2025-02-17,12:54,Monday,Operations,Vendor_060,Supplies,483.13,30000,Approver_14,INV-100755,Benford's Law outlier (over-represented leading digit),4.0,Statistical Outlier
TXN-001048,2025-02-17,16:35,Monday,Procurement,Vendor_045,Equipment,406.73,50000,Approver_15,INV-100756,Benford's Law outlier (over-represented leading digit),4.0,Statistical Outlier
TXN-005181,2025-02-17,16:20,Monday,Operations,Vendor_051,Supplies,4141.18,30000,Approver_14,INV-100757,Benford's Law outlier (over-represented leading digit),4.0,Statistical Outlier
TXN-003614,2025-02-17,14:26,Monday,Operations,Vendor_051,Travel,49971.86,30000,Approver_10,INV-100761,Benford's Law outlier (over-represented leading digit),4.0,Statistical Outlier
TXN-005650,2025-02-17,17:11,Monday,Operations,Vendor_027,Software,419.38,30000,Approver_04,INV-100763,Benford's Law outlier (over-represented leading digit),4.0,Statistical Outlier
TXN-005697,2025-02-17,14:25,Monday,IT,Vendor_032,Equipment,4453.42,40000,Approver_05,INV-100765,Benford's Law outlier (over-represented leading digit),4.0,Statistical Outlier
TXN-001449,2025-02-17,21:52,Monday,IT,Vendor_028,Travel,76572.02,40000,Approver_11,INV-100768,Benford's Law outlier (over-represented leading digit),7.0,Statistical Outlier
TXN-005006,2025-02-17,14:31,Monday,HR,Vendor_056,Utilities,4171.63,15000,Approver_08,INV-100770,Benford's Law outlier (over-represented leading digit),4.0,Statistical Outlier
TXN-001541,2025-02-18,15:27,Tuesday,IT,Vendor_056,Equipment,74.65,40000,Approver_09,INV-100777,Benford's Law outlier (over-represented leading digit),7.0,Statistical Outlier
TXN-005248,2025-02-19,17:25,Wednesday,Finance,Vendor_054,Software,781.45,60000,Approver_06,INV-100798,Benford's Law outlier (over-represented leading digit),7.0,Statistical Outlier
TXN-000858,2025-02-19,12:08,Wednesday,Finance,Vendor_056,Supplies,796.49,60000,Approver_04,INV-100799,Benford's Law outlier (over-represented leading digit),7.0,Statistical Outlier
TXN-004751,2025-02-20,15:01,Thursday,Procurement,Vendor_033,Utilities,4059.25,50000,Approver_15,INV-100807,Benford's Law outlier (over-represented leading digit),4.0,Statistical Outlier
TXN-004769,2025-02-20,12:08,Thursday,IT,Vendor_042,Utilities,790.42,40000,Approver_08,INV-100812,Benford's Law outlier (over-represented leading digit),7.0,Statistical Outlier
TXN-002491,2025-02-20,14:43,Thursday,Operations,Vendor_021,Misc,42.08,30000,Approver_01,INV-100813,Benford's Law outlier (over-represented leading digit),4.0,Statistical Outlier
TXN-002392,2025-02-20,01:22,Thursday,IT,Vendor_014,Utilities,7485.14,40000,Approver_04,INV-100816,Benford's Law outlier (over-represented leading digit),7.0,Statistical Outlier
TXN-004143,2025-02-20,15:26,Thursday,Finance,Vendor_052,Travel,4561.45,60000,Approver_08,INV-100817,Benford's Law outlier (over-represented leading digit),4.0,Statistical Outlier
TXN-003768,2025-02-20,08:19,Thursday,Operations,Vendor_007,Consulting,758.89,30000,Approver_12,INV-100818,Benford's Law outlier (over-represented leading digit),7.0,Statistical Outlier
TXN-003886,2025-02-20,09:22,Thursday,Procurement,Vendor_020,Misc,705.24,50000,Approver_02,INV-100824,Benford's Law outlier (over-represented leading digit),7.0,Statistical Outlier
TXN-000536,2025-02-21,17:28,Friday,Procurement,Vendor_006,Software,46916.53,50000,Approver_03,INV-100839,Benford's Law outlier (over-represented leading digit),4.0,Statistical Outlier
TXN-001960,2025-02-21,10:16,Friday,HR,Vendor_006,Supplies,761.15,15000,Approver_11,INV-100840,Benford's Law outlier (over-represented leading digit),7.0,Statistical Outlier
TXN-001446,2025-02-21,12:58,Friday,HR,Vendor_041,Misc,411.15,15000,Approver_14,INV-100843,Benford's Law outlier (over-represented leading digit),4.0,Statistical Outlier
TXN-004750,2025-02-21,15:44,Friday,HR,Vendor_001,Utilities,4110.78,15000,Approver_10,INV-100847,Benford's Law outlier (over-represented leading digit),4.0,Statistical Outlier
TXN-003921,2025-02-21,11:14,Friday,Finance,Vendor_010,Utilities,79512.1,60000,Approver_12,INV-100853,Benford's Law outlier (over-represented leading digit),7.0,Statistical Outlier
TXN-005761,2025-02-24,18:21,Monday,Procurement,Vendor_044,Consulting,45540.57,50000,Approver_12,INV-100865,Benford's Law outlier (over-represented leading digit),4.0,Statistical Outlier
TXN-000491,2025-02-24,11:30,Monday,HR,Vendor_058,Equipment,402.8,15000,Approver_07,INV-100866,Benford's Law outlier (over-represented leading digit),4.0,Statistical Outlier
TXN-004197,2025-02-24,12:02,Monday,Sales,Vendor_030,Equipment,42.71,20000,Approver_07,INV-100876,Benford's Law outlier (over-represented leading digit),4.0,Statistical Outlier
TXN-000098,2025-02-24,17:31,Monday,HR,Vendor_028,Supplies,789.64,15000,Approver_01,INV-100877,Benford's Law outlier (over-represented leading digit),7.0,Statistical Outlier
TXN-001619,2025-02-24,10:18,Monday,Operations,Vendor_047,Equipment,4755.1,30000,Approver_02,INV-100883,Benford's Law outlier (over-represented leading digit),4.0,Statistical Outlier
TXN-004677,2025-02-25,11:53,Tuesday,Sales,Vendor_004,Equipment,74106.1,20000,Approver_02,INV-100886,Benford's Law outlier (over-represented leading digit),7.0,Statistical Outlier
TXN-002928,2025-02-25,11:08,Tuesday,Operations,Vendor_032,Software,4080.44,30000,Approver_03,INV-100887,Benford's Law outlier (over-represented leading digit),4.0,Statistical Outlier
TXN-001825,2025-02-25,14:03,Tuesday,Marketing,Vendor_011,Supplies,406.04,25000,Approver_10,INV-100890,Benford's Law outlier (over-represented leading digit),4.0,Statistical Outlier
TXN-004833,2025-02-25,14:51,Tuesday,Operations,Vendor_013,Travel,-740.25,30000,Approver_07,INV-100895,Benford's Law outlier (over-represented leading digit),7.0,Statistical Outlier
TXN-005029,2025-02-25,15:15,Tuesday,Sales,Vendor_003,Consulting,42.32,20000,Approver_12,INV-100896,Benford's Law outlier (over-represented leading digit),4.0,Statistical Outlier
TXN-001988,2025-02-26,12:11,Wednesday,Procurement,Vendor_045,Supplies,429.12,50000,Approver_03,INV-100911,Benford's Law outlier (over-represented leading digit),4.0,Statistical Outlier
TXN-004003,2025-02-26,11:12,Wednesday,Operations,Vendor_058,Supplies,496.12,30000,Approver_06,INV-100914,Benford's Law outlier (over-represented leading digit),4.0,Statistical Outlier
TXN-001017,2025-02-26,15:00,Wednesday,Finance,Vendor_010,Consulting,-4074.0,60000,Approver_14,INV-100917,Benford's Law outlier (over-represented leading digit),4.0,Statistical Outlier
TXN-002831,2025-02-27,12:49,Thursday,Sales,Vendor_001,Consulting,463.14,20000,Approver_14,INV-100931,Benford's Law outlier (over-represented leading digit),4.0,Statistical Outlier
TXN-005632,2025-02-27,15:43,Thursday,HR,Vendor_027,Utilities,7500.0,15000,Approver_02,INV-100942,Benford's Law outlier (over-represented leading digit),7.0,Statistical Outlier
TXN-004678,2025-02-27,12:42,Thursday,HR,Vendor_023,Utilities,74.94,15000,Approver_09,INV-100944,Benford's Law outlier (over-represented leading digit),7.0,Statistical Outlier
TXN-000311,2025-02-28,15:06,Friday,Procurement,Vendor_013,Equipment,41.92,50000,Approver_13,INV-100953,Benford's Law outlier (over-represented leading digit),4.0,Statistical Outlier
TXN-002832,2025-02-28,13:17,Friday,Finance,Vendor_030,Utilities,77.93,60000,Approver_04,INV-100959,Benford's Law outlier (over-represented leading digit),7.0,Statistical Outlier
TXN-003819,2025-02-28,15:07,Friday,IT,Vendor_059,Consulting,467.62,40000,Approver_13,INV-100969,Benford's Law outlier (over-represented leading digit),4.0,Statistical Outlier
TXN-002985,2025-03-03,13:58,Monday,Operations,Vendor_039,Supplies,4850.23,30000,Approver_06,INV-100983,Benford's Law outlier (over-represented leading digit),4.0,Statistical Outlier
TXN-000907,2025-03-03,16:30,Monday,Operations,Vendor_057,Misc,74.16,30000,Approver_09,INV-100985,Benford's Law outlier (over-represented leading digit),7.0,Statistical Outlier
TXN-005601,2025-03-03,12:25,Monday,Marketing,Vendor_011,Misc,76884.01,25000,Approver_04,INV-100991,Benford's Law outlier (over-represented leading digit),7.0,Statistical Outlier
TXN-004655,2025-03-03,18:20,Monday,Marketing,Vendor_009,Equipment,7866.67,25000,Approver_11,INV-101001,Benford's Law outlier (over-represented leading digit),7.0,Statistical Outlier
TXN-001724,2025-03-03,15:04,Monday,Sales,Vendor_043,Software,433.15,20000,Approver_14,INV-101003,Benford's Law outlier (over-represented leading digit),4.0,Statistical Outlier
TXN-004651,2025-03-04,15:14,Tuesday,Marketing,Vendor_040,Travel,450.27,25000,Approver_05,INV-101015,Benford's Law outlier (over-represented leading digit),4.0,Statistical Outlier
TXN-005509,2025-03-04,11:25,Tuesday,IT,Vendor_050,Misc,4017.98,40000,Approver_01,INV-101018,Benford's Law outlier (over-represented leading digit),4.0,Statistical Outlier
TXN-002511,2025-03-04,10:12,Tuesday,Operations,Vendor_025,Travel,76475.11,30000,Approver_12,INV-101019,Benford's Law outlier (over-represented leading digit),7.0,Statistical Outlier
TXN-000240,2025-03-04,13:52,Tuesday,Procurement,Vendor_059,Misc,4311.93,50000,Approver_06,INV-101022,Benford's Law outlier (over-represented leading digit),4.0,Statistical Outlier
TXN-005082,2025-03-04,08:37,Tuesday,Finance,Vendor_031,Equipment,426.2,60000,Approver_09,INV-101027,Benford's Law outlier (over-represented leading digit),4.0,Statistical Outlier
TXN-004470,2025-03-05,10:59,Wednesday,Operations,Vendor_033,Supplies,74.7,30000,Approver_14,INV-101038,Benford's Law outlier (over-represented leading digit),7.0,Statistical Outlier
TXN-003211,2025-03-05,12:15,Wednesday,Finance,Vendor_022,Utilities,-4592.99,60000,Approver_11,INV-101041,Benford's Law outlier (over-represented leading digit),4.0,Statistical Outlier
TXN-002465,2025-03-05,13:04,Wednesday,HR,Vendor_044,Consulting,41.01,15000,Approver_01,INV-101044,Benford's Law outlier (over-represented leading digit),4.0,Statistical Outlier
TXN-002703,2025-03-05,11:00,Wednesday,Marketing,Vendor_044,Utilities,792.39,25000,Approver_05,INV-101048,Benford's Law outlier (over-represented leading digit),7.0,Statistical Outlier
TXN-000378,2025-03-05,16:41,Wednesday,Marketing,Vendor_011,Utilities,428.93,25000,Approver_10,INV-101049,Benford's Law outlier (over-represented leading digit),4.0,Statistical Outlier
TXN-004687,2025-03-06,11:34,Thursday,Sales,Vendor_049,Misc,433.27,20000,Approver_02,INV-101055,Benford's Law outlier (over-represented leading digit),4.0,Statistical Outlier
TXN-004588,2025-03-07,15:03,Friday,Procurement,Vendor_047,Misc,46264.62,50000,Approver_01,INV-101068,Benford's Law outlier (over-represented leading digit),4.0,Statistical Outlier
TXN-000626,2025-03-07,09:10,Friday,Finance,Vendor_039,Travel,7573.99,60000,Approver_03,INV-101075,Benford's Law outlier (over-represented leading digit),7.0,Statistical Outlier
TXN-005709,2025-03-07,15:22,Friday,Marketing,Vendor_054,Misc,438.12,25000,Approver_11,INV-101079,Benford's Law outlier (over-represented leading digit),4.0,Statistical Outlier
TXN-005309,2025-03-10,10:37,Monday,Finance,Vendor_021,Utilities,4015.04,60000,Approver_01,INV-101087,Benford's Law outlier (over-represented leading digit),4.0,Statistical Outlier
TXN-003134,2025-03-10,11:47,Monday,Marketing,Vendor_035,Misc,4131.49,25000,Approver_03,INV-101096,Benford's Law outlier (over-represented leading digit),4.0,Statistical Outlier
TXN-004609,2025-03-11,11:03,Tuesday,Marketing,Vendor_047,Software,784.4,25000,Approver_09,INV-101126,Benford's Law outlier (over-represented leading digit),7.0,Statistical Outlier
TXN-002535,2025-03-12,10:23,Wednesday,Finance,Vendor_046,Utilities,46.56,60000,Approver_12,INV-101127,Benford's Law outlier (over-represented leading digit),4.0,Statistical Outlier
TXN-002060,2025-03-12,23:01,Wednesday,Sales,Vendor_009,Software,456.78,20000,Approver_11,INV-101143,Benford's Law outlier (over-represented leading digit),4.0,Statistical Outlier
TXN-004023,2025-03-13,12:04,Thursday,Procurement,Vendor_004,Equipment,48926.48,50000,Approver_12,INV-101152,Benford's Law outlier (over-represented leading digit),4.0,Statistical Outlier
TXN-000848,2025-03-13,12:08,Thursday,Operations,Vendor_042,Equipment,749.72,30000,Approver_04,INV-101162,Benford's Law outlier (over-represented leading digit),7.0,Statistical Outlier
TXN-005781,2025-03-13,12:13,Thursday,Procurement,Vendor_017,Utilities,78.65,50000,Approver_03,INV-101165,Benford's Law outlier (over-represented leading digit),7.0,Statistical Outlier
TXN-001100,2025-03-13,12:11,Thursday,Sales,Vendor_014,Misc,4830.86,20000,Approver_10,INV-101168,Benford's Law outlier (over-represented leading digit),4.0,Statistical Outlier
TXN-003175,2025-03-13,08:04,Thursday,Operations,Vendor_052,Travel,47940.69,30000,Approver_13,INV-101172,Benford's Law outlier (over-represented leading digit),4.0,Statistical Outlier
TXN-005175,2025-03-13,11:19,Thursday,Marketing,Vendor_036,Software,473.39,25000,Approver_11,INV-101174,Benford's Law outlier (over-represented leading digit),4.0,Statistical Outlier
TXN-001187,2025-03-14,16:32,Friday,HR,Vendor_028,Misc,417.14,15000,Approver_12,INV-101178,Benford's Law outlier (over-represented leading digit),4.0,Statistical Outlier
TXN-000779,2025-03-14,12:08,Friday,HR,Vendor_058,Consulting,4346.5,15000,Approver_13,INV-101189,Benford's Law outlier (over-represented leading digit),4.0,Statistical Outlier
TXN-004710,2025-03-14,17:11,Friday,HR,Vendor_034,Misc,48926.93,15000,Approver_05,INV-101194,Benford's Law outlier (over-represented leading digit),4.0,Statistical Outlier
TXN-005278,2025-03-14,13:59,Friday,Operations,Vendor_054,Utilities,440.59,30000,Approver_15,INV-101195,Benford's Law outlier (over-represented leading digit),4.0,Statistical Outlier
TXN-000857,2025-03-17,16:26,Monday,HR,Vendor_033,Travel,726.16,15000,Approver_09,INV-101204,Benford's Law outlier (over-represented leading digit),7.0,Statistical Outlier
TXN-000164,2025-03-17,10:24,Monday,Procurement,Vendor_005,Travel,4748.03,50000,Approver_14,INV-101209,Benford's Law outlier (over-represented leading digit),4.0,Statistical Outlier
TXN-005203,2025-03-18,15:34,Tuesday,Operations,Vendor_003,Software,746.53,30000,Approver_02,INV-101233,Benford's Law outlier (over-represented leading digit),7.0,Statistical Outlier
TXN-001461,2025-03-18,10:12,Tuesday,HR,Vendor_007,Supplies,707.0,15000,Approver_12,INV-101248,Benford's Law outlier (over-represented leading digit),7.0,Statistical Outlier
TXN-001723,2025-03-18,16:52,Tuesday,Sales,Vendor_003,Software,46852.69,20000,Approver_02,INV-101253,Benford's Law outlier (over-represented leading digit),4.0,Statistical Outlier
TXN-001298,2025-03-19,13:20,Wednesday,Marketing,Vendor_022,Supplies,766.47,25000,Approver_04,INV-101260,Benford's Law outlier (over-represented leading digit),7.0,Statistical Outlier
TXN-005410,2025-03-19,16:21,Wednesday,IT,Vendor_040,Supplies,77.52,40000,Approver_15,INV-101269,Benford's Law outlier (over-represented leading digit),7.0,Statistical Outlier
TXN-002824,2025-03-19,14:07,Wednesday,HR,Vendor_060,Software,713.14,15000,Approver_13,INV-101270,Benford's Law outlier (over-represented leading digit),7.0,Statistical Outlier
TXN-002311,2025-03-19,16:20,Wednesday,Operations,Vendor_043,Travel,71440.78,30000,Approver_08,INV-101280,Benford's Law outlier (over-represented leading digit),7.0,Statistical Outlier
TXN-003493,2025-03-20,08:25,Thursday,Procurement,Vendor_056,Utilities,403.63,50000,Approver_05,INV-101284,Benford's Law outlier (over-represented leading digit),4.0,Statistical Outlier
TXN-001985,2025-03-20,13:34,Thursday,Marketing,Vendor_052,Misc,7130.23,25000,Approver_05,INV-101290,Benford's Law outlier (over-represented leading digit),7.0,Statistical Outlier
TXN-005676,2025-03-20,11:22,Thursday,Procurement,Vendor_002,Software,4007.82,50000,Approver_03,INV-101293,Benford's Law outlier (over-represented leading digit),4.0,Statistical Outlier
TXN-001483,2025-03-20,14:33,Thursday,IT,Vendor_035,Software,40808.3,40000,Approver_01,INV-101298,Benford's Law outlier (over-represented leading digit),4.0,Statistical Outlier
TXN-005194,2025-03-20,00:45,Thursday,Sales,Vendor_047,Supplies,4248.12,20000,Approver_07,INV-101300,Benford's Law outlier (over-represented leading digit),4.0,Statistical Outlier
TXN-004111,2025-03-20,12:59,Thursday,Procurement,Vendor_017,Utilities,736.97,50000,Approver_05,INV-101301,Benford's Law outlier (over-represented leading digit),7.0,Statistical Outlier
TXN-004436,2025-03-20,16:28,Thursday,Operations,Vendor_018,Equipment,74.17,30000,Approver_15,INV-101305,Benford's Law outlier (over-represented leading digit),7.0,Statistical Outlier
TXN-001946,2025-03-20,17:42,Thursday,Finance,Vendor_016,Consulting,409.01,60000,Approver_15,INV-101309,Benford's Law outlier (over-represented leading digit),4.0,Statistical Outlier
TXN-005892,2025-03-21,08:31,Friday,IT,Vendor_016,Consulting,7215.4,40000,Approver_11,INV-101314,Benford's Law outlier (over-represented leading digit),7.0,Statistical Outlier
TXN-000823,2025-03-21,15:00,Friday,Finance,Vendor_015,Utilities,737.3,60000,Approver_14,INV-101319,Benford's Law outlier (over-represented leading digit),7.0,Statistical Outlier
TXN-002249,2025-03-21,17:26,Friday,Procurement,Vendor_059,Software,78.07,50000,Approver_11,INV-101324,Benford's Law outlier (over-represented leading digit),7.0,Statistical Outlier
TXN-004608,2025-03-21,15:55,Friday,Marketing,Vendor_044,Travel,486.74,25000,Approver_10,INV-101329,Benford's Law outlier (over-represented leading digit),4.0,Statistical Outlier
TXN-000074,2025-03-24,12:36,Monday,Procurement,Vendor_006,Equipment,442.5,50000,Approver_08,INV-101342,Benford's Law outlier (over-represented leading digit),4.0,Statistical Outlier
TXN-000350,2025-03-24,18:35,Monday,Operations,Vendor_017,Supplies,4142.37,30000,Approver_06,INV-101346,Benford's Law outlier (over-represented leading digit),4.0,Statistical Outlier
TXN-005089,2025-03-24,15:56,Monday,Procurement,Vendor_048,Consulting,420.56,50000,Approver_10,INV-101347,Benford's Law outlier (over-represented leading digit),4.0,Statistical Outlier
TXN-005577,2025-03-24,08:13,Monday,Marketing,Vendor_055,Consulting,40.62,25000,Approver_07,INV-101348,Benford's Law outlier (over-represented leading digit),4.0,Statistical Outlier
TXN-003725,2025-03-24,15:36,Monday,Operations,Vendor_039,Consulting,405.5,30000,Approver_14,INV-101349,Benford's Law outlier (over-represented leading digit),4.0,Statistical Outlier
TXN-000186,2025-03-25,15:17,Tuesday,HR,Vendor_034,Equipment,7322.95,15000,Approver_12,INV-101380,Benford's Law outlier (over-represented leading digit),7.0,Statistical Outlier
TXN-005865,2025-03-26,14:23,Wednesday,Operations,Vendor_046,Travel,7450.27,30000,Approver_08,INV-101394,Benford's Law outlier (over-represented leading digit),7.0,Statistical Outlier
TXN-003525,2025-03-26,12:33,Wednesday,Marketing,Vendor_006,Travel,7826.28,25000,Approver_05,INV-101396,Benford's Law outlier (over-represented leading digit),7.0,Statistical Outlier
TXN-001900,2025-03-26,16:23,Wednesday,Finance,Vendor_004,Supplies,7500.0,60000,Approver_10,INV-101399,Benford's Law outlier (over-represented leading digit),7.0,Statistical Outlier
TXN-004427,2025-03-26,15:19,Wednesday,IT,Vendor_053,Consulting,4625.81,40000,Approver_09,INV-101404,Benford's Law outlier (over-represented leading digit),4.0,Statistical Outlier
TXN-005822,2025-03-27,14:35,Thursday,Operations,Vendor_005,Supplies,444.8,30000,Approver_15,INV-101416,Benford's Law outlier (over-represented leading digit),4.0,Statistical Outlier
TXN-000929,2025-03-27,10:16,Thursday,Operations,Vendor_005,Consulting,457.5,30000,Approver_14,INV-101426,Benford's Law outlier (over-represented leading digit),4.0,Statistical Outlier
TXN-005140,2025-03-27,16:05,Thursday,HR,Vendor_052,Travel,4413.66,15000,Approver_09,INV-101432,Benford's Law outlier (over-represented leading digit),4.0,Statistical Outlier
TXN-000203,2025-03-28,15:44,Friday,Procurement,Vendor_046,Software,47415.75,50000,Approver_08,INV-101437,Benford's Law outlier (over-represented leading digit),4.0,Statistical Outlier
TXN-000637,2025-03-28,16:21,Friday,Marketing,Vendor_059,Travel,7093.37,25000,,INV-101448,Benford's Law outlier (over-represented leading digit),7.0,Statistical Outlier
TXN-003799,2025-03-28,11:36,Friday,Operations,Vendor_024,Software,401.39,30000,Approver_07,INV-101449,Benford's Law outlier (over-represented leading digit),4.0,Statistical Outlier
TXN-000600,2025-03-28,16:01,Friday,IT,Vendor_020,Travel,47830.48,40000,Approver_10,INV-101455,Benford's Law outlier (over-represented leading digit),4.0,Statistical Outlier
TXN-002172,2025-04-01,15:40,Tuesday,Marketing,Vendor_023,Equipment,45932.86,25000,Approver_05,INV-101481,Benford's Law outlier (over-represented leading digit),4.0,Statistical Outlier
TXN-001785,2025-04-01,14:52,Tuesday,Sales,Vendor_018,Utilities,40.58,20000,Approver_01,INV-101484,Benford's Law outlier (over-represented leading digit),4.0,Statistical Outlier
TXN-003781,2025-04-01,11:23,Tuesday,HR,Vendor_034,Software,4248.05,15000,Approver_03,INV-101497,Benford's Law outlier (over-represented leading digit),4.0,Statistical Outlier
TXN-003875,2025-04-01,10:21,Tuesday,Finance,Vendor_038,Travel,46677.45,60000,Approver_02,INV-101499,Benford's Law outlier (over-represented leading digit),4.0,Statistical Outlier
TXN-000908,2025-04-02,12:05,Wednesday,Operations,Vendor_052,Software,43.93,30000,Approver_07,INV-101504,Benford's Law outlier (over-represented leading digit),4.0,Statistical Outlier
TXN-002923,2025-04-02,12:16,Wednesday,Operations,Vendor_047,Travel,7740.64,30000,Approver_03,INV-101506,Benford's Law outlier (over-represented leading digit),7.0,Statistical Outlier
TXN-000623,2025-04-02,17:44,Wednesday,Sales,Vendor_007,Supplies,4396.47,20000,Approver_13,INV-101516,Benford's Law outlier (over-represented leading digit),4.0,Statistical Outlier
TXN-003242,2025-04-02,11:56,Wednesday,Sales,Vendor_045,Travel,412.68,20000,Approver_04,INV-101517,Benford's Law outlier (over-represented leading digit),4.0,Statistical Outlier
TXN-002154,2025-04-02,16:12,Wednesday,Operations,Vendor_044,Software,78.91,30000,Approver_05,INV-101518,Benford's Law outlier (over-represented leading digit),7.0,Statistical Outlier
TXN-000258,2025-04-03,13:34,Thursday,Procurement,Vendor_038,Travel,40.81,50000,Approver_08,INV-101520,Benford's Law outlier (over-represented leading digit),4.0,Statistical Outlier
TXN-002271,2025-04-03,14:48,Thursday,Sales,Vendor_037,Supplies,465.98,20000,Approver_15,INV-101531,Benford's Law outlier (over-represented leading digit),4.0,Statistical Outlier
TXN-001323,2025-04-03,16:11,Thursday,Sales,Vendor_053,Misc,73.22,20000,,INV-101540,Benford's Law outlier (over-represented leading digit),7.0,Statistical Outlier
TXN-005135,2025-04-03,10:31,Thursday,Sales,Vendor_060,Supplies,7500.0,20000,Approver_03,INV-101541,Benford's Law outlier (over-represented leading digit),7.0,Statistical Outlier
TXN-003291,2025-04-04,11:10,Friday,Procurement,Vendor_043,Supplies,45283.49,50000,Approver_01,INV-101568,Benford's Law outlier (over-represented leading digit),4.0,Statistical Outlier
TXN-005828,2025-04-04,12:30,Friday,IT,Vendor_034,Equipment,-4698.84,40000,Approver_01,INV-101570,Benford's Law outlier (over-represented leading digit),4.0,Statistical Outlier
TXN-001806,2025-04-04,14:41,Friday,HR,Vendor_003,Software,42.77,15000,Approver_09,INV-101571,Benford's Law outlier (over-represented leading digit),4.0,Statistical Outlier
TXN-003060,2025-04-04,11:26,Friday,IT,Vendor_021,Software,762.59,40000,Approver_10,INV-101578,Benford's Law outlier (over-represented leading digit),7.0,Statistical Outlier
TXN-003853,2025-04-07,17:27,Monday,Procurement,Vendor_013,Software,48706.41,50000,Approver_01,INV-101581,Benford's Law outlier (over-represented leading digit),4.0,Statistical Outlier
TXN-004286,2025-04-07,08:42,Monday,Sales,Vendor_055,Travel,40.16,20000,Approver_12,INV-101582,Benford's Law outlier (over-represented leading digit),4.0,Statistical Outlier
TXN-000853,2025-04-07,15:20,Monday,Operations,Vendor_008,Supplies,4742.34,30000,Approver_12,INV-101584,Benford's Law outlier (over-represented leading digit),4.0,Statistical Outlier
TXN-004748,2025-04-07,09:25,Monday,HR,Vendor_004,Software,44433.08,15000,Approver_13,INV-101585,Benford's Law outlier (over-represented leading digit),4.0,Statistical Outlier
TXN-004468,2025-04-07,16:20,Monday,Sales,Vendor_017,Software,7747.95,20000,Approver_14,INV-101588,Benford's Law outlier (over-represented leading digit),7.0,Statistical Outlier
TXN-001635,2025-04-07,10:36,Monday,Procurement,Vendor_027,Travel,741.39,50000,Approver_08,INV-101593,Benford's Law outlier (over-represented leading digit),7.0,Statistical Outlier
TXN-002992,2025-04-08,17:54,Tuesday,IT,Vendor_001,Misc,48.63,40000,Approver_11,INV-101603,Benford's Law outlier (over-represented leading digit),4.0,Statistical Outlier
TXN-000860,2025-04-08,12:36,Tuesday,Procurement,Vendor_052,Supplies,48.88,50000,Approver_04,INV-101606,Benford's Law outlier (over-represented leading digit),4.0,Statistical Outlier
TXN-005341,2025-04-08,13:28,Tuesday,Procurement,Vendor_012,Equipment,4691.73,50000,Approver_06,INV-101607,Benford's Law outlier (over-represented leading digit),4.0,Statistical Outlier
TXN-004528,2025-04-08,12:03,Tuesday,Sales,Vendor_008,Consulting,7593.77,20000,Approver_15,INV-101609,Benford's Law outlier (over-represented leading digit),7.0,Statistical Outlier
TXN-000585,2025-04-08,16:02,Tuesday,Procurement,Vendor_055,Supplies,708.77,50000,Approver_14,INV-101616,Benford's Law outlier (over-represented leading digit),7.0,Statistical Outlier
TXN-005792,2025-04-08,12:57,Tuesday,Operations,Vendor_048,Travel,-4690.2,30000,Approver_06,INV-101617,Benford's Law outlier (over-represented leading digit),4.0,Statistical Outlier
TXN-000502,2025-04-09,10:34,Wednesday,Marketing,Vendor_016,Software,473.98,25000,Approver_12,INV-101630,Benford's Law outlier (over-represented leading digit),4.0,Statistical Outlier
TXN-005536,2025-04-09,15:58,Wednesday,IT,Vendor_041,Supplies,742.48,40000,Approver_05,INV-101636,Benford's Law outlier (over-represented leading digit),7.0,Statistical Outlier
TXN-005837,2025-04-09,15:22,Wednesday,IT,Vendor_020,Misc,4729.04,40000,Approver_15,INV-101634,Benford's Law outlier (over-represented leading digit),4.0,Statistical Outlier
TXN-003005,2025-04-09,16:12,Wednesday,Finance,Vendor_001,Equipment,77.06,60000,Approver_10,INV-101649,Benford's Law outlier (over-represented leading digit),7.0,Statistical Outlier
TXN-003854,2025-04-10,16:52,Thursday,IT,Vendor_057,Utilities,788.93,40000,Approver_03,INV-101652,Benford's Law outlier (over-represented leading digit),7.0,Statistical Outlier
TXN-001865,2025-04-10,15:30,Thursday,Finance,Vendor_022,Travel,419.64,60000,Approver_06,INV-101658,Benford's Law outlier (over-represented leading digit),4.0,Statistical Outlier
TXN-001984,2025-04-10,17:03,Thursday,Procurement,Vendor_014,Supplies,40.69,50000,Approver_10,INV-101662,Benford's Law outlier (over-represented leading digit),4.0,Statistical Outlier
TXN-004050,2025-04-10,11:04,Thursday,Sales,Vendor_058,Utilities,740.08,20000,Approver_09,INV-101667,Benford's Law outlier (over-represented leading digit),7.0,Statistical Outlier
TXN-003660,2025-04-10,11:13,Thursday,Procurement,Vendor_059,Misc,48.1,50000,Approver_10,INV-101669,Benford's Law outlier (over-represented leading digit),4.0,Statistical Outlier
TXN-001538,2025-04-10,15:06,Thursday,Procurement,Vendor_047,Utilities,4717.86,50000,Approver_08,INV-101670,Benford's Law outlier (over-represented leading digit),4.0,Statistical Outlier
TXN-000431,2025-04-11,15:00,Friday,Operations,Vendor_038,Consulting,48.84,30000,Approver_15,INV-101684,Benford's Law outlier (over-represented leading digit),4.0,Statistical Outlier
TXN-003095,2025-04-11,16:58,Friday,HR,Vendor_019,Supplies,46283.92,15000,Approver_02,INV-101688,Benford's Law outlier (over-represented leading digit),4.0,Statistical Outlier
TXN-000321,2025-04-11,11:28,Friday,Finance,Vendor_055,Consulting,459.66,60000,Approver_09,INV-101693,Benford's Law outlier (over-represented leading digit),4.0,Statistical Outlier
TXN-001642,2025-04-11,15:58,Friday,IT,Vendor_009,Misc,450.99,40000,Approver_01,INV-101698,Benford's Law outlier (over-represented leading digit),4.0,Statistical Outlier
TXN-003807,2025-04-11,13:26,Friday,Procurement,Vendor_055,Supplies,453.92,50000,Approver_09,INV-101699,Benford's Law outlier (over-represented leading digit),4.0,Statistical Outlier
TXN-004121,2025-04-11,15:11,Friday,Marketing,Vendor_003,Utilities,495.62,25000,Approver_02,INV-101701,Benford's Law outlier (over-represented leading digit),4.0,Statistical Outlier
TXN-000703,2025-04-14,10:03,Monday,IT,Vendor_048,Supplies,416.47,40000,Approver_15,INV-101707,Benford's Law outlier (over-represented leading digit),4.0,Statistical Outlier
TXN-003709,2025-04-14,11:31,Monday,HR,Vendor_037,Utilities,767.8,15000,Approver_11,INV-101712,Benford's Law outlier (over-represented leading digit),7.0,Statistical Outlier
TXN-002304,2025-04-14,14:23,Monday,Operations,Vendor_053,Equipment,7500.0,30000,Approver_15,INV-101714,Benford's Law outlier (over-represented leading digit),7.0,Statistical Outlier
TXN-005434,2025-04-14,12:49,Monday,Marketing,Vendor_051,Travel,77.26,25000,Approver_04,INV-101715,Benford's Law outlier (over-represented leading digit),7.0,Statistical Outlier
TXN-001215,2025-04-14,16:48,Monday,HR,Vendor_002,Consulting,4273.46,15000,Approver_09,INV-101716,Benford's Law outlier (over-represented leading digit),4.0,Statistical Outlier
TXN-003817,2025-04-15,10:33,Tuesday,Operations,Vendor_016,Supplies,455.39,30000,Approver_03,INV-101733,Benford's Law outlier (over-represented leading digit),4.0,Statistical Outlier
TXN-000424,2025-04-15,15:25,Tuesday,IT,Vendor_023,Misc,7180.13,40000,Approver_12,INV-101746,Benford's Law outlier (over-represented leading digit),7.0,Statistical Outlier
TXN-002121,2025-04-15,08:26,Tuesday,IT,Vendor_034,Software,4475.47,40000,Approver_01,INV-101750,Benford's Law outlier (over-represented leading digit),4.0,Statistical Outlier
TXN-004625,2025-04-16,12:42,Wednesday,Marketing,Vendor_024,Software,-4511.39,25000,Approver_04,INV-101770,Benford's Law outlier (over-represented leading digit),4.0,Statistical Outlier
TXN-002026,2025-04-16,15:37,Wednesday,HR,Vendor_027,Travel,7751.86,15000,Approver_07,INV-101774,Benford's Law outlier (over-represented leading digit),7.0,Statistical Outlier
TXN-001211,2025-04-16,14:09,Wednesday,Procurement,Vendor_033,Software,710.0,50000,Approver_11,INV-101776,Benford's Law outlier (over-represented leading digit),7.0,Statistical Outlier
TXN-002378,2025-04-16,16:28,Wednesday,Procurement,Vendor_050,Supplies,74134.87,50000,Approver_05,INV-101778,Benford's Law outlier (over-represented leading digit),7.0,Statistical Outlier
TXN-005270,2025-04-16,11:48,Wednesday,IT,Vendor_048,Supplies,792.37,40000,Approver_02,INV-101780,Benford's Law outlier (over-represented leading digit),7.0,Statistical Outlier
TXN-000832,2025-04-17,16:16,Thursday,Finance,Vendor_012,Misc,4853.16,60000,Approver_02,INV-101790,Benford's Law outlier (over-represented leading digit),4.0,Statistical Outlier
TXN-003639,2025-04-18,14:15,Friday,HR,Vendor_042,Software,449.08,15000,Approver_12,INV-101808,Benford's Law outlier (over-represented leading digit),4.0,Statistical Outlier
TXN-005752,2025-04-18,18:03,Friday,Finance,Vendor_030,Travel,4430.92,60000,Approver_09,INV-101813,Benford's Law outlier (over-represented leading digit),4.0,Statistical Outlier
TXN-003359,2025-04-18,14:48,Friday,IT,Vendor_022,Utilities,711.27,40000,Approver_08,INV-101816,Benford's Law outlier (over-represented leading digit),7.0,Statistical Outlier
TXN-005721,2025-04-18,15:41,Friday,HR,Vendor_001,Travel,702.8,15000,Approver_04,INV-101819,Benford's Law outlier (over-represented leading digit),7.0,Statistical Outlier
TXN-001220,2025-04-18,11:02,Friday,IT,Vendor_037,Utilities,440.93,40000,Approver_03,INV-101814,Benford's Law outlier (over-represented leading digit),4.0,Statistical Outlier
TXN-003170,2025-04-18,10:56,Friday,Marketing,Vendor_012,Consulting,409.89,25000,Approver_07,INV-101822,Benford's Law outlier (over-represented leading digit),4.0,Statistical Outlier
TXN-003691,2025-04-21,17:32,Monday,Procurement,Vendor_037,Software,79631.41,50000,Approver_09,INV-101838,Benford's Law outlier (over-represented leading digit),7.0,Statistical Outlier
TXN-004538,2025-04-21,18:36,Monday,Operations,Vendor_021,Utilities,45871.48,30000,Approver_04,INV-101842,Benford's Law outlier (over-represented leading digit),4.0,Statistical Outlier
TXN-001625,2025-04-22,11:11,Tuesday,Operations,Vendor_053,Consulting,792.0,30000,Approver_12,INV-101854,Benford's Law outlier (over-represented leading digit),7.0,Statistical Outlier
TXN-001867,2025-04-22,18:30,Tuesday,Finance,Vendor_042,Utilities,43.08,60000,Approver_10,INV-101856,Benford's Law outlier (over-represented leading digit),4.0,Statistical Outlier
TXN-000063,2025-04-22,13:22,Tuesday,Procurement,Vendor_060,Supplies,4171.67,50000,Approver_03,INV-101861,Benford's Law outlier (over-represented leading digit),4.0,Statistical Outlier
TXN-000364,2025-04-22,10:16,Tuesday,Operations,Vendor_022,Utilities,7294.11,30000,Approver_12,INV-101868,Benford's Law outlier (over-represented leading digit),7.0,Statistical Outlier
TXN-001257,2025-04-23,10:13,Wednesday,Operations,Vendor_031,Misc,46.86,30000,,INV-101880,Benford's Law outlier (over-represented leading digit),4.0,Statistical Outlier
TXN-004712,2025-04-23,17:23,Wednesday,Sales,Vendor_032,Software,7968.78,20000,Approver_13,INV-101884,Benford's Law outlier (over-represented leading digit),7.0,Statistical Outlier
TXN-005146,2025-04-23,09:17,Wednesday,Finance,Vendor_009,Software,41.69,60000,Approver_02,INV-101894,Benford's Law outlier (over-represented leading digit),4.0,Statistical Outlier
TXN-005827,2025-04-24,17:57,Thursday,IT,Vendor_029,Consulting,713.76,40000,Approver_12,INV-101900,Benford's Law outlier (over-represented leading digit),7.0,Statistical Outlier
TXN-005630,2025-04-24,14:30,Thursday,Operations,Vendor_034,Travel,727.29,30000,Approver_06,INV-101912,Benford's Law outlier (over-represented leading digit),7.0,Statistical Outlier
TXN-002796,2025-04-25,11:05,Friday,Operations,Vendor_048,Utilities,469.68,30000,Approver_07,INV-101920,Benford's Law outlier (over-represented leading digit),4.0,Statistical Outlier
TXN-005710,2025-04-25,09:33,Friday,Finance,Vendor_017,Equipment,4450.01,60000,Approver_13,INV-101924,Benford's Law outlier (over-represented leading digit),4.0,Statistical Outlier
TXN-004103,2025-04-25,13:55,Friday,Procurement,Vendor_056,Supplies,457.1,50000,Approver_08,INV-101925,Benford's Law outlier (over-represented leading digit),4.0,Statistical Outlier
TXN-005156,2025-04-25,14:24,Friday,Operations,Vendor_055,Supplies,794.7,30000,Approver_08,INV-101930,Benford's Law outlier (over-represented leading digit),7.0,Statistical Outlier
TXN-004005,2025-04-25,11:48,Friday,Operations,Vendor_005,Software,776.68,30000,Approver_13,INV-101937,Benford's Law outlier (over-represented leading digit),7.0,Statistical Outlier
TXN-002812,2025-04-28,15:46,Monday,Procurement,Vendor_036,Travel,40404.2,50000,Approver_11,INV-101939,Benford's Law outlier (over-represented leading digit),4.0,Statistical Outlier
TXN-005638,2025-04-28,10:38,Monday,Marketing,Vendor_007,Travel,411.95,25000,Approver_13,INV-101941,Benford's Law outlier (over-represented leading digit),4.0,Statistical Outlier
TXN-003140,2025-04-28,10:35,Monday,Sales,Vendor_040,Consulting,72755.2,20000,Approver_14,INV-101948,Benford's Law outlier (over-represented leading digit),7.0,Statistical Outlier
TXN-003729,2025-04-28,10:49,Monday,Marketing,Vendor_030,Utilities,40508.72,25000,Approver_02,INV-101955,Benford's Law outlier (over-represented leading digit),4.0,Statistical Outlier
TXN-005778,2025-04-29,08:24,Tuesday,IT,Vendor_027,Utilities,404.63,40000,Approver_03,INV-101970,Benford's Law outlier (over-represented leading digit),4.0,Statistical Outlier
TXN-004318,2025-04-29,16:04,Tuesday,Operations,Vendor_025,Software,7500.0,30000,Approver_03,INV-101971,Benford's Law outlier (over-represented leading digit),7.0,Statistical Outlier
TXN-003368,2025-04-29,15:31,Tuesday,Operations,Vendor_022,Supplies,48307.58,30000,Approver_11,INV-101975,Benford's Law outlier (over-represented leading digit),4.0,Statistical Outlier
TXN-005116,2025-04-29,12:17,Tuesday,Operations,Vendor_018,Software,410.36,30000,Approver_14,INV-101976,Benford's Law outlier (over-represented leading digit),4.0,Statistical Outlier
TXN-000294,2025-04-29,10:33,Tuesday,IT,Vendor_031,Travel,7500.0,40000,Approver_01,INV-101979,Benford's Law outlier (over-represented leading digit),7.0,Statistical Outlier
TXN-004357,2025-04-30,10:55,Wednesday,Marketing,Vendor_008,Utilities,4054.13,25000,Approver_05,INV-101986,Benford's Law outlier (over-represented leading digit),4.0,Statistical Outlier
TXN-004189,2025-04-30,11:10,Wednesday,HR,Vendor_024,Utilities,7534.85,15000,Approver_04,INV-101989,Benford's Law outlier (over-represented leading digit),7.0,Statistical Outlier
TXN-004605,2025-04-30,13:00,Wednesday,Marketing,Vendor_054,Supplies,442.08,25000,Approver_04,INV-101990,Benford's Law outlier (over-represented leading digit),4.0,Statistical Outlier
TXN-002361,2025-04-30,17:24,Wednesday,Finance,Vendor_016,Consulting,430.36,60000,Approver_06,INV-101998,Benford's Law outlier (over-represented leading digit),4.0,Statistical Outlier
TXN-003711,2025-04-30,15:12,Wednesday,Procurement,Vendor_020,Utilities,48483.46,50000,Approver_12,INV-102004,Benford's Law outlier (over-represented leading digit),4.0,Statistical Outlier
TXN-003988,2025-05-01,12:35,Thursday,Finance,Vendor_030,Utilities,420.27,60000,Approver_15,INV-102009,Benford's Law outlier (over-represented leading digit),4.0,Statistical Outlier
TXN-005731,2025-05-01,11:04,Thursday,IT,Vendor_006,Software,4616.52,40000,Approver_12,INV-102011,Benford's Law outlier (over-represented leading digit),4.0,Statistical Outlier
TXN-001393,2025-05-01,11:22,Thursday,HR,Vendor_059,Software,459.11,15000,Approver_08,INV-102012,Benford's Law outlier (over-represented leading digit),4.0,Statistical Outlier
TXN-004857,2025-05-01,08:22,Thursday,Procurement,Vendor_029,Travel,482.04,50000,Approver_10,INV-102015,Benford's Law outlier (over-represented leading digit),4.0,Statistical Outlier
TXN-001529,2025-05-01,11:15,Thursday,Marketing,Vendor_048,Misc,77.47,25000,Approver_11,INV-102019,Benford's Law outlier (over-represented leading digit),7.0,Statistical Outlier
TXN-005770,2025-05-01,11:12,Thursday,IT,Vendor_056,Consulting,73793.81,40000,Approver_05,INV-102028,Benford's Law outlier (over-represented leading digit),7.0,Statistical Outlier
TXN-003630,2025-05-02,11:10,Friday,Operations,Vendor_016,Misc,441.37,30000,Approver_10,INV-102034,Benford's Law outlier (over-represented leading digit),4.0,Statistical Outlier
TXN-004652,2025-05-02,16:56,Friday,Marketing,Vendor_026,Supplies,72127.27,25000,Approver_10,INV-102042,Benford's Law outlier (over-represented leading digit),7.0,Statistical Outlier
TXN-004080,2025-05-02,17:39,Friday,Procurement,Vendor_031,Supplies,7500.0,50000,Approver_09,INV-102043,Benford's Law outlier (over-represented leading digit),7.0,Statistical Outlier
TXN-001874,2025-05-02,09:54,Friday,HR,Vendor_017,Misc,4830.37,15000,Approver_10,INV-102048,Benford's Law outlier (over-represented leading digit),4.0,Statistical Outlier
TXN-000905,2025-05-05,14:05,Monday,Operations,Vendor_021,Utilities,40.82,30000,Approver_09,INV-102063,Benford's Law outlier (over-represented leading digit),4.0,Statistical Outlier
TXN-004536,2025-05-05,08:34,Monday,Procurement,Vendor_017,Utilities,444.55,50000,Approver_04,INV-102078,Benford's Law outlier (over-represented leading digit),4.0,Statistical Outlier
TXN-001969,2025-05-06,18:23,Tuesday,IT,Vendor_048,Supplies,494.0,40000,Approver_09,INV-102088,Benford's Law outlier (over-represented leading digit),4.0,Statistical Outlier
TXN-000271,2025-05-06,14:48,Tuesday,Operations,Vendor_038,Travel,4034.4,30000,Approver_04,INV-102101,Benford's Law outlier (over-represented leading digit),4.0,Statistical Outlier
TXN-003761,2025-05-07,14:42,Wednesday,Procurement,Vendor_010,Utilities,72.4,50000,Approver_08,INV-102111,Benford's Law outlier (over-represented leading digit),7.0,Statistical Outlier
TXN-002743,2025-05-07,16:26,Wednesday,Operations,Vendor_011,Consulting,47.32,30000,Approver_06,INV-102129,Benford's Law outlier (over-represented leading digit),4.0,Statistical Outlier
TXN-001846,2025-05-08,12:21,Thursday,Marketing,Vendor_017,Misc,41.8,25000,Approver_15,INV-102142,Benford's Law outlier (over-represented leading digit),4.0,Statistical Outlier
TXN-000026,2025-05-08,14:11,Thursday,IT,Vendor_045,Consulting,432.85,40000,Approver_14,INV-102144,Benford's Law outlier (over-represented leading digit),4.0,Statistical Outlier
TXN-000021,2025-05-08,14:39,Thursday,Procurement,Vendor_007,Software,-4627.23,50000,Approver_14,INV-102149,Benford's Law outlier (over-represented leading digit),4.0,Statistical Outlier
TXN-002578,2025-05-08,12:41,Thursday,IT,Vendor_018,Supplies,49.58,40000,Approver_14,INV-102152,Benford's Law outlier (over-represented leading digit),4.0,Statistical Outlier
TXN-003649,2025-05-08,16:22,Thursday,Finance,Vendor_008,Equipment,4656.64,60000,Approver_12,INV-102155,Benford's Law outlier (over-represented leading digit),4.0,Statistical Outlier
TXN-001910,2025-05-08,11:15,Thursday,Marketing,Vendor_048,Travel,41.73,25000,Approver_07,INV-102156,Benford's Law outlier (over-represented leading digit),4.0,Statistical Outlier
TXN-005790,2025-05-09,12:56,Friday,Procurement,Vendor_045,Consulting,4753.59,50000,Approver_03,INV-102158,Benford's Law outlier (over-represented leading digit),4.0,Statistical Outlier
TXN-001472,2025-05-09,10:17,Friday,Operations,Vendor_059,Consulting,45.57,30000,Approver_13,INV-102161,Benford's Law outlier (over-represented leading digit),4.0,Statistical Outlier
TXN-000750,2025-05-09,10:32,Friday,Operations,Vendor_016,Equipment,7500.0,30000,Approver_15,INV-102173,Benford's Law outlier (over-represented leading digit),7.0,Statistical Outlier
TXN-000201,2025-05-09,16:47,Friday,Procurement,Vendor_055,Supplies,49283.37,50000,Approver_05,INV-102175,Benford's Law outlier (over-represented leading digit),4.0,Statistical Outlier
TXN-000554,2025-05-11,01:32,Sunday,Procurement,Vendor_044,Travel,74.58,50000,Approver_10,INV-102178,Benford's Law outlier (over-represented leading digit),7.0,Statistical Outlier
TXN-000642,2025-05-12,14:52,Monday,Procurement,Vendor_030,Utilities,47513.83,50000,Approver_08,INV-102179,Benford's Law outlier (over-represented leading digit),4.0,Statistical Outlier
TXN-004268,2025-05-12,12:29,Monday,Sales,Vendor_047,Supplies,492.33,20000,Approver_08,INV-102180,Benford's Law outlier (over-represented leading digit),4.0,Statistical Outlier
TXN-003661,2025-05-12,14:24,Monday,Sales,Vendor_036,Supplies,73.45,20000,Approver_10,INV-102181,Benford's Law outlier (over-represented leading digit),7.0,Statistical Outlier
TXN-004671,2025-05-12,16:08,Monday,Marketing,Vendor_047,Software,45.01,25000,Approver_13,INV-102182,Benford's Law outlier (over-represented leading digit),4.0,Statistical Outlier
TXN-005491,2025-05-12,11:34,Monday,Marketing,Vendor_039,Software,711.93,25000,Approver_05,INV-102185,Benford's Law outlier (over-represented leading digit),7.0,Statistical Outlier
TXN-001665,2025-05-12,10:07,Monday,Marketing,Vendor_009,Utilities,79799.95,25000,Approver_08,INV-102187,Benford's Law outlier (over-represented leading digit),7.0,Statistical Outlier
TXN-002366,2025-05-12,18:31,Monday,Procurement,Vendor_005,Equipment,-4504.83,50000,Approver_10,INV-102198,Benford's Law outlier (over-represented leading digit),4.0,Statistical Outlier
TXN-000774,2025-05-12,13:09,Monday,Sales,Vendor_041,Consulting,-4217.82,20000,Approver_03,INV-102202,Benford's Law outlier (over-represented leading digit),4.0,Statistical Outlier
TXN-004494,2025-05-13,09:59,Tuesday,Procurement,Vendor_022,Supplies,7941.41,50000,Approver_13,INV-102213,Benford's Law outlier (over-represented leading digit),7.0,Statistical Outlier
TXN-000621,2025-05-13,08:37,Tuesday,Sales,Vendor_059,Software,73.48,20000,Approver_10,INV-102214,Benford's Law outlier (over-represented leading digit),7.0,Statistical Outlier
TXN-001915,2025-05-13,15:14,Tuesday,Sales,Vendor_028,Utilities,4590.09,20000,Approver_12,INV-102215,Benford's Law outlier (over-represented leading digit),4.0,Statistical Outlier
TXN-001540,2025-05-13,15:44,Tuesday,HR,Vendor_002,Software,441.67,15000,Approver_02,INV-102221,Benford's Law outlier (over-represented leading digit),4.0,Statistical Outlier
TXN-001458,2025-05-13,12:01,Tuesday,HR,Vendor_027,Software,41.04,15000,Approver_08,INV-102226,Benford's Law outlier (over-represented leading digit),4.0,Statistical Outlier
TXN-005538,2025-05-13,11:49,Tuesday,IT,Vendor_001,Utilities,46576.88,40000,Approver_02,INV-102231,Benford's Law outlier (over-represented leading digit),4.0,Statistical Outlier
TXN-004349,2025-05-14,13:51,Wednesday,Sales,Vendor_014,Travel,4963.75,20000,Approver_12,INV-102236,Benford's Law outlier (over-represented leading digit),4.0,Statistical Outlier
TXN-003699,2025-05-14,14:54,Wednesday,HR,Vendor_008,Utilities,-4922.02,15000,Approver_04,INV-102240,Benford's Law outlier (over-represented leading digit),4.0,Statistical Outlier
TXN-004482,2025-05-14,12:08,Wednesday,HR,Vendor_031,Misc,497.12,15000,Approver_09,INV-102242,Benford's Law outlier (over-represented leading digit),4.0,Statistical Outlier
TXN-000520,2025-05-14,15:24,Wednesday,Marketing,Vendor_034,Software,46.7,25000,Approver_15,INV-102244,Benford's Law outlier (over-represented leading digit),4.0,Statistical Outlier
TXN-000242,2025-05-14,15:43,Wednesday,Procurement,Vendor_034,Utilities,79670.22,50000,Approver_09,INV-102246,Benford's Law outlier (over-represented leading digit),7.0,Statistical Outlier
TXN-000308,2025-05-15,17:50,Thursday,Operations,Vendor_045,Utilities,79.17,30000,Approver_09,INV-102250,Benford's Law outlier (over-represented leading digit),7.0,Statistical Outlier
TXN-003385,2025-05-15,18:10,Thursday,Operations,Vendor_043,Consulting,73.03,30000,Approver_06,INV-102252,Benford's Law outlier (over-represented leading digit),7.0,Statistical Outlier
TXN-001700,2025-05-15,12:54,Thursday,Procurement,Vendor_036,Supplies,426.86,50000,Approver_03,INV-102265,Benford's Law outlier (over-represented leading digit),4.0,Statistical Outlier
TXN-002982,2025-05-16,11:45,Friday,Finance,Vendor_058,Travel,743.63,60000,Approver_15,INV-102273,Benford's Law outlier (over-represented leading digit),7.0,Statistical Outlier
TXN-003520,2025-05-16,15:55,Friday,HR,Vendor_018,Supplies,7500.0,15000,Approver_05,INV-102275,Benford's Law outlier (over-represented leading digit),7.0,Statistical Outlier
TXN-002997,2025-05-16,16:23,Friday,Operations,Vendor_004,Utilities,471.97,30000,Approver_12,INV-102286,Benford's Law outlier (over-represented leading digit),4.0,Statistical Outlier
TXN-002281,2025-05-16,17:01,Friday,IT,Vendor_022,Utilities,79.04,40000,Approver_08,INV-102294,Benford's Law outlier (over-represented leading digit),7.0,Statistical Outlier
TXN-003394,2025-05-19,12:43,Monday,Operations,Vendor_024,Consulting,421.76,30000,Approver_13,INV-102310,Benford's Law outlier (over-represented leading digit),4.0,Statistical Outlier
TXN-000902,2025-05-19,09:25,Monday,Marketing,Vendor_031,Consulting,7500.0,25000,Approver_13,INV-102312,Benford's Law outlier (over-represented leading digit),7.0,Statistical Outlier
TXN-000543,2025-05-20,16:31,Tuesday,Procurement,Vendor_018,Utilities,460.64,50000,Approver_10,INV-102317,Benford's Law outlier (over-represented leading digit),4.0,Statistical Outlier
TXN-004506,2025-05-20,08:19,Tuesday,HR,Vendor_010,Misc,474.45,15000,Approver_15,INV-102320,Benford's Law outlier (over-represented leading digit),4.0,Statistical Outlier
TXN-002683,2025-05-20,10:18,Tuesday,Sales,Vendor_021,Misc,7500.0,20000,Approver_07,INV-102326,Benford's Law outlier (over-represented leading digit),7.0,Statistical Outlier
TXN-001650,2025-05-20,09:15,Tuesday,Operations,Vendor_051,Equipment,774.84,30000,Approver_15,INV-102329,Benford's Law outlier (over-represented leading digit),7.0,Statistical Outlier
TXN-001023,2025-05-21,17:58,Wednesday,Finance,Vendor_051,Misc,77.02,60000,Approver_05,INV-102353,Benford's Law outlier (over-represented leading digit),7.0,Statistical Outlier
TXN-001004,2025-05-21,11:03,Wednesday,Marketing,Vendor_012,Travel,4043.15,25000,Approver_14,INV-102354,Benford's Law outlier (over-represented leading digit),4.0,Statistical Outlier
TXN-000172,2025-05-21,12:33,Wednesday,HR,Vendor_047,Software,41.43,15000,Approver_14,INV-102356,Benford's Law outlier (over-represented leading digit),4.0,Statistical Outlier
TXN-004449,2025-05-22,15:42,Thursday,Sales,Vendor_026,Consulting,40448.35,20000,Approver_03,INV-102363,Benford's Law outlier (over-represented leading digit),4.0,Statistical Outlier
TXN-003530,2025-05-22,09:32,Thursday,Sales,Vendor_055,Utilities,46026.05,20000,Approver_14,INV-102365,Benford's Law outlier (over-represented leading digit),4.0,Statistical Outlier
TXN-000392,2025-05-22,09:49,Thursday,Finance,Vendor_020,Utilities,4070.97,60000,Approver_12,INV-102370,Benford's Law outlier (over-represented leading digit),4.0,Statistical Outlier
TXN-005864,2025-05-22,15:02,Thursday,Sales,Vendor_038,Equipment,41254.07,20000,Approver_13,INV-102379,Benford's Law outlier (over-represented leading digit),4.0,Statistical Outlier
TXN-005967,2025-05-23,11:43,Friday,Procurement,Vendor_023,Software,762.19,50000,Approver_03,INV-102387,Benford's Law outlier (over-represented leading digit),7.0,Statistical Outlier
TXN-005032,2025-05-23,12:01,Friday,HR,Vendor_032,Travel,-4704.63,15000,Approver_04,INV-102390,Benford's Law outlier (over-represented leading digit),4.0,Statistical Outlier
TXN-001151,2025-05-26,08:00,Monday,HR,Vendor_053,Equipment,77.38,15000,Approver_11,INV-102405,Benford's Law outlier (over-represented leading digit),7.0,Statistical Outlier
TXN-001953,2025-05-26,13:51,Monday,Finance,Vendor_013,Travel,406.61,60000,Approver_10,INV-102406,Benford's Law outlier (over-represented leading digit),4.0,Statistical Outlier
TXN-003444,2025-05-26,09:47,Monday,Procurement,Vendor_031,Software,780.02,50000,Approver_03,INV-102409,Benford's Law outlier (over-represented leading digit),7.0,Statistical Outlier
TXN-001711,2025-05-26,12:36,Monday,HR,Vendor_041,Misc,7092.61,15000,Approver_10,INV-102423,Benford's Law outlier (over-represented leading digit),7.0,Statistical Outlier
TXN-004009,2025-05-26,14:44,Monday,Marketing,Vendor_042,Software,4703.24,25000,Approver_05,INV-102425,Benford's Law outlier (over-represented leading digit),4.0,Statistical Outlier
TXN-001481,2025-05-26,12:11,Monday,Marketing,Vendor_005,Misc,46.59,25000,Approver_14,INV-102427,Benford's Law outlier (over-represented leading digit),4.0,Statistical Outlier
TXN-000657,2025-05-26,10:39,Monday,Marketing,Vendor_060,Utilities,44.03,25000,Approver_14,INV-102434,Benford's Law outlier (over-represented leading digit),4.0,Statistical Outlier
TXN-003872,2025-05-26,10:06,Monday,Procurement,Vendor_043,Equipment,49032.76,50000,Approver_05,INV-102436,Benford's Law outlier (over-represented leading digit),4.0,Statistical Outlier
TXN-000866,2025-05-27,17:42,Tuesday,Sales,Vendor_033,Software,47656.54,20000,Approver_10,INV-102442,Benford's Law outlier (over-represented leading digit),4.0,Statistical Outlier
TXN-000040,2025-05-27,13:00,Tuesday,Marketing,Vendor_028,Consulting,483.02,25000,Approver_07,INV-102444,Benford's Law outlier (over-represented leading digit),4.0,Statistical Outlier
TXN-001933,2025-05-27,12:41,Tuesday,Procurement,Vendor_006,Software,45570.06,50000,Approver_08,INV-102446,Benford's Law outlier (over-represented leading digit),4.0,Statistical Outlier
TXN-005289,2025-05-27,14:47,Tuesday,Sales,Vendor_007,Travel,796.01,20000,Approver_13,INV-102457,Benford's Law outlier (over-represented leading digit),7.0,Statistical Outlier
TXN-000149,2025-05-27,18:35,Tuesday,Marketing,Vendor_006,Supplies,7444.45,25000,Approver_03,INV-102462,Benford's Law outlier (over-represented leading digit),7.0,Statistical Outlier
TXN-000339,2025-05-28,15:43,Wednesday,IT,Vendor_014,Misc,743.73,40000,Approver_05,INV-102465,Benford's Law outlier (over-represented leading digit),7.0,Statistical Outlier
TXN-005307,2025-05-28,15:54,Wednesday,IT,Vendor_020,Travel,448.94,40000,Approver_13,INV-102469,Benford's Law outlier (over-represented leading digit),4.0,Statistical Outlier
TXN-005527,2025-05-28,15:03,Wednesday,Finance,Vendor_060,Equipment,465.85,60000,Approver_09,INV-102473,Benford's Law outlier (over-represented leading digit),4.0,Statistical Outlier
TXN-003794,2025-05-30,14:43,Friday,Sales,Vendor_052,Software,73186.61,20000,Approver_15,INV-102509,Benford's Law outlier (over-represented leading digit),7.0,Statistical Outlier
TXN-001987,2025-05-30,16:57,Friday,HR,Vendor_057,Software,455.19,15000,Approver_02,INV-102510,Benford's Law outlier (over-represented leading digit),4.0,Statistical Outlier
TXN-001879,2025-05-30,13:16,Friday,Operations,Vendor_017,Misc,726.17,30000,Approver_05,INV-102511,Benford's Law outlier (over-represented leading digit),7.0,Statistical Outlier
TXN-000150,2025-05-30,11:55,Friday,IT,Vendor_054,Misc,44701.87,40000,Approver_03,INV-102513,Benford's Law outlier (over-represented leading digit),4.0,Statistical Outlier
TXN-004097,2025-05-30,15:38,Friday,HR,Vendor_051,Misc,479.7,15000,Approver_13,INV-102516,Benford's Law outlier (over-represented leading digit),4.0,Statistical Outlier
TXN-000208,2025-06-02,12:13,Monday,Sales,Vendor_044,Consulting,410.15,20000,Approver_14,INV-102528,Benford's Law outlier (over-represented leading digit),4.0,Statistical Outlier
TXN-003051,2025-06-02,15:50,Monday,IT,Vendor_013,Consulting,412.1,40000,Approver_12,INV-102535,Benford's Law outlier (over-represented leading digit),4.0,Statistical Outlier
TXN-004681,2025-06-02,09:48,Monday,Finance,Vendor_044,Equipment,4072.48,60000,Approver_12,INV-102546,Benford's Law outlier (over-represented leading digit),4.0,Statistical Outlier
TXN-005942,2025-06-03,10:08,Tuesday,Marketing,Vendor_004,Travel,770.07,25000,Approver_10,INV-102548,Benford's Law outlier (over-represented leading digit),7.0,Statistical Outlier
TXN-003634,2025-06-03,15:08,Tuesday,HR,Vendor_055,Equipment,40.43,15000,Approver_09,INV-102550,Benford's Law outlier (over-represented leading digit),4.0,Statistical Outlier
TXN-002933,2025-06-04,18:56,Wednesday,Operations,Vendor_010,Misc,751.87,30000,Approver_13,INV-102565,Benford's Law outlier (over-represented leading digit),7.0,Statistical Outlier
TXN-004341,2025-06-04,09:33,Wednesday,Sales,Vendor_057,Misc,-4678.02,20000,Approver_15,INV-102567,Benford's Law outlier (over-represented leading digit),4.0,Statistical Outlier
TXN-005660,2025-06-04,18:24,Wednesday,HR,Vendor_040,Travel,42.88,15000,Approver_01,INV-102573,Benford's Law outlier (over-represented leading digit),4.0,Statistical Outlier
TXN-005238,2025-06-04,11:51,Wednesday,Procurement,Vendor_005,Supplies,707.76,50000,Approver_15,INV-102575,Benford's Law outlier (over-represented leading digit),7.0,Statistical Outlier
TXN-003117,2025-06-04,15:09,Wednesday,Finance,Vendor_043,Supplies,484.68,60000,Approver_08,INV-102576,Benford's Law outlier (over-represented leading digit),4.0,Statistical Outlier
TXN-004146,2025-06-04,18:36,Wednesday,Finance,Vendor_037,Utilities,40271.28,60000,Approver_02,INV-102582,Benford's Law outlier (over-represented leading digit),4.0,Statistical Outlier
TXN-002694,2025-06-04,10:13,Wednesday,Finance,Vendor_021,Travel,75554.21,60000,Approver_10,INV-102573,Benford's Law outlier (over-represented leading digit),7.0,Statistical Outlier
TXN-001918,2025-06-05,11:37,Thursday,HR,Vendor_052,Supplies,776.18,15000,Approver_07,INV-102594,Benford's Law outlier (over-represented leading digit),7.0,Statistical Outlier
TXN-002408,2025-06-05,14:41,Thursday,Sales,Vendor_023,Misc,48.02,20000,Approver_01,INV-102598,Benford's Law outlier (over-represented leading digit),4.0,Statistical Outlier
TXN-005358,2025-06-05,17:52,Thursday,Sales,Vendor_041,Consulting,4356.54,20000,Approver_08,INV-102602,Benford's Law outlier (over-represented leading digit),4.0,Statistical Outlier
TXN-005414,2025-06-05,12:25,Thursday,IT,Vendor_001,Equipment,40.77,40000,Approver_09,INV-102614,Benford's Law outlier (over-represented leading digit),4.0,Statistical Outlier
TXN-002421,2025-06-06,11:03,Friday,Procurement,Vendor_028,Travel,70.7,50000,Approver_12,INV-102621,Benford's Law outlier (over-represented leading digit),7.0,Statistical Outlier
TXN-000522,2025-06-06,16:55,Friday,IT,Vendor_027,Travel,421.68,40000,Approver_13,INV-102622,Benford's Law outlier (over-represented leading digit),4.0,Statistical Outlier
TXN-004905,2025-06-06,12:04,Friday,Operations,Vendor_020,Consulting,4170.96,30000,Approver_14,INV-102629,Benford's Law outlier (over-represented leading digit),4.0,Statistical Outlier
TXN-003198,2025-06-06,15:53,Friday,HR,Vendor_007,Misc,48.91,15000,Approver_04,INV-102631,Benford's Law outlier (over-represented leading digit),4.0,Statistical Outlier
TXN-002358,2025-06-09,08:30,Monday,Sales,Vendor_056,Misc,7254.3,20000,Approver_09,INV-102638,Benford's Law outlier (over-represented leading digit),7.0,Statistical Outlier
TXN-001817,2025-06-09,18:46,Monday,HR,Vendor_057,Equipment,489.93,15000,Approver_12,INV-102639,Benford's Law outlier (over-represented leading digit),4.0,Statistical Outlier
TXN-002228,2025-06-09,14:30,Monday,HR,Vendor_051,Travel,4970.06,15000,Approver_05,INV-102648,Benford's Law outlier (over-represented leading digit),4.0,Statistical Outlier
TXN-005240,2025-06-10,08:36,Tuesday,Marketing,Vendor_037,Software,-4575.76,25000,Approver_06,INV-102660,Benford's Law outlier (over-represented leading digit),4.0,Statistical Outlier
TXN-000867,2025-06-10,09:13,Tuesday,HR,Vendor_004,Utilities,7500.0,15000,Approver_03,INV-102661,Benford's Law outlier (over-represented leading digit),7.0,Statistical Outlier
TXN-002864,2025-06-10,12:29,Tuesday,Operations,Vendor_028,Equipment,73535.64,30000,Approver_03,INV-102663,Benford's Law outlier (over-represented leading digit),7.0,Statistical Outlier
TXN-004864,2025-06-10,09:15,Tuesday,Procurement,Vendor_017,Utilities,7479.37,50000,Approver_05,INV-102670,Benford's Law outlier (over-represented leading digit),7.0,Statistical Outlier
TXN-005884,2025-06-10,16:31,Tuesday,Procurement,Vendor_034,Software,46310.02,50000,Approver_12,INV-102671,Benford's Law outlier (over-represented leading digit),4.0,Statistical Outlier
TXN-003679,2025-06-11,12:29,Wednesday,Sales,Vendor_037,Travel,47.01,20000,Approver_08,INV-102673,Benford's Law outlier (over-represented leading digit),4.0,Statistical Outlier
TXN-000062,2025-06-11,13:02,Wednesday,Marketing,Vendor_059,Travel,711.51,25000,Approver_05,INV-102680,Benford's Law outlier (over-represented leading digit),7.0,Statistical Outlier
TXN-005634,2025-06-11,16:07,Wednesday,Finance,Vendor_051,Supplies,4583.83,60000,Approver_15,INV-102682,Benford's Law outlier (over-represented leading digit),4.0,Statistical Outlier
TXN-001430,2025-06-11,09:37,Wednesday,HR,Vendor_046,Equipment,729.97,15000,Approver_03,INV-102684,Benford's Law outlier (over-represented leading digit),7.0,Statistical Outlier
TXN-002185,2025-06-11,09:54,Wednesday,Sales,Vendor_033,Travel,753.17,20000,Approver_08,INV-102688,Benford's Law outlier (over-represented leading digit),7.0,Statistical Outlier
TXN-004603,2025-06-12,15:34,Thursday,Procurement,Vendor_039,Consulting,48.24,50000,Approver_06,INV-102708,Benford's Law outlier (over-represented leading digit),4.0,Statistical Outlier
TXN-005447,2025-06-12,17:13,Thursday,Procurement,Vendor_050,Utilities,47.68,50000,Approver_04,INV-102714,Benford's Law outlier (over-represented leading digit),4.0,Statistical Outlier
TXN-002628,2025-06-13,13:41,Friday,Operations,Vendor_059,Software,48.93,30000,Approver_06,INV-102719,Benford's Law outlier (over-represented leading digit),4.0,Statistical Outlier
TXN-004534,2025-06-13,15:52,Friday,Finance,Vendor_006,Misc,752.59,60000,Approver_13,INV-102728,Benford's Law outlier (over-represented leading digit),7.0,Statistical Outlier
TXN-003742,2025-06-13,10:02,Friday,HR,Vendor_011,Misc,469.48,15000,Approver_10,INV-102732,Benford's Law outlier (over-represented leading digit),4.0,Statistical Outlier
TXN-002614,2025-06-13,09:09,Friday,Procurement,Vendor_050,Travel,-754.37,50000,Approver_03,INV-102733,Benford's Law outlier (over-represented leading digit),7.0,Statistical Outlier
TXN-004422,2025-06-13,11:03,Friday,IT,Vendor_024,Consulting,4462.66,40000,Approver_09,INV-102736,Benford's Law outlier (over-represented leading digit),4.0,Statistical Outlier
TXN-004181,2025-06-13,12:03,Friday,IT,Vendor_029,Travel,432.57,40000,Approver_04,INV-102738,Benford's Law outlier (over-represented leading digit),4.0,Statistical Outlier
TXN-005058,2025-06-16,16:42,Monday,HR,Vendor_009,Equipment,70.04,15000,Approver_05,INV-102745,Benford's Law outlier (over-represented leading digit),7.0,Statistical Outlier
TXN-004783,2025-06-16,16:44,Monday,Procurement,Vendor_035,Utilities,49668.3,50000,Approver_14,INV-102747,Benford's Law outlier (over-represented leading digit),4.0,Statistical Outlier
TXN-002061,2025-06-16,15:58,Monday,Operations,Vendor_009,Consulting,482.86,30000,Approver_10,INV-102750,Benford's Law outlier (over-represented leading digit),4.0,Statistical Outlier
TXN-003146,2025-06-16,18:53,Monday,Marketing,Vendor_008,Consulting,78.54,25000,Approver_04,INV-102754,Benford's Law outlier (over-represented leading digit),7.0,Statistical Outlier
TXN-003383,2025-06-16,12:37,Monday,Finance,Vendor_032,Travel,45.85,60000,Approver_11,INV-102755,Benford's Law outlier (over-represented leading digit),4.0,Statistical Outlier
TXN-004367,2025-06-17,13:15,Tuesday,Procurement,Vendor_003,Utilities,7038.2,50000,Approver_11,INV-102758,Benford's Law outlier (over-represented leading digit),7.0,Statistical Outlier
TXN-000552,2025-06-17,15:20,Tuesday,Finance,Vendor_042,Software,766.44,60000,Approver_13,INV-102766,Benford's Law outlier (over-represented leading digit),7.0,Statistical Outlier
TXN-004877,2025-06-17,16:53,Tuesday,Sales,Vendor_054,Utilities,40204.79,20000,Approver_14,INV-102768,Benford's Law outlier (over-represented leading digit),4.0,Statistical Outlier
TXN-004808,2025-06-17,16:33,Tuesday,Marketing,Vendor_040,Equipment,7500.0,25000,Approver_12,INV-102774,Benford's Law outlier (over-represented leading digit),7.0,Statistical Outlier
TXN-000675,2025-06-18,10:32,Wednesday,Marketing,Vendor_035,Software,724.34,25000,Approver_09,INV-102779,Benford's Law outlier (over-represented leading digit),7.0,Statistical Outlier
TXN-001394,2025-06-18,09:49,Wednesday,HR,Vendor_031,Software,7160.21,15000,Approver_10,INV-102782,Benford's Law outlier (over-represented leading digit),7.0,Statistical Outlier
TXN-003775,2025-06-18,13:49,Wednesday,Marketing,Vendor_059,Equipment,472.16,25000,Approver_10,INV-102792,Benford's Law outlier (over-represented leading digit),4.0,Statistical Outlier
TXN-002954,2025-06-19,12:11,Thursday,Marketing,Vendor_035,Misc,475.12,25000,Approver_11,INV-102803,Benford's Law outlier (over-represented leading digit),4.0,Statistical Outlier
TXN-003065,2025-06-19,15:25,Thursday,Sales,Vendor_053,Software,40.99,20000,Approver_13,INV-102805,Benford's Law outlier (over-represented leading digit),4.0,Statistical Outlier
TXN-003278,2025-06-20,12:05,Friday,Sales,Vendor_052,Consulting,75291.21,20000,Approver_06,INV-102824,Benford's Law outlier (over-represented leading digit),7.0,Statistical Outlier
TXN-004778,2025-06-20,15:03,Friday,Finance,Vendor_050,Misc,457.45,60000,Approver_05,INV-102822,Benford's Law outlier (over-represented leading digit),4.0,Statistical Outlier
TXN-005373,2025-06-20,15:06,Friday,HR,Vendor_015,Equipment,74.47,15000,Approver_02,INV-102833,Benford's Law outlier (over-represented leading digit),7.0,Statistical Outlier
TXN-000322,2025-06-22,19:28,Sunday,Marketing,Vendor_018,Software,431.96,25000,Approver_04,INV-102845,Benford's Law outlier (over-represented leading digit),4.0,Statistical Outlier
TXN-001628,2025-06-23,15:22,Monday,Marketing,Vendor_048,Supplies,7500.0,25000,Approver_08,INV-102846,Benford's Law outlier (over-represented leading digit),7.0,Statistical Outlier
TXN-005490,2025-06-23,15:25,Monday,HR,Vendor_053,Software,455.87,15000,Approver_10,INV-102854,Benford's Law outlier (over-represented leading digit),4.0,Statistical Outlier
TXN-003655,2025-06-23,11:06,Monday,Sales,Vendor_024,Travel,7500.0,20000,Approver_06,INV-102861,Benford's Law outlier (over-represented leading digit),7.0,Statistical Outlier
TXN-003727,2025-06-23,09:04,Monday,Sales,Vendor_057,Travel,4902.27,20000,Approver_01,INV-102872,Benford's Law outlier (over-represented leading digit),4.0,Statistical Outlier
TXN-000367,2025-06-24,16:32,Tuesday,HR,Vendor_034,Consulting,497.08,15000,Approver_01,INV-102885,Benford's Law outlier (over-represented leading digit),4.0,Statistical Outlier
TXN-000573,2025-06-24,12:33,Tuesday,Marketing,Vendor_024,Equipment,725.77,25000,Approver_02,INV-102887,Benford's Law outlier (over-represented leading digit),7.0,Statistical Outlier
TXN-004465,2025-06-24,16:27,Tuesday,HR,Vendor_032,Travel,45.78,15000,Approver_14,INV-102896,Benford's Law outlier (over-represented leading digit),4.0,Statistical Outlier
TXN-000874,2025-06-25,09:54,Wednesday,Sales,Vendor_055,Consulting,73568.41,20000,Approver_02,INV-102902,Benford's Law outlier (over-represented leading digit),7.0,Statistical Outlier
TXN-005620,2025-06-25,12:45,Wednesday,HR,Vendor_049,Travel,494.3,15000,Approver_09,INV-102905,Benford's Law outlier (over-represented leading digit),4.0,Statistical Outlier
TXN-000403,2025-06-25,14:11,Wednesday,Procurement,Vendor_013,Travel,7281.2,50000,Approver_15,INV-102911,Benford's Law outlier (over-represented leading digit),7.0,Statistical Outlier
TXN-003553,2025-06-25,11:19,Wednesday,HR,Vendor_020,Utilities,44.97,15000,Approver_09,INV-102912,Benford's Law outlier (over-represented leading digit),4.0,Statistical Outlier
TXN-002938,2025-06-26,17:25,Thursday,Procurement,Vendor_011,Travel,48300.48,50000,Approver_10,INV-102923,Benford's Law outlier (over-represented leading digit),4.0,Statistical Outlier
TXN-000555,2025-06-26,11:02,Thursday,Operations,Vendor_054,Misc,705.46,30000,Approver_04,INV-102924,Benford's Law outlier (over-represented leading digit),7.0,Statistical Outlier
TXN-002569,2025-06-26,16:18,Thursday,Finance,Vendor_008,Consulting,49.71,60000,Approver_06,INV-102925,Benford's Law outlier (over-represented leading digit),4.0,Statistical Outlier
TXN-001631,2025-06-26,10:05,Thursday,Sales,Vendor_009,Software,72.52,20000,Approver_04,INV-102927,Benford's Law outlier (over-represented leading digit),7.0,Statistical Outlier
TXN-000263,2025-06-26,15:17,Thursday,Finance,Vendor_019,Misc,462.69,60000,Approver_04,INV-102931,Benford's Law outlier (over-represented leading digit),4.0,Statistical Outlier
TXN-002288,2025-06-26,16:00,Thursday,HR,Vendor_052,Equipment,72.88,15000,Approver_09,INV-102939,Benford's Law outlier (over-represented leading digit),7.0,Statistical Outlier
TXN-004391,2025-06-27,11:22,Friday,Operations,Vendor_037,Software,784.08,30000,Approver_06,INV-102952,Benford's Law outlier (over-represented leading digit),7.0,Statistical Outlier
TXN-003551,2025-06-27,14:59,Friday,Procurement,Vendor_044,Misc,47669.32,50000,Approver_02,INV-102955,Benford's Law outlier (over-represented leading digit),4.0,Statistical Outlier
TXN-002436,2025-06-27,15:49,Friday,Procurement,Vendor_002,Misc,744.11,50000,Approver_06,INV-102967,Benford's Law outlier (over-represented leading digit),7.0,Statistical Outlier
TXN-002048,2025-06-27,09:39,Friday,Procurement,Vendor_037,Equipment,78.69,50000,Approver_08,INV-102971,Benford's Law outlier (over-represented leading digit),7.0,Statistical Outlier
TXN-003253,2025-06-27,12:01,Friday,Sales,Vendor_046,Supplies,75197.44,20000,Approver_13,INV-102973,Benford's Law outlier (over-represented leading digit),7.0,Statistical Outlier
TXN-004714,2025-06-30,17:09,Monday,HR,Vendor_039,Supplies,719.8,15000,Approver_04,INV-102976,Benford's Law outlier (over-represented leading digit),7.0,Statistical Outlier
TXN-003690,2025-06-30,11:15,Monday,IT,Vendor_005,Travel,739.98,40000,Approver_08,INV-102978,Benford's Law outlier (over-represented leading digit),7.0,Statistical Outlier
TXN-002203,2025-06-30,08:03,Monday,Finance,Vendor_015,Equipment,7854.99,60000,Approver_04,INV-102982,Benford's Law outlier (over-represented leading digit),7.0,Statistical Outlier
TXN-005249,2025-07-01,15:20,Tuesday,Procurement,Vendor_004,Consulting,49048.31,50000,Approver_08,INV-102994,Benford's Law outlier (over-represented leading digit),4.0,Statistical Outlier
TXN-005607,2025-07-01,12:31,Tuesday,Marketing,Vendor_001,Utilities,423.65,25000,Approver_11,INV-103004,Benford's Law outlier (over-represented leading digit),4.0,Statistical Outlier
TXN-004593,2025-07-01,12:40,Tuesday,Procurement,Vendor_006,Misc,45710.72,50000,Approver_06,INV-103005,Benford's Law outlier (over-represented leading digit),4.0,Statistical Outlier
TXN-004945,2025-07-01,11:39,Tuesday,Procurement,Vendor_029,Consulting,-4211.47,50000,Approver_14,INV-103013,Benford's Law outlier (over-represented leading digit),4.0,Statistical Outlier
TXN-000921,2025-07-02,16:34,Wednesday,Finance,Vendor_055,Misc,41624.43,60000,Approver_10,INV-103020,Benford's Law outlier (over-represented leading digit),4.0,Statistical Outlier
TXN-005099,2025-07-02,11:01,Wednesday,Sales,Vendor_057,Travel,729.59,20000,Approver_12,INV-103039,Benford's Law outlier (over-represented leading digit),7.0,Statistical Outlier
TXN-002932,2025-07-02,15:26,Wednesday,HR,Vendor_027,Misc,4158.06,15000,Approver_13,INV-103040,Benford's Law outlier (over-represented leading digit),4.0,Statistical Outlier
TXN-005798,2025-07-03,16:51,Thursday,IT,Vendor_014,Software,4241.62,40000,Approver_09,INV-103042,Benford's Law outlier (over-represented leading digit),4.0,Statistical Outlier
TXN-001532,2025-07-03,11:37,Thursday,Procurement,Vendor_060,Consulting,49434.24,50000,Approver_11,INV-103050,Benford's Law outlier (over-represented leading digit),4.0,Statistical Outlier
TXN-003093,2025-07-03,21:46,Thursday,HR,Vendor_015,Travel,492.17,15000,Approver_06,INV-103052,Benford's Law outlier (over-represented leading digit),4.0,Statistical Outlier
TXN-003096,2025-07-04,16:51,Friday,Procurement,Vendor_054,Equipment,46969.39,50000,Approver_14,INV-103063,Benford's Law outlier (over-represented leading digit),4.0,Statistical Outlier
TXN-003743,2025-07-04,14:18,Friday,Marketing,Vendor_006,Utilities,4688.94,25000,Approver_10,INV-103067,Benford's Law outlier (over-represented leading digit),4.0,Statistical Outlier
TXN-002373,2025-07-04,10:21,Friday,Marketing,Vendor_040,Consulting,435.32,25000,Approver_11,INV-103075,Benford's Law outlier (over-represented leading digit),4.0,Statistical Outlier
TXN-000325,2025-07-07,12:54,Monday,HR,Vendor_020,Misc,78083.31,15000,Approver_04,INV-103079,Benford's Law outlier (over-represented leading digit),7.0,Statistical Outlier
TXN-005049,2025-07-07,15:15,Monday,IT,Vendor_014,Utilities,715.2,40000,Approver_02,INV-103086,Benford's Law outlier (over-represented leading digit),7.0,Statistical Outlier
TXN-004670,2025-07-08,14:12,Tuesday,HR,Vendor_026,Misc,703.74,15000,Approver_03,INV-103101,Benford's Law outlier (over-represented leading digit),7.0,Statistical Outlier
TXN-003633,2025-07-08,15:23,Tuesday,Operations,Vendor_002,Consulting,410.2,30000,Approver_06,INV-103104,Benford's Law outlier (over-represented leading digit),4.0,Statistical Outlier
TXN-003188,2025-07-08,14:51,Tuesday,Operations,Vendor_057,Travel,425.82,30000,Approver_13,INV-103108,Benford's Law outlier (over-represented leading digit),4.0,Statistical Outlier
TXN-000521,2025-07-08,10:25,Tuesday,IT,Vendor_020,Utilities,48.16,40000,Approver_11,INV-103122,Benford's Law outlier (over-represented leading digit),4.0,Statistical Outlier
TXN-003192,2025-07-09,10:00,Wednesday,Sales,Vendor_025,Supplies,4129.85,20000,Approver_09,INV-103129,Benford's Law outlier (over-represented leading digit),4.0,Statistical Outlier
TXN-005674,2025-07-09,17:27,Wednesday,Operations,Vendor_005,Equipment,702.06,30000,Approver_13,INV-103137,Benford's Law outlier (over-represented leading digit),7.0,Statistical Outlier
TXN-000497,2025-07-09,12:13,Wednesday,IT,Vendor_027,Misc,470.32,40000,Approver_12,INV-103142,Benford's Law outlier (over-represented leading digit),4.0,Statistical Outlier
TXN-000407,2025-07-10,14:27,Thursday,Finance,Vendor_022,Equipment,71.49,60000,Approver_06,INV-103158,Benford's Law outlier (over-represented leading digit),7.0,Statistical Outlier
TXN-004559,2025-07-11,15:17,Friday,Operations,Vendor_058,Equipment,77.18,30000,Approver_06,INV-103170,Benford's Law outlier (over-represented leading digit),7.0,Statistical Outlier
TXN-001823,2025-07-14,18:07,Monday,HR,Vendor_022,Supplies,70.74,15000,Approver_09,INV-103194,Benford's Law outlier (over-represented leading digit),7.0,Statistical Outlier
TXN-002536,2025-07-14,17:54,Monday,Sales,Vendor_005,Software,740.92,20000,Approver_15,INV-103196,Benford's Law outlier (over-represented leading digit),7.0,Statistical Outlier
TXN-004761,2025-07-14,17:38,Monday,Procurement,Vendor_037,Consulting,791.68,50000,Approver_06,INV-103197,Benford's Law outlier (over-represented leading digit),7.0,Statistical Outlier
TXN-001676,2025-07-14,10:47,Monday,Sales,Vendor_034,Travel,4629.74,20000,Approver_07,INV-103206,Benford's Law outlier (over-represented leading digit),4.0,Statistical Outlier
TXN-001551,2025-07-15,10:14,Tuesday,Finance,Vendor_013,Travel,74.33,60000,Approver_13,INV-103215,Benford's Law outlier (over-represented leading digit),7.0,Statistical Outlier
TXN-003402,2025-07-15,13:44,Tuesday,Sales,Vendor_053,Software,42.83,20000,Approver_06,INV-103224,Benford's Law outlier (over-represented leading digit),4.0,Statistical Outlier
TXN-000610,2025-07-15,22:40,Tuesday,Procurement,Vendor_051,Utilities,4048.78,50000,Approver_06,INV-103226,Benford's Law outlier (over-represented leading digit),4.0,Statistical Outlier
TXN-004034,2025-07-15,08:32,Tuesday,Procurement,Vendor_060,Supplies,437.14,50000,Approver_08,INV-103230,Benford's Law outlier (over-represented leading digit),4.0,Statistical Outlier
TXN-000770,2025-07-15,11:47,Tuesday,HR,Vendor_011,Utilities,489.58,15000,Approver_06,INV-103233,Benford's Law outlier (over-represented leading digit),4.0,Statistical Outlier
TXN-003681,2025-07-16,16:24,Wednesday,Sales,Vendor_054,Misc,44.25,20000,Approver_02,INV-103248,Benford's Law outlier (over-represented leading digit),4.0,Statistical Outlier
TXN-004556,2025-07-16,16:54,Wednesday,Finance,Vendor_050,Equipment,73359.69,60000,Approver_09,INV-103249,Benford's Law outlier (over-represented leading digit),7.0,Statistical Outlier
TXN-002739,2025-07-17,12:43,Thursday,Procurement,Vendor_028,Supplies,405.87,50000,Approver_08,INV-103273,Benford's Law outlier (over-represented leading digit),4.0,Statistical Outlier
TXN-001955,2025-07-17,14:06,Thursday,Procurement,Vendor_025,Supplies,44787.05,50000,Approver_01,INV-103274,Benford's Law outlier (over-represented leading digit),4.0,Statistical Outlier
TXN-005970,2025-07-18,17:25,Friday,HR,Vendor_027,Equipment,-4232.33,15000,Approver_05,INV-103279,Benford's Law outlier (over-represented leading digit),4.0,Statistical Outlier
TXN-002478,2025-07-18,16:50,Friday,Sales,Vendor_033,Consulting,4296.43,20000,Approver_02,INV-103296,Benford's Law outlier (over-represented leading digit),4.0,Statistical Outlier
TXN-003942,2025-07-18,15:47,Friday,Procurement,Vendor_035,Consulting,711.05,50000,Approver_05,INV-103299,Benford's Law outlier (over-represented leading digit),7.0,Statistical Outlier
TXN-002826,2025-07-21,14:10,Monday,Sales,Vendor_055,Equipment,416.74,20000,Approver_01,INV-103299,Benford's Law outlier (over-represented leading digit),4.0,Statistical Outlier
TXN-005820,2025-07-21,14:01,Monday,Sales,Vendor_041,Consulting,40461.06,20000,Approver_04,INV-103315,Benford's Law outlier (over-represented leading digit),4.0,Statistical Outlier
TXN-003116,2025-07-21,12:50,Monday,Sales,Vendor_057,Travel,790.64,20000,Approver_12,INV-103318,Benford's Law outlier (over-represented leading digit),7.0,Statistical Outlier
TXN-001808,2025-07-21,12:32,Monday,Finance,Vendor_032,Travel,471.66,60000,Approver_06,INV-103320,Benford's Law outlier (over-represented leading digit),4.0,Statistical Outlier
TXN-002123,2025-07-22,12:46,Tuesday,Marketing,Vendor_022,Consulting,74.48,25000,Approver_11,INV-103330,Benford's Law outlier (over-represented leading digit),7.0,Statistical Outlier
TXN-005467,2025-07-22,14:46,Tuesday,Procurement,Vendor_039,Supplies,48618.01,50000,Approver_13,INV-103335,Benford's Law outlier (over-represented leading digit),4.0,Statistical Outlier
TXN-000282,2025-07-22,17:50,Tuesday,Sales,Vendor_047,Misc,733.8,20000,Approver_02,INV-103336,Benford's Law outlier (over-represented leading digit),7.0,Statistical Outlier
TXN-003450,2025-07-22,14:17,Tuesday,Operations,Vendor_008,Software,747.37,30000,Approver_08,INV-103338,Benford's Law outlier (over-represented leading digit),7.0,Statistical Outlier
TXN-003790,2025-07-23,16:45,Wednesday,HR,Vendor_028,Equipment,459.42,15000,Approver_06,INV-103367,Benford's Law outlier (over-represented leading digit),4.0,Statistical Outlier
TXN-005529,2025-07-24,17:04,Thursday,HR,Vendor_030,Utilities,-4965.56,15000,Approver_10,INV-103373,Benford's Law outlier (over-represented leading digit),4.0,Statistical Outlier
TXN-002399,2025-07-25,15:01,Friday,HR,Vendor_029,Equipment,43.03,15000,Approver_05,INV-103391,Benford's Law outlier (over-represented leading digit),4.0,Statistical Outlier
TXN-001658,2025-07-25,10:42,Friday,Finance,Vendor_019,Utilities,47.38,60000,Approver_07,INV-103393,Benford's Law outlier (over-represented leading digit),4.0,Statistical Outlier
TXN-000444,2025-07-25,15:45,Friday,Procurement,Vendor_010,Consulting,48143.16,50000,Approver_04,INV-103407,Benford's Law outlier (over-represented leading digit),4.0,Statistical Outlier
TXN-005262,2025-07-25,11:33,Friday,Marketing,Vendor_048,Software,7734.41,25000,Approver_09,INV-103408,Benford's Law outlier (over-represented leading digit),7.0,Statistical Outlier
TXN-003838,2025-07-25,17:26,Friday,Procurement,Vendor_054,Utilities,4742.45,50000,Approver_03,INV-103409,Benford's Law outlier (over-represented leading digit),4.0,Statistical Outlier
TXN-005164,2025-07-26,06:11,Saturday,HR,Vendor_010,Supplies,46.16,15000,Approver_03,INV-103411,Benford's Law outlier (over-represented leading digit),4.0,Statistical Outlier
TXN-000678,2025-07-27,08:09,Sunday,Sales,Vendor_018,Misc,49745.62,20000,Approver_08,INV-103406,Benford's Law outlier (over-represented leading digit),4.0,Statistical Outlier
TXN-000457,2025-07-28,17:27,Monday,HR,Vendor_024,Software,44.88,15000,Approver_07,INV-103416,Benford's Law outlier (over-represented leading digit),4.0,Statistical Outlier
TXN-002317,2025-07-28,08:15,Monday,Procurement,Vendor_033,Supplies,49305.47,50000,Approver_08,INV-103431,Benford's Law outlier (over-represented leading digit),4.0,Statistical Outlier
TXN-003677,2025-07-28,17:14,Monday,Sales,Vendor_058,Equipment,42.72,20000,Approver_13,INV-103435,Benford's Law outlier (over-represented leading digit),4.0,Statistical Outlier
TXN-004580,2025-07-29,15:01,Tuesday,Sales,Vendor_021,Travel,77741.13,20000,Approver_04,INV-103438,Benford's Law outlier (over-represented leading digit),7.0,Statistical Outlier
TXN-002027,2025-07-29,16:32,Tuesday,Marketing,Vendor_023,Software,4468.58,25000,Approver_09,INV-103442,Benford's Law outlier (over-represented leading digit),4.0,Statistical Outlier
TXN-004641,2025-07-29,09:44,Tuesday,Marketing,Vendor_055,Utilities,72.3,25000,Approver_05,INV-103443,Benford's Law outlier (over-represented leading digit),7.0,Statistical Outlier
TXN-004636,2025-07-29,13:27,Tuesday,Sales,Vendor_043,Consulting,730.95,20000,Approver_09,INV-103447,Benford's Law outlier (over-represented leading digit),7.0,Statistical Outlier
TXN-004224,2025-07-29,11:35,Tuesday,Sales,Vendor_014,Travel,40.13,20000,Approver_10,INV-103455,Benford's Law outlier (over-represented leading digit),4.0,Statistical Outlier
TXN-005688,2025-07-29,11:46,Tuesday,IT,Vendor_018,Software,405.68,40000,Approver_04,INV-103457,Benford's Law outlier (over-represented leading digit),4.0,Statistical Outlier
TXN-000726,2025-07-31,11:43,Thursday,Finance,Vendor_018,Equipment,7641.75,60000,Approver_03,INV-103497,Benford's Law outlier (over-represented leading digit),7.0,Statistical Outlier
TXN-002459,2025-08-01,08:01,Friday,Operations,Vendor_060,Software,419.21,30000,Approver_05,INV-103523,Benford's Law outlier (over-represented leading digit),4.0,Statistical Outlier
TXN-005317,2025-08-03,03:10,Sunday,Marketing,Vendor_056,Travel,731.33,25000,Approver_06,INV-103535,Benford's Law outlier (over-represented leading digit),7.0,Statistical Outlier
TXN-005208,2025-08-04,13:46,Monday,Operations,Vendor_017,Equipment,441.07,30000,Approver_07,INV-103545,Benford's Law outlier (over-represented leading digit),4.0,Statistical Outlier
TXN-005543,2025-08-04,12:15,Monday,IT,Vendor_002,Travel,46.96,40000,Approver_10,INV-103554,Benford's Law outlier (over-represented leading digit),4.0,Statistical Outlier
TXN-002648,2025-08-05,16:54,Tuesday,Procurement,Vendor_016,Supplies,425.35,50000,Approver_01,INV-103569,Benford's Law outlier (over-represented leading digit),4.0,Statistical Outlier
TXN-004432,2025-08-05,14:10,Tuesday,Sales,Vendor_013,Supplies,413.36,20000,Approver_14,INV-103575,Benford's Law outlier (over-represented leading digit),4.0,Statistical Outlier
TXN-003036,2025-08-05,10:55,Tuesday,Operations,Vendor_014,Software,-4207.92,30000,Approver_03,INV-103576,Benford's Law outlier (over-represented leading digit),4.0,Statistical Outlier
TXN-003933,2025-08-07,08:38,Thursday,Marketing,Vendor_015,Software,427.2,25000,Approver_08,INV-103614,Benford's Law outlier (over-represented leading digit),4.0,Statistical Outlier
TXN-003563,2025-08-07,12:00,Thursday,Marketing,Vendor_053,Utilities,78.91,25000,Approver_01,INV-103621,Benford's Law outlier (over-represented leading digit),7.0,Statistical Outlier
TXN-005589,2025-08-07,15:14,Thursday,IT,Vendor_011,Consulting,488.28,40000,Approver_15,INV-103622,Benford's Law outlier (over-represented leading digit),4.0,Statistical Outlier
TXN-003937,2025-08-08,11:43,Friday,HR,Vendor_044,Utilities,468.51,15000,Approver_02,INV-103630,Benford's Law outlier (over-represented leading digit),4.0,Statistical Outlier
TXN-000698,2025-08-08,09:41,Friday,Marketing,Vendor_049,Supplies,4926.22,25000,Approver_04,INV-103632,Benford's Law outlier (over-represented leading digit),4.0,Statistical Outlier
TXN-004952,2025-08-08,18:42,Friday,Finance,Vendor_045,Software,706.42,60000,Approver_04,INV-103636,Benford's Law outlier (over-represented leading digit),7.0,Statistical Outlier
TXN-003352,2025-08-08,10:13,Friday,Finance,Vendor_006,Supplies,713.82,60000,Approver_06,INV-103638,Benford's Law outlier (over-represented leading digit),7.0,Statistical Outlier
TXN-000165,2025-08-08,10:05,Friday,Marketing,Vendor_013,Misc,735.26,25000,Approver_13,INV-103650,Benford's Law outlier (over-represented leading digit),7.0,Statistical Outlier
TXN-000205,2025-08-08,17:07,Friday,Sales,Vendor_036,Utilities,4213.7,20000,,INV-103651,Benford's Law outlier (over-represented leading digit),4.0,Statistical Outlier
TXN-004803,2025-08-11,11:04,Monday,Sales,Vendor_042,Supplies,42.8,20000,Approver_07,INV-103663,Benford's Law outlier (over-represented leading digit),4.0,Statistical Outlier
TXN-001731,2025-08-11,17:48,Monday,Procurement,Vendor_034,Travel,440.85,50000,Approver_09,INV-103671,Benford's Law outlier (over-represented leading digit),4.0,Statistical Outlier
TXN-000133,2025-08-12,16:27,Tuesday,Procurement,Vendor_027,Travel,-4689.28,50000,Approver_04,INV-103688,Benford's Law outlier (over-represented leading digit),4.0,Statistical Outlier
TXN-001420,2025-08-12,16:02,Tuesday,Sales,Vendor_043,Equipment,43.11,20000,Approver_03,INV-103690,Benford's Law outlier (over-represented leading digit),4.0,Statistical Outlier
TXN-002320,2025-08-12,11:32,Tuesday,HR,Vendor_031,Travel,40.45,15000,Approver_13,INV-103691,Benford's Law outlier (over-represented leading digit),4.0,Statistical Outlier
TXN-004259,2025-08-12,08:56,Tuesday,IT,Vendor_016,Misc,710.48,40000,Approver_13,INV-103696,Benford's Law outlier (over-represented leading digit),7.0,Statistical Outlier
TXN-001552,2025-08-12,15:37,Tuesday,Sales,Vendor_048,Supplies,47689.93,20000,Approver_11,INV-103697,Benford's Law outlier (over-represented leading digit),4.0,Statistical Outlier
TXN-002197,2025-08-12,16:56,Tuesday,Sales,Vendor_023,Travel,7754.52,20000,Approver_13,INV-103700,Benford's Law outlier (over-represented leading digit),7.0,Statistical Outlier
TXN-005708,2025-08-13,11:45,Wednesday,Procurement,Vendor_004,Travel,766.25,50000,Approver_07,INV-103703,Benford's Law outlier (over-represented leading digit),7.0,Statistical Outlier
TXN-005946,2025-08-13,15:54,Wednesday,Procurement,Vendor_046,Utilities,48000.93,50000,,INV-103705,Benford's Law outlier (over-represented leading digit),4.0,Statistical Outlier
TXN-003946,2025-08-13,15:29,Wednesday,Operations,Vendor_019,Utilities,755.77,30000,Approver_09,INV-103725,Benford's Law outlier (over-represented leading digit),7.0,Statistical Outlier
TXN-002551,2025-08-13,09:10,Wednesday,Procurement,Vendor_007,Supplies,44.72,50000,Approver_04,INV-103726,Benford's Law outlier (over-represented leading digit),4.0,Statistical Outlier
TXN-005575,2025-08-13,17:43,Wednesday,Sales,Vendor_048,Consulting,401.4,20000,Approver_11,INV-103730,Benford's Law outlier (over-represented leading digit),4.0,Statistical Outlier
TXN-005023,2025-08-14,10:09,Thursday,HR,Vendor_016,Travel,4091.37,15000,Approver_09,INV-103733,Benford's Law outlier (over-represented leading digit),4.0,Statistical Outlier
TXN-003885,2025-08-14,21:15,Thursday,Marketing,Vendor_027,Software,453.97,25000,Approver_02,INV-103739,Benford's Law outlier (over-represented leading digit),4.0,Statistical Outlier
TXN-003121,2025-08-14,15:44,Thursday,HR,Vendor_055,Utilities,7964.64,15000,Approver_15,INV-103743,Benford's Law outlier (over-represented leading digit),7.0,Statistical Outlier
TXN-004440,2025-08-14,15:34,Thursday,Operations,Vendor_007,Software,7333.49,30000,Approver_07,INV-103744,Benford's Law outlier (over-represented leading digit),7.0,Statistical Outlier
TXN-001554,2025-08-14,18:55,Thursday,HR,Vendor_007,Equipment,725.89,15000,Approver_14,INV-103746,Benford's Law outlier (over-represented leading digit),7.0,Statistical Outlier
TXN-004274,2025-08-15,14:00,Friday,IT,Vendor_019,Consulting,4325.99,40000,Approver_05,INV-103753,Benford's Law outlier (over-represented leading digit),4.0,Statistical Outlier
TXN-002307,2025-08-15,15:55,Friday,Operations,Vendor_014,Supplies,73169.7,30000,Approver_03,INV-103755,Benford's Law outlier (over-represented leading digit),7.0,Statistical Outlier
TXN-001881,2025-08-15,08:02,Friday,Operations,Vendor_034,Consulting,73.97,30000,Approver_11,INV-103759,Benford's Law outlier (over-represented leading digit),7.0,Statistical Outlier
TXN-000054,2025-08-15,15:56,Friday,Operations,Vendor_054,Utilities,425.99,30000,Approver_15,INV-103767,Benford's Law outlier (over-represented leading digit),4.0,Statistical Outlier
TXN-004043,2025-08-15,14:50,Friday,Sales,Vendor_051,Travel,42.28,20000,Approver_12,INV-103763,Benford's Law outlier (over-represented leading digit),4.0,Statistical Outlier
TXN-001177,2025-08-16,09:29,Saturday,HR,Vendor_038,Equipment,4986.51,15000,Approver_05,INV-103776,Benford's Law outlier (over-represented leading digit),4.0,Statistical Outlier
TXN-004234,2025-08-18,15:11,Monday,Sales,Vendor_048,Equipment,745.59,20000,Approver_08,INV-103787,Benford's Law outlier (over-represented leading digit),7.0,Statistical Outlier
TXN-005829,2025-08-18,16:24,Monday,Operations,Vendor_048,Supplies,7500.0,30000,Approver_06,INV-103796,Benford's Law outlier (over-represented leading digit),7.0,Statistical Outlier
TXN-005202,2025-08-19,15:29,Tuesday,Procurement,Vendor_013,Misc,45234.61,50000,Approver_02,INV-103808,Benford's Law outlier (over-represented leading digit),4.0,Statistical Outlier
TXN-000010,2025-08-19,15:27,Tuesday,HR,Vendor_024,Equipment,4200.47,15000,Approver_07,INV-103810,Benford's Law outlier (over-represented leading digit),4.0,Statistical Outlier
TXN-000397,2025-08-19,12:11,Tuesday,Operations,Vendor_034,Supplies,7121.11,30000,Approver_03,INV-103817,Benford's Law outlier (over-represented leading digit),7.0,Statistical Outlier
TXN-005793,2025-08-19,18:47,Tuesday,Procurement,Vendor_048,Equipment,4198.01,50000,Approver_05,INV-103818,Benford's Law outlier (over-represented leading digit),4.0,Statistical Outlier
TXN-002894,2025-08-19,08:25,Tuesday,Finance,Vendor_010,Equipment,452.28,60000,Approver_10,INV-103823,Benford's Law outlier (over-represented leading digit),4.0,Statistical Outlier
TXN-005106,2025-08-20,12:11,Wednesday,IT,Vendor_041,Consulting,486.88,40000,Approver_03,INV-103832,Benford's Law outlier (over-represented leading digit),4.0,Statistical Outlier
TXN-003090,2025-08-20,11:16,Wednesday,Sales,Vendor_035,Consulting,45.83,20000,Approver_13,INV-103834,Benford's Law outlier (over-represented leading digit),4.0,Statistical Outlier
TXN-000993,2025-08-20,11:38,Wednesday,Operations,Vendor_041,Supplies,48601.58,30000,Approver_06,INV-103836,Benford's Law outlier (over-represented leading digit),4.0,Statistical Outlier
TXN-004244,2025-08-20,12:23,Wednesday,Finance,Vendor_038,Misc,48.69,60000,Approver_12,INV-103841,Benford's Law outlier (over-represented leading digit),4.0,Statistical Outlier
TXN-005254,2025-08-20,17:12,Wednesday,HR,Vendor_013,Travel,49906.37,15000,Approver_14,INV-103838,Benford's Law outlier (over-represented leading digit),4.0,Statistical Outlier
TXN-001699,2025-08-21,12:01,Thursday,Procurement,Vendor_039,Supplies,45896.0,50000,Approver_03,INV-103856,Benford's Law outlier (over-represented leading digit),4.0,Statistical Outlier
TXN-003054,2025-08-21,17:49,Thursday,Sales,Vendor_050,Consulting,4440.56,20000,Approver_05,INV-103859,Benford's Law outlier (over-represented leading digit),4.0,Statistical Outlier
TXN-000023,2025-08-21,11:47,Thursday,Procurement,Vendor_011,Travel,7183.3,50000,Approver_01,INV-103862,Benford's Law outlier (over-represented leading digit),7.0,Statistical Outlier
TXN-001316,2025-08-21,11:43,Thursday,IT,Vendor_026,Utilities,779.48,40000,Approver_14,INV-103874,Benford's Law outlier (over-represented leading digit),7.0,Statistical Outlier
TXN-002631,2025-08-25,11:54,Monday,Operations,Vendor_006,Utilities,43825.89,30000,Approver_13,INV-103896,Benford's Law outlier (over-represented leading digit),4.0,Statistical Outlier
TXN-005758,2025-08-25,16:15,Monday,Sales,Vendor_048,Travel,448.62,20000,Approver_06,INV-103899,Benford's Law outlier (over-represented leading digit),4.0,Statistical Outlier
TXN-002645,2025-08-26,17:04,Tuesday,IT,Vendor_019,Utilities,736.23,40000,Approver_06,INV-103934,Benford's Law outlier (over-represented leading digit),7.0,Statistical Outlier
TXN-002293,2025-08-26,14:36,Tuesday,Procurement,Vendor_043,Supplies,770.22,50000,Approver_02,INV-103951,Benford's Law outlier (over-represented leading digit),7.0,Statistical Outlier
TXN-003531,2025-08-27,15:31,Wednesday,Operations,Vendor_048,Consulting,49.87,30000,Approver_14,INV-103954,Benford's Law outlier (over-represented leading digit),4.0,Statistical Outlier
TXN-002931,2025-08-27,15:21,Wednesday,Marketing,Vendor_005,Equipment,476.99,25000,Approver_14,INV-103956,Benford's Law outlier (over-represented leading digit),4.0,Statistical Outlier
TXN-003987,2025-08-27,17:42,Wednesday,Finance,Vendor_046,Travel,444.55,60000,Approver_15,INV-103957,Benford's Law outlier (over-represented leading digit),4.0,Statistical Outlier
TXN-002144,2025-08-27,17:33,Wednesday,Procurement,Vendor_052,Consulting,4944.88,50000,Approver_15,INV-103965,Benford's Law outlier (over-represented leading digit),4.0,Statistical Outlier
TXN-003451,2025-08-27,11:12,Wednesday,Operations,Vendor_007,Travel,7601.1,30000,Approver_01,INV-103971,Benford's Law outlier (over-represented leading digit),7.0,Statistical Outlier
TXN-003893,2025-08-28,11:01,Thursday,Finance,Vendor_049,Supplies,4165.92,60000,Approver_04,INV-103974,Benford's Law outlier (over-represented leading digit),4.0,Statistical Outlier
TXN-002125,2025-08-28,18:32,Thursday,Marketing,Vendor_009,Supplies,791.79,25000,Approver_13,INV-103975,Benford's Law outlier (over-represented leading digit),7.0,Statistical Outlier
TXN-003189,2025-08-28,12:12,Thursday,HR,Vendor_058,Consulting,7775.06,15000,Approver_15,INV-103976,Benford's Law outlier (over-represented leading digit),7.0,Statistical Outlier
TXN-001216,2025-08-28,15:36,Thursday,Procurement,Vendor_016,Software,77.4,50000,Approver_15,INV-103978,Benford's Law outlier (over-represented leading digit),7.0,Statistical Outlier
TXN-004561,2025-08-29,11:21,Friday,IT,Vendor_057,Software,7500.0,40000,Approver_14,INV-104003,Benford's Law outlier (over-represented leading digit),7.0,Statistical Outlier
TXN-005863,2025-09-01,11:39,Monday,HR,Vendor_003,Equipment,440.86,15000,Approver_03,INV-104012,Benford's Law outlier (over-represented leading digit),4.0,Statistical Outlier
TXN-000782,2025-09-01,08:11,Monday,IT,Vendor_043,Travel,4377.9,40000,Approver_01,INV-104021,Benford's Law outlier (over-represented leading digit),4.0,Statistical Outlier
TXN-005395,2025-09-01,10:16,Monday,Finance,Vendor_043,Travel,78.65,60000,Approver_15,INV-104022,Benford's Law outlier (over-represented leading digit),7.0,Statistical Outlier
TXN-004586,2025-09-01,14:46,Monday,IT,Vendor_043,Software,42.94,40000,Approver_14,INV-104024,Benford's Law outlier (over-represented leading digit),4.0,Statistical Outlier
TXN-004431,2025-09-01,17:06,Monday,Procurement,Vendor_025,Utilities,7227.84,50000,Approver_01,INV-104038,Benford's Law outlier (over-represented leading digit),7.0,Statistical Outlier
TXN-004069,2025-09-02,21:11,Tuesday,IT,Vendor_008,Software,40.43,40000,Approver_15,INV-104049,Benford's Law outlier (over-represented leading digit),4.0,Statistical Outlier
TXN-000955,2025-09-02,11:38,Tuesday,Finance,Vendor_018,Software,408.66,60000,Approver_07,INV-104064,Benford's Law outlier (over-represented leading digit),4.0,Statistical Outlier
TXN-000425,2025-09-03,10:29,Wednesday,Procurement,Vendor_033,Software,40160.3,50000,Approver_04,INV-104069,Benford's Law outlier (over-represented leading digit),4.0,Statistical Outlier
TXN-000783,2025-09-03,12:58,Wednesday,IT,Vendor_033,Equipment,74245.73,40000,Approver_07,INV-104075,Benford's Law outlier (over-represented leading digit),7.0,Statistical Outlier
TXN-000280,2025-09-03,16:27,Wednesday,HR,Vendor_017,Consulting,47.95,15000,Approver_10,INV-104078,Benford's Law outlier (over-represented leading digit),4.0,Statistical Outlier
TXN-002268,2025-09-03,09:49,Wednesday,HR,Vendor_036,Travel,400.53,15000,Approver_10,INV-104082,Benford's Law outlier (over-represented leading digit),4.0,Statistical Outlier
TXN-002143,2025-09-04,11:36,Thursday,Operations,Vendor_007,Misc,4488.6,30000,Approver_02,INV-104089,Benford's Law outlier (over-represented leading digit),4.0,Statistical Outlier
TXN-005000,2025-09-04,15:58,Thursday,Marketing,Vendor_018,Supplies,780.59,25000,Approver_06,INV-104097,Benford's Law outlier (over-represented leading digit),7.0,Statistical Outlier
TXN-001503,2025-09-04,12:17,Thursday,Marketing,Vendor_058,Software,480.32,25000,Approver_09,INV-104100,Benford's Law outlier (over-represented leading digit),4.0,Statistical Outlier
TXN-001238,2025-09-04,12:42,Thursday,Finance,Vendor_059,Software,46.6,60000,Approver_08,INV-104101,Benford's Law outlier (over-represented leading digit),4.0,Statistical Outlier
TXN-002273,2025-09-04,11:32,Thursday,Operations,Vendor_046,Consulting,4361.59,30000,Approver_03,INV-104104,Benford's Law outlier (over-represented leading digit),4.0,Statistical Outlier
TXN-003972,2025-09-04,11:43,Thursday,Sales,Vendor_060,Supplies,734.84,20000,Approver_01,INV-104108,Benford's Law outlier (over-represented leading digit),7.0,Statistical Outlier
TXN-000526,2025-09-04,11:02,Thursday,Marketing,Vendor_032,Utilities,730.27,25000,Approver_08,INV-104112,Benford's Law outlier (over-represented leading digit),7.0,Statistical Outlier
TXN-005672,2025-09-05,18:25,Friday,Finance,Vendor_036,Equipment,779.66,60000,Approver_06,INV-104119,Benford's Law outlier (over-represented leading digit),7.0,Statistical Outlier
TXN-001612,2025-09-05,11:16,Friday,IT,Vendor_034,Consulting,4330.56,40000,Approver_13,INV-104122,Benford's Law outlier (over-represented leading digit),4.0,Statistical Outlier
TXN-005198,2025-09-05,12:19,Friday,Marketing,Vendor_058,Utilities,7001.83,25000,Approver_12,INV-104126,Benford's Law outlier (over-represented leading digit),7.0,Statistical Outlier
TXN-003244,2025-09-05,15:48,Friday,Procurement,Vendor_012,Utilities,4453.13,50000,Approver_15,INV-104129,Benford's Law outlier (over-represented leading digit),4.0,Statistical Outlier
TXN-004362,2025-09-05,12:03,Friday,Procurement,Vendor_036,Supplies,4905.62,50000,Approver_14,INV-104131,Benford's Law outlier (over-represented leading digit),4.0,Statistical Outlier
TXN-000632,2025-09-05,09:57,Friday,Finance,Vendor_026,Supplies,428.43,60000,Approver_09,INV-104133,Benford's Law outlier (over-represented leading digit),4.0,Statistical Outlier
TXN-000442,2025-09-08,16:08,Monday,IT,Vendor_009,Misc,456.57,40000,Approver_01,INV-104141,Benford's Law outlier (over-represented leading digit),4.0,Statistical Outlier
TXN-002428,2025-09-08,15:46,Monday,Operations,Vendor_058,Equipment,414.05,30000,Approver_12,INV-104142,Benford's Law outlier (over-represented leading digit),4.0,Statistical Outlier
TXN-000221,2025-09-08,16:56,Monday,IT,Vendor_047,Consulting,43910.18,40000,Approver_04,INV-104147,Benford's Law outlier (over-represented leading digit),4.0,Statistical Outlier
TXN-001533,2025-09-08,09:01,Monday,Operations,Vendor_020,Supplies,47005.5,30000,Approver_15,INV-104159,Benford's Law outlier (over-represented leading digit),4.0,Statistical Outlier
TXN-003464,2025-09-09,15:35,Tuesday,Procurement,Vendor_040,Travel,46652.67,50000,Approver_14,INV-104164,Benford's Law outlier (over-represented leading digit),4.0,Statistical Outlier
TXN-002398,2025-09-09,10:10,Tuesday,Operations,Vendor_043,Consulting,75313.54,30000,Approver_07,INV-104168,Benford's Law outlier (over-represented leading digit),7.0,Statistical Outlier
TXN-002379,2025-09-09,10:16,Tuesday,HR,Vendor_020,Equipment,7500.0,15000,Approver_02,INV-104169,Benford's Law outlier (over-represented leading digit),7.0,Statistical Outlier
TXN-005381,2025-09-09,15:37,Tuesday,IT,Vendor_055,Software,718.8,40000,Approver_05,INV-104174,Benford's Law outlier (over-represented leading digit),7.0,Statistical Outlier
TXN-003009,2025-09-09,12:34,Tuesday,Finance,Vendor_023,Equipment,709.48,60000,Approver_15,INV-104175,Benford's Law outlier (over-represented leading digit),7.0,Statistical Outlier
TXN-004767,2025-09-10,10:34,Wednesday,Operations,Vendor_028,Consulting,445.44,30000,Approver_14,INV-104184,Benford's Law outlier (over-represented leading digit),4.0,Statistical Outlier
TXN-004148,2025-09-10,12:48,Wednesday,HR,Vendor_042,Consulting,-4707.02,15000,Approver_05,INV-104206,Benford's Law outlier (over-represented leading digit),4.0,Statistical Outlier
TXN-002220,2025-09-11,16:18,Thursday,Operations,Vendor_009,Equipment,45.1,30000,Approver_15,INV-104216,Benford's Law outlier (over-represented leading digit),4.0,Statistical Outlier
TXN-004413,2025-09-12,12:10,Friday,Operations,Vendor_010,Misc,443.75,30000,Approver_14,INV-104226,Benford's Law outlier (over-represented leading digit),4.0,Statistical Outlier
TXN-001917,2025-09-12,17:50,Friday,HR,Vendor_057,Utilities,726.79,15000,Approver_12,INV-104229,Benford's Law outlier (over-represented leading digit),7.0,Statistical Outlier
TXN-001122,2025-09-12,12:25,Friday,Sales,Vendor_012,Equipment,475.47,20000,Approver_13,INV-104230,Benford's Law outlier (over-represented leading digit),4.0,Statistical Outlier
TXN-004423,2025-09-12,10:05,Friday,Procurement,Vendor_051,Utilities,7339.63,50000,Approver_14,INV-104231,Benford's Law outlier (over-represented leading digit),7.0,Statistical Outlier
TXN-005315,2025-09-12,17:19,Friday,Operations,Vendor_008,Consulting,72.73,30000,Approver_08,INV-104232,Benford's Law outlier (over-represented leading digit),7.0,Statistical Outlier
TXN-001049,2025-09-12,14:20,Friday,Finance,Vendor_048,Software,466.11,60000,Approver_06,INV-104238,Benford's Law outlier (over-represented leading digit),4.0,Statistical Outlier
TXN-000183,2025-09-15,12:34,Monday,Marketing,Vendor_013,Equipment,7500.0,25000,Approver_10,INV-104247,Benford's Law outlier (over-represented leading digit),7.0,Statistical Outlier
TXN-002352,2025-09-15,14:00,Monday,Operations,Vendor_045,Supplies,46399.54,30000,Approver_03,INV-104252,Benford's Law outlier (over-represented leading digit),4.0,Statistical Outlier
TXN-004950,2025-09-15,17:50,Monday,Sales,Vendor_001,Utilities,7087.04,20000,Approver_05,INV-104255,Benford's Law outlier (over-represented leading digit),7.0,Statistical Outlier
TXN-005788,2025-09-15,15:14,Monday,IT,Vendor_013,Utilities,721.67,40000,Approver_02,INV-104257,Benford's Law outlier (over-represented leading digit),7.0,Statistical Outlier
TXN-003557,2025-09-15,14:26,Monday,Finance,Vendor_030,Travel,7777.43,60000,Approver_05,INV-104268,Benford's Law outlier (over-represented leading digit),7.0,Statistical Outlier
TXN-002526,2025-09-16,12:30,Tuesday,IT,Vendor_007,Travel,44.69,40000,Approver_04,INV-104275,Benford's Law outlier (over-represented leading digit),4.0,Statistical Outlier
TXN-005566,2025-09-16,14:13,Tuesday,IT,Vendor_031,Travel,4220.3,40000,Approver_09,INV-104293,Benford's Law outlier (over-represented leading digit),4.0,Statistical Outlier
TXN-002201,2025-09-16,18:10,Tuesday,Marketing,Vendor_018,Utilities,428.05,25000,Approver_10,INV-104294,Benford's Law outlier (over-represented leading digit),4.0,Statistical Outlier
TXN-005280,2025-09-16,11:05,Tuesday,IT,Vendor_047,Software,495.16,40000,Approver_10,INV-104297,Benford's Law outlier (over-represented leading digit),4.0,Statistical Outlier
TXN-001539,2025-09-16,08:30,Tuesday,Procurement,Vendor_043,Supplies,4586.07,50000,Approver_15,INV-104300,Benford's Law outlier (over-represented leading digit),4.0,Statistical Outlier
TXN-002565,2025-09-18,17:43,Thursday,Operations,Vendor_009,Misc,49790.28,30000,Approver_05,INV-104331,Benford's Law outlier (over-represented leading digit),4.0,Statistical Outlier
TXN-003094,2025-09-19,16:25,Friday,Sales,Vendor_050,Misc,4545.5,20000,Approver_13,INV-104352,Benford's Law outlier (over-represented leading digit),4.0,Statistical Outlier
TXN-001920,2025-09-19,17:54,Friday,Marketing,Vendor_010,Software,7341.32,25000,Approver_05,INV-104353,Benford's Law outlier (over-represented leading digit),7.0,Statistical Outlier
TXN-002296,2025-09-19,15:44,Friday,HR,Vendor_006,Equipment,71894.19,15000,Approver_11,INV-104354,Benford's Law outlier (over-represented leading digit),7.0,Statistical Outlier
TXN-000615,2025-09-19,15:39,Friday,IT,Vendor_052,Software,43.21,40000,Approver_13,INV-104357,Benford's Law outlier (over-represented leading digit),4.0,Statistical Outlier
TXN-004451,2025-09-22,08:08,Monday,Operations,Vendor_012,Supplies,73.21,30000,Approver_03,INV-104370,Benford's Law outlier (over-represented leading digit),7.0,Statistical Outlier
TXN-000169,2025-09-22,12:25,Monday,Finance,Vendor_012,Equipment,70334.33,60000,Approver_13,INV-104372,Benford's Law outlier (over-represented leading digit),7.0,Statistical Outlier
TXN-005451,2025-09-22,11:39,Monday,Procurement,Vendor_047,Supplies,791.72,50000,Approver_01,INV-104373,Benford's Law outlier (over-represented leading digit),7.0,Statistical Outlier
TXN-003769,2025-09-22,08:48,Monday,Procurement,Vendor_048,Misc,701.45,50000,Approver_13,INV-104374,Benford's Law outlier (over-represented leading digit),7.0,Statistical Outlier
TXN-005856,2025-09-22,17:59,Monday,HR,Vendor_029,Supplies,738.77,15000,Approver_12,INV-104377,Benford's Law outlier (over-represented leading digit),7.0,Statistical Outlier
TXN-001897,2025-09-23,11:54,Tuesday,Sales,Vendor_036,Software,79.83,20000,Approver_11,INV-104387,Benford's Law outlier (over-represented leading digit),7.0,Statistical Outlier
TXN-005783,2025-09-23,11:56,Tuesday,Sales,Vendor_049,Consulting,403.35,20000,Approver_01,INV-104395,Benford's Law outlier (over-represented leading digit),4.0,Statistical Outlier
TXN-003085,2025-09-23,12:24,Tuesday,IT,Vendor_043,Equipment,4534.18,40000,Approver_03,INV-104398,Benford's Law outlier (over-represented leading digit),4.0,Statistical Outlier
TXN-002127,2025-09-23,11:10,Tuesday,Procurement,Vendor_051,Equipment,76232.88,50000,,INV-104407,Benford's Law outlier (over-represented leading digit),7.0,Statistical Outlier
TXN-003055,2025-09-23,15:07,Tuesday,IT,Vendor_054,Utilities,46707.98,40000,Approver_12,INV-104408,Benford's Law outlier (over-represented leading digit),4.0,Statistical Outlier
TXN-004205,2025-09-24,16:43,Wednesday,Sales,Vendor_017,Travel,47.22,20000,Approver_10,INV-104416,Benford's Law outlier (over-represented leading digit),4.0,Statistical Outlier
TXN-004969,2025-09-24,12:28,Wednesday,Marketing,Vendor_059,Utilities,4257.69,25000,Approver_04,INV-104417,Benford's Law outlier (over-represented leading digit),4.0,Statistical Outlier
TXN-001591,2025-09-24,14:07,Wednesday,Finance,Vendor_048,Supplies,7852.95,60000,Approver_02,INV-104421,Benford's Law outlier (over-represented leading digit),7.0,Statistical Outlier
TXN-001163,2025-09-24,15:10,Wednesday,Sales,Vendor_017,Software,475.54,20000,Approver_03,INV-104423,Benford's Law outlier (over-represented leading digit),4.0,Statistical Outlier
TXN-004028,2025-09-24,18:41,Wednesday,IT,Vendor_028,Utilities,452.7,40000,Approver_14,INV-104429,Benford's Law outlier (over-represented leading digit),4.0,Statistical Outlier
TXN-003979,2025-09-25,10:35,Thursday,Procurement,Vendor_053,Supplies,49460.88,50000,Approver_09,INV-104439,Benford's Law outlier (over-represented leading digit),4.0,Statistical Outlier
TXN-001006,2025-09-25,12:18,Thursday,HR,Vendor_038,Consulting,72.8,15000,Approver_09,INV-104441,Benford's Law outlier (over-represented leading digit),7.0,Statistical Outlier
TXN-001580,2025-09-25,17:57,Thursday,Marketing,Vendor_054,Misc,44.87,25000,Approver_10,INV-104443,Benford's Law outlier (over-represented leading digit),4.0,Statistical Outlier
TXN-003704,2025-09-25,11:08,Thursday,HR,Vendor_035,Consulting,47.68,15000,Approver_08,INV-104449,Benford's Law outlier (over-represented leading digit),4.0,Statistical Outlier
TXN-000253,2025-09-25,14:45,Thursday,Finance,Vendor_033,Equipment,7500.0,60000,Approver_05,INV-104452,Benford's Law outlier (over-represented leading digit),7.0,Statistical Outlier
TXN-003719,2025-09-25,17:26,Thursday,Procurement,Vendor_016,Utilities,412.0,50000,Approver_07,INV-104454,Benford's Law outlier (over-represented leading digit),4.0,Statistical Outlier
TXN-001615,2025-09-26,15:07,Friday,Sales,Vendor_037,Travel,4332.32,20000,Approver_15,INV-104460,Benford's Law outlier (over-represented leading digit),4.0,Statistical Outlier
TXN-003126,2025-09-26,16:21,Friday,Marketing,Vendor_041,Software,-721.3,25000,Approver_04,INV-104462,Benford's Law outlier (over-represented leading digit),7.0,Statistical Outlier
TXN-000900,2025-09-26,16:34,Friday,Operations,Vendor_012,Consulting,456.84,30000,Approver_14,INV-104471,Benford's Law outlier (over-represented leading digit),4.0,Statistical Outlier
TXN-001822,2025-09-26,09:45,Friday,Procurement,Vendor_014,Consulting,48.51,50000,Approver_10,INV-104475,Benford's Law outlier (over-represented leading digit),4.0,Statistical Outlier
TXN-000207,2025-09-26,14:30,Friday,Finance,Vendor_040,Supplies,413.52,60000,Approver_10,INV-104477,Benford's Law outlier (over-represented leading digit),4.0,Statistical Outlier
TXN-003573,2025-09-26,10:46,Friday,HR,Vendor_017,Equipment,764.65,15000,Approver_13,INV-104478,Benford's Law outlier (over-represented leading digit),7.0,Statistical Outlier
TXN-000125,2025-09-26,11:46,Friday,IT,Vendor_003,Consulting,78.51,40000,Approver_11,INV-104479,Benford's Law outlier (over-represented leading digit),7.0,Statistical Outlier
TXN-001573,2025-09-29,10:01,Monday,Marketing,Vendor_036,Travel,41332.51,25000,Approver_11,INV-104489,Benford's Law outlier (over-represented leading digit),4.0,Statistical Outlier
TXN-001015,2025-09-29,09:52,Monday,Operations,Vendor_012,Equipment,-4663.12,30000,Approver_05,INV-104499,Benford's Law outlier (over-represented leading digit),4.0,Statistical Outlier
TXN-005922,2025-09-29,12:08,Monday,Finance,Vendor_035,Travel,762.29,60000,Approver_10,INV-104500,Benford's Law outlier (over-represented leading digit),7.0,Statistical Outlier
TXN-005221,2025-09-29,09:43,Monday,Operations,Vendor_019,Equipment,740.67,30000,Approver_10,INV-104501,Benford's Law outlier (over-represented leading digit),7.0,Statistical Outlier
TXN-001654,2025-09-29,14:21,Monday,HR,Vendor_020,Misc,792.66,15000,Approver_14,INV-104507,Benford's Law outlier (over-represented leading digit),7.0,Statistical Outlier
TXN-004109,2025-09-30,09:48,Tuesday,IT,Vendor_035,Consulting,7500.0,40000,Approver_12,INV-104513,Benford's Law outlier (over-represented leading digit),7.0,Statistical Outlier
TXN-001712,2025-09-30,15:28,Tuesday,Finance,Vendor_002,Equipment,48018.33,60000,Approver_14,INV-104514,Benford's Law outlier (over-represented leading digit),4.0,Statistical Outlier
TXN-003303,2025-09-30,11:02,Tuesday,IT,Vendor_022,Equipment,4614.16,40000,Approver_03,INV-104515,Benford's Law outlier (over-represented leading digit),4.0,Statistical Outlier
TXN-004081,2025-09-30,11:08,Tuesday,Finance,Vendor_052,Travel,495.23,60000,Approver_04,INV-104523,Benford's Law outlier (over-represented leading digit),4.0,Statistical Outlier
TXN-003258,2025-09-30,11:23,Tuesday,Sales,Vendor_048,Supplies,77.45,20000,Approver_10,INV-104524,Benford's Law outlier (over-represented leading digit),7.0,Statistical Outlier
TXN-003455,2025-09-30,12:02,Tuesday,Marketing,Vendor_032,Consulting,47486.69,25000,Approver_02,INV-104525,Benford's Law outlier (over-represented leading digit),4.0,Statistical Outlier
TXN-005525,2025-10-01,16:53,Wednesday,IT,Vendor_056,Utilities,77.5,40000,Approver_02,INV-104536,Benford's Law outlier (over-represented leading digit),7.0,Statistical Outlier
TXN-000775,2025-10-01,16:13,Wednesday,HR,Vendor_018,Utilities,787.47,15000,Approver_10,INV-104541,Benford's Law outlier (over-represented leading digit),7.0,Statistical Outlier
TXN-001285,2025-10-01,08:57,Wednesday,Marketing,Vendor_002,Consulting,7500.0,25000,Approver_14,INV-104543,Benford's Law outlier (over-represented leading digit),7.0,Statistical Outlier
TXN-005425,2025-10-01,12:24,Wednesday,Sales,Vendor_041,Equipment,722.57,20000,Approver_09,INV-104547,Benford's Law outlier (over-represented leading digit),7.0,Statistical Outlier
TXN-005037,2025-10-02,17:33,Thursday,Sales,Vendor_022,Misc,4006.97,20000,Approver_09,INV-104567,Benford's Law outlier (over-represented leading digit),4.0,Statistical Outlier
TXN-005816,2025-10-02,14:04,Thursday,Operations,Vendor_016,Misc,4244.58,30000,Approver_02,INV-104569,Benford's Law outlier (over-represented leading digit),4.0,Statistical Outlier
TXN-000250,2025-10-02,16:19,Thursday,Marketing,Vendor_060,Consulting,41816.19,25000,Approver_12,INV-104575,Benford's Law outlier (over-represented leading digit),4.0,Statistical Outlier
TXN-002470,2025-10-03,16:52,Friday,Sales,Vendor_039,Supplies,-482.43,20000,Approver_09,INV-104578,Benford's Law outlier (over-represented leading digit),4.0,Statistical Outlier
TXN-003969,2025-10-03,10:53,Friday,Procurement,Vendor_049,Utilities,4551.24,50000,Approver_14,INV-104584,Benford's Law outlier (over-represented leading digit),4.0,Statistical Outlier
TXN-005924,2025-10-03,11:19,Friday,Procurement,Vendor_022,Misc,753.97,50000,Approver_08,INV-104597,Benford's Law outlier (over-represented leading digit),7.0,Statistical Outlier
TXN-005241,2025-10-03,09:51,Friday,Finance,Vendor_008,Travel,7122.81,60000,Approver_14,INV-104599,Benford's Law outlier (over-represented leading digit),7.0,Statistical Outlier
TXN-003721,2025-10-06,12:55,Monday,Finance,Vendor_057,Misc,4900.55,60000,Approver_04,INV-104602,Benford's Law outlier (over-represented leading digit),4.0,Statistical Outlier
TXN-002166,2025-10-06,18:09,Monday,HR,Vendor_035,Equipment,4428.54,15000,Approver_10,INV-104609,Benford's Law outlier (over-represented leading digit),4.0,Statistical Outlier
TXN-003796,2025-10-06,18:30,Monday,Procurement,Vendor_004,Software,74986.37,50000,Approver_14,INV-104613,Benford's Law outlier (over-represented leading digit),7.0,Statistical Outlier
TXN-004477,2025-10-06,14:47,Monday,Marketing,Vendor_048,Misc,704.29,25000,Approver_06,INV-104614,Benford's Law outlier (over-represented leading digit),7.0,Statistical Outlier
TXN-004397,2025-10-07,11:40,Tuesday,IT,Vendor_039,Software,7500.0,40000,Approver_02,INV-104620,Benford's Law outlier (over-represented leading digit),7.0,Statistical Outlier
TXN-004196,2025-10-07,12:22,Tuesday,Finance,Vendor_034,Misc,73.33,60000,Approver_15,INV-104625,Benford's Law outlier (over-represented leading digit),7.0,Statistical Outlier
TXN-002245,2025-10-08,17:38,Wednesday,Finance,Vendor_001,Consulting,425.24,60000,Approver_12,INV-104635,Benford's Law outlier (over-represented leading digit),4.0,Statistical Outlier
TXN-002479,2025-10-09,10:41,Thursday,Sales,Vendor_040,Software,770.88,20000,Approver_05,INV-104645,Benford's Law outlier (over-represented leading digit),7.0,Statistical Outlier
TXN-000154,2025-10-09,15:47,Thursday,Procurement,Vendor_005,Utilities,429.08,50000,Approver_02,INV-104655,Benford's Law outlier (over-represented leading digit),4.0,Statistical Outlier
TXN-003765,2025-10-09,09:51,Thursday,Procurement,Vendor_060,Utilities,7241.58,50000,Approver_06,INV-104656,Benford's Law outlier (over-represented leading digit),7.0,Statistical Outlier
TXN-001005,2025-10-09,12:54,Thursday,Finance,Vendor_017,Travel,7455.26,60000,Approver_08,INV-104672,Benford's Law outlier (over-represented leading digit),7.0,Statistical Outlier
TXN-001786,2025-10-10,11:47,Friday,Procurement,Vendor_044,Consulting,73.79,50000,Approver_06,INV-104678,Benford's Law outlier (over-represented leading digit),7.0,Statistical Outlier
TXN-003421,2025-10-10,10:11,Friday,Operations,Vendor_020,Equipment,781.82,30000,Approver_14,INV-104692,Benford's Law outlier (over-represented leading digit),7.0,Statistical Outlier
TXN-002223,2025-10-10,15:54,Friday,Sales,Vendor_038,Equipment,484.03,20000,Approver_10,INV-104700,Benford's Law outlier (over-represented leading digit),4.0,Statistical Outlier
TXN-001873,2025-10-11,15:34,Saturday,Finance,Vendor_045,Consulting,40.29,60000,Approver_04,INV-104702,Benford's Law outlier (over-represented leading digit),4.0,Statistical Outlier
TXN-002676,2025-10-13,17:09,Monday,HR,Vendor_008,Equipment,49630.09,15000,Approver_07,INV-104711,Benford's Law outlier (over-represented leading digit),4.0,Statistical Outlier
TXN-004845,2025-10-13,15:26,Monday,Sales,Vendor_049,Misc,7902.98,20000,Approver_08,INV-104712,Benford's Law outlier (over-represented leading digit),7.0,Statistical Outlier
TXN-003256,2025-10-13,11:29,Monday,Procurement,Vendor_034,Software,442.92,50000,Approver_07,INV-104718,Benford's Law outlier (over-represented leading digit),4.0,Statistical Outlier
TXN-000082,2025-10-13,16:36,Monday,Operations,Vendor_042,Travel,4625.91,30000,Approver_04,INV-104720,Benford's Law outlier (over-represented leading digit),4.0,Statistical Outlier
TXN-002109,2025-10-13,18:18,Monday,Procurement,Vendor_017,Consulting,7748.64,50000,Approver_11,INV-104725,Benford's Law outlier (over-represented leading digit),7.0,Statistical Outlier
TXN-001127,2025-10-14,15:18,Tuesday,HR,Vendor_054,Consulting,401.17,15000,Approver_07,INV-104737,Benford's Law outlier (over-represented leading digit),4.0,Statistical Outlier
TXN-002900,2025-10-15,18:34,Wednesday,Operations,Vendor_059,Travel,41.42,30000,Approver_13,INV-104743,Benford's Law outlier (over-represented leading digit),4.0,Statistical Outlier
TXN-004922,2025-10-15,14:48,Wednesday,IT,Vendor_038,Software,70.12,40000,Approver_12,INV-104744,Benford's Law outlier (over-represented leading digit),7.0,Statistical Outlier
TXN-003237,2025-10-15,12:31,Wednesday,Procurement,Vendor_011,Misc,74.36,50000,Approver_04,INV-104749,Benford's Law outlier (over-represented leading digit),7.0,Statistical Outlier
TXN-004248,2025-10-15,12:06,Wednesday,Sales,Vendor_018,Software,73.5,20000,Approver_10,INV-104757,Benford's Law outlier (over-represented leading digit),7.0,Statistical Outlier
TXN-001002,2025-10-16,17:14,Thursday,Procurement,Vendor_004,Software,4894.42,50000,Approver_12,INV-104764,Benford's Law outlier (over-represented leading digit),4.0,Statistical Outlier
TXN-002140,2025-10-16,12:23,Thursday,Operations,Vendor_021,Utilities,76.13,30000,Approver_08,INV-104770,Benford's Law outlier (over-represented leading digit),7.0,Statistical Outlier
TXN-005257,2025-10-16,16:34,Thursday,Procurement,Vendor_003,Consulting,7764.76,50000,Approver_09,INV-104771,Benford's Law outlier (over-represented leading digit),7.0,Statistical Outlier
TXN-004891,2025-10-16,16:10,Thursday,Procurement,Vendor_032,Utilities,7307.77,50000,Approver_08,INV-104774,Benford's Law outlier (over-represented leading digit),7.0,Statistical Outlier
TXN-000819,2025-10-16,14:25,Thursday,Sales,Vendor_049,Travel,76.03,20000,Approver_09,INV-104780,Benford's Law outlier (over-represented leading digit),7.0,Statistical Outlier
TXN-004954,2025-10-17,16:37,Friday,Finance,Vendor_050,Equipment,411.57,60000,Approver_08,INV-104788,Benford's Law outlier (over-represented leading digit),4.0,Statistical Outlier
TXN-001182,2025-10-17,12:46,Friday,Sales,Vendor_017,Utilities,4815.54,20000,Approver_06,INV-104791,Benford's Law outlier (over-represented leading digit),4.0,Statistical Outlier
TXN-004851,2025-10-17,14:59,Friday,Sales,Vendor_005,Travel,49.81,20000,Approver_13,INV-104794,Benford's Law outlier (over-represented leading digit),4.0,Statistical Outlier
TXN-001132,2025-10-17,08:15,Friday,Sales,Vendor_049,Consulting,78126.06,20000,Approver_06,INV-104795,Benford's Law outlier (over-represented leading digit),7.0,Statistical Outlier
TXN-004507,2025-10-20,16:02,Monday,Marketing,Vendor_015,Travel,7500.0,25000,Approver_03,INV-104823,Benford's Law outlier (over-represented leading digit),7.0,Statistical Outlier
TXN-002583,2025-10-21,10:49,Tuesday,Finance,Vendor_012,Misc,7500.0,60000,Approver_09,INV-104841,Benford's Law outlier (over-represented leading digit),7.0,Statistical Outlier
TXN-004929,2025-10-21,10:48,Tuesday,Finance,Vendor_022,Travel,7136.67,60000,Approver_08,INV-104842,Benford's Law outlier (over-represented leading digit),7.0,Statistical Outlier
TXN-000284,2025-10-21,11:04,Tuesday,Sales,Vendor_029,Utilities,423.25,20000,Approver_02,INV-104843,Benford's Law outlier (over-represented leading digit),4.0,Statistical Outlier
TXN-002146,2025-10-22,10:36,Wednesday,HR,Vendor_046,Supplies,42.66,15000,,INV-104852,Benford's Law outlier (over-represented leading digit),4.0,Statistical Outlier
TXN-001084,2025-10-22,16:53,Wednesday,Operations,Vendor_052,Supplies,45.05,30000,Approver_02,INV-104856,Benford's Law outlier (over-represented leading digit),4.0,Statistical Outlier
TXN-003960,2025-10-22,15:21,Wednesday,Marketing,Vendor_037,Consulting,715.44,25000,Approver_07,INV-104858,Benford's Law outlier (over-represented leading digit),7.0,Statistical Outlier
TXN-000356,2025-10-22,11:27,Wednesday,Procurement,Vendor_043,Consulting,48740.02,50000,Approver_02,INV-104866,Benford's Law outlier (over-represented leading digit),4.0,Statistical Outlier
TXN-002556,2025-10-23,13:43,Thursday,Finance,Vendor_035,Equipment,464.59,60000,Approver_04,INV-104878,Benford's Law outlier (over-represented leading digit),4.0,Statistical Outlier
TXN-005145,2025-10-23,17:21,Thursday,Sales,Vendor_039,Utilities,70418.24,20000,Approver_02,INV-104881,Benford's Law outlier (over-represented leading digit),7.0,Statistical Outlier
TXN-002262,2025-10-23,10:40,Thursday,Marketing,Vendor_059,Travel,448.22,25000,Approver_12,INV-104888,Benford's Law outlier (over-represented leading digit),4.0,Statistical Outlier
TXN-003748,2025-10-24,15:46,Friday,IT,Vendor_013,Misc,7156.69,40000,Approver_11,INV-104903,Benford's Law outlier (over-represented leading digit),7.0,Statistical Outlier
TXN-002274,2025-10-27,10:10,Monday,HR,Vendor_051,Equipment,495.93,15000,Approver_08,INV-104917,Benford's Law outlier (over-represented leading digit),4.0,Statistical Outlier
TXN-003391,2025-10-27,18:43,Monday,IT,Vendor_021,Utilities,464.92,40000,Approver_08,INV-104921,Benford's Law outlier (over-represented leading digit),4.0,Statistical Outlier
TXN-005457,2025-10-27,18:49,Monday,Finance,Vendor_042,Travel,45.46,60000,Approver_09,INV-104927,Benford's Law outlier (over-represented leading digit),4.0,Statistical Outlier
TXN-003273,2025-10-27,08:55,Monday,HR,Vendor_054,Misc,482.33,15000,Approver_01,INV-104932,Benford's Law outlier (over-represented leading digit),4.0,Statistical Outlier
TXN-004329,2025-10-27,18:58,Monday,Operations,Vendor_045,Utilities,411.25,30000,Approver_09,INV-104941,Benford's Law outlier (over-represented leading digit),4.0,Statistical Outlier
TXN-002899,2025-10-28,10:18,Tuesday,HR,Vendor_021,Consulting,45.22,15000,Approver_11,INV-104944,Benford's Law outlier (over-represented leading digit),4.0,Statistical Outlier
TXN-002705,2025-10-28,14:57,Tuesday,Marketing,Vendor_012,Consulting,410.83,25000,Approver_01,INV-104959,Benford's Law outlier (over-represented leading digit),4.0,Statistical Outlier
TXN-000069,2025-10-28,01:25,Tuesday,Marketing,Vendor_001,Travel,4245.22,25000,Approver_01,INV-104962,Benford's Law outlier (over-represented leading digit),4.0,Statistical Outlier
TXN-005987,2025-10-28,16:03,Tuesday,Operations,Vendor_051,Travel,496.18,30000,Approver_07,INV-104964,Benford's Law outlier (over-represented leading digit),4.0,Statistical Outlier
TXN-003583,2025-10-28,11:56,Tuesday,Finance,Vendor_001,Equipment,471.12,60000,Approver_11,INV-104967,Benford's Law outlier (over-represented leading digit),4.0,Statistical Outlier
TXN-001273,2025-10-29,18:37,Wednesday,IT,Vendor_052,Utilities,7500.0,40000,Approver_02,INV-104973,Benford's Law outlier (over-represented leading digit),7.0,Statistical Outlier
TXN-000122,2025-10-29,15:12,Wednesday,Sales,Vendor_053,Consulting,7500.0,20000,Approver_13,INV-104978,Benford's Law outlier (over-represented leading digit),7.0,Statistical Outlier
TXN-004790,2025-10-29,17:12,Wednesday,HR,Vendor_049,Software,-4944.91,15000,Approver_01,INV-104982,Benford's Law outlier (over-represented leading digit),4.0,Statistical Outlier
TXN-001344,2025-10-29,17:20,Wednesday,Sales,Vendor_027,Equipment,7654.07,20000,Approver_02,INV-104988,Benford's Law outlier (over-represented leading digit),7.0,Statistical Outlier
TXN-001137,2025-10-30,16:44,Thursday,IT,Vendor_039,Software,4321.09,40000,Approver_06,INV-104991,Benford's Law outlier (over-represented leading digit),4.0,Statistical Outlier
TXN-002007,2025-10-30,11:16,Thursday,Procurement,Vendor_059,Travel,46683.69,50000,Approver_13,INV-104993,Benford's Law outlier (over-represented leading digit),4.0,Statistical Outlier
TXN-002622,2025-10-30,17:51,Thursday,Operations,Vendor_040,Software,797.74,30000,Approver_12,INV-104994,Benford's Law outlier (over-represented leading digit),7.0,Statistical Outlier
TXN-004900,2025-10-30,16:25,Thursday,Operations,Vendor_017,Equipment,49.53,30000,Approver_11,INV-104995,Benford's Law outlier (over-represented leading digit),4.0,Statistical Outlier
TXN-003011,2025-10-30,14:19,Thursday,Finance,Vendor_031,Misc,475.89,60000,Approver_14,INV-104997,Benford's Law outlier (over-represented leading digit),4.0,Statistical Outlier
TXN-005115,2025-10-30,15:03,Thursday,Procurement,Vendor_020,Travel,77350.6,50000,Approver_07,INV-105000,Benford's Law outlier (over-represented leading digit),7.0,Statistical Outlier
TXN-000433,2025-10-30,13:19,Thursday,Marketing,Vendor_014,Utilities,45.1,25000,Approver_04,INV-105002,Benford's Law outlier (over-represented leading digit),4.0,Statistical Outlier
TXN-001747,2025-10-30,16:25,Thursday,Sales,Vendor_053,Supplies,4264.65,20000,Approver_07,INV-105004,Benford's Law outlier (over-represented leading digit),4.0,Statistical Outlier
TXN-004511,2025-10-30,13:10,Thursday,Finance,Vendor_048,Travel,42.03,60000,Approver_07,INV-105007,Benford's Law outlier (over-represented leading digit),4.0,Statistical Outlier
TXN-005646,2025-10-31,13:33,Friday,Procurement,Vendor_045,Travel,72.74,50000,Approver_03,INV-105016,Benford's Law outlier (over-represented leading digit),7.0,Statistical Outlier
TXN-004910,2025-10-31,14:46,Friday,IT,Vendor_006,Utilities,77.77,40000,Approver_10,INV-105019,Benford's Law outlier (over-represented leading digit),7.0,Statistical Outlier
TXN-004770,2025-10-31,12:27,Friday,HR,Vendor_057,Utilities,728.03,15000,Approver_13,INV-105028,Benford's Law outlier (over-represented leading digit),7.0,Statistical Outlier
TXN-004759,2025-10-31,15:00,Friday,HR,Vendor_006,Utilities,4350.83,15000,Approver_06,INV-105030,Benford's Law outlier (over-represented leading digit),4.0,Statistical Outlier
TXN-004723,2025-10-31,11:02,Friday,HR,Vendor_036,Travel,420.8,15000,Approver_11,INV-105032,Benford's Law outlier (over-represented leading digit),4.0,Statistical Outlier
TXN-004614,2025-11-03,13:09,Monday,Procurement,Vendor_027,Software,71.65,50000,Approver_09,INV-105043,Benford's Law outlier (over-represented leading digit),7.0,Statistical Outlier
TXN-003320,2025-11-03,15:30,Monday,Finance,Vendor_050,Travel,495.81,60000,Approver_10,INV-105045,Benford's Law outlier (over-represented leading digit),4.0,Statistical Outlier
TXN-005847,2025-11-03,17:19,Monday,Marketing,Vendor_032,Supplies,7774.84,25000,Approver_01,INV-105049,Benford's Law outlier (over-represented leading digit),7.0,Statistical Outlier
TXN-004461,2025-11-03,11:46,Monday,IT,Vendor_035,Supplies,4232.2,40000,Approver_06,INV-105052,Benford's Law outlier (over-represented leading digit),4.0,Statistical Outlier
TXN-001175,2025-11-03,13:23,Monday,Marketing,Vendor_056,Consulting,422.84,25000,Approver_06,INV-105056,Benford's Law outlier (over-represented leading digit),4.0,Statistical Outlier
TXN-004072,2025-11-03,15:26,Monday,Marketing,Vendor_016,Utilities,439.62,25000,Approver_12,INV-105061,Benford's Law outlier (over-represented leading digit),4.0,Statistical Outlier
TXN-004476,2025-11-04,16:37,Tuesday,Marketing,Vendor_016,Utilities,4605.31,25000,Approver_05,INV-105064,Benford's Law outlier (over-represented leading digit),4.0,Statistical Outlier
TXN-004378,2025-11-04,10:16,Tuesday,Marketing,Vendor_030,Travel,46706.07,25000,Approver_02,INV-105071,Benford's Law outlier (over-represented leading digit),4.0,Statistical Outlier
TXN-004849,2025-11-05,15:57,Wednesday,Sales,Vendor_022,Consulting,43.09,20000,Approver_09,INV-105079,Benford's Law outlier (over-represented leading digit),4.0,Statistical Outlier
TXN-005369,2025-11-05,15:24,Wednesday,Procurement,Vendor_028,Misc,4397.71,50000,Approver_06,INV-105086,Benford's Law outlier (over-represented leading digit),4.0,Statistical Outlier
TXN-000574,2025-11-05,09:51,Wednesday,Finance,Vendor_040,Travel,73885.13,60000,Approver_01,INV-105096,Benford's Law outlier (over-represented leading digit),7.0,Statistical Outlier
TXN-002454,2025-11-06,14:04,Thursday,Procurement,Vendor_021,Equipment,48987.73,50000,Approver_15,INV-105105,Benford's Law outlier (over-represented leading digit),4.0,Statistical Outlier
TXN-005755,2025-11-06,12:31,Thursday,IT,Vendor_029,Equipment,-4681.23,40000,Approver_01,INV-105106,Benford's Law outlier (over-represented leading digit),4.0,Statistical Outlier
TXN-005606,2025-11-06,16:28,Thursday,Sales,Vendor_024,Consulting,72.91,20000,Approver_11,INV-105107,Benford's Law outlier (over-represented leading digit),7.0,Statistical Outlier
TXN-000113,2025-11-07,14:11,Friday,Procurement,Vendor_037,Utilities,746.36,50000,Approver_05,INV-105121,Benford's Law outlier (over-represented leading digit),7.0,Statistical Outlier
TXN-001604,2025-11-07,18:27,Friday,HR,Vendor_003,Consulting,747.08,15000,Approver_11,INV-105124,Benford's Law outlier (over-represented leading digit),7.0,Statistical Outlier
TXN-004622,2025-11-07,18:37,Friday,HR,Vendor_011,Travel,-4970.51,15000,Approver_09,INV-105127,Benford's Law outlier (over-represented leading digit),4.0,Statistical Outlier
TXN-002387,2025-11-07,11:20,Friday,Operations,Vendor_009,Supplies,41.92,30000,Approver_14,INV-105129,Benford's Law outlier (over-represented leading digit),4.0,Statistical Outlier
TXN-000730,2025-11-07,11:35,Friday,HR,Vendor_017,Equipment,778.6,15000,Approver_07,INV-105131,Benford's Law outlier (over-represented leading digit),7.0,Statistical Outlier
TXN-005915,2025-11-07,17:03,Friday,Marketing,Vendor_057,Utilities,7843.02,25000,Approver_03,INV-105138,Benford's Law outlier (over-represented leading digit),7.0,Statistical Outlier
TXN-005496,2025-11-10,16:10,Monday,Procurement,Vendor_008,Consulting,47312.14,50000,Approver_07,INV-105147,Benford's Law outlier (over-represented leading digit),4.0,Statistical Outlier
TXN-003006,2025-11-10,15:40,Monday,Operations,Vendor_032,Utilities,4551.71,30000,Approver_04,INV-105158,Benford's Law outlier (over-represented leading digit),4.0,Statistical Outlier
TXN-001657,2025-11-10,14:51,Monday,Marketing,Vendor_011,Supplies,745.63,25000,Approver_10,INV-105160,Benford's Law outlier (over-represented leading digit),7.0,Statistical Outlier
TXN-004056,2025-11-11,11:53,Tuesday,Operations,Vendor_037,Utilities,42094.97,30000,Approver_08,INV-105170,Benford's Law outlier (over-represented leading digit),4.0,Statistical Outlier
TXN-001557,2025-11-11,09:30,Tuesday,HR,Vendor_050,Software,425.46,15000,Approver_15,INV-105171,Benford's Law outlier (over-represented leading digit),4.0,Statistical Outlier
TXN-005370,2025-11-11,11:47,Tuesday,Procurement,Vendor_050,Misc,48.0,50000,Approver_10,INV-105178,Benford's Law outlier (over-represented leading digit),4.0,Statistical Outlier
TXN-004499,2025-11-11,16:23,Tuesday,Finance,Vendor_059,Utilities,48.15,60000,Approver_13,INV-105189,Benford's Law outlier (over-represented leading digit),4.0,Statistical Outlier
TXN-004399,2025-11-12,16:30,Wednesday,IT,Vendor_059,Utilities,432.39,40000,Approver_01,INV-105193,Benford's Law outlier (over-represented leading digit),4.0,Statistical Outlier
TXN-000668,2025-11-12,10:40,Wednesday,Sales,Vendor_023,Supplies,75.75,20000,Approver_03,INV-105198,Benford's Law outlier (over-represented leading digit),7.0,Statistical Outlier
TXN-003887,2025-11-12,15:46,Wednesday,Finance,Vendor_027,Travel,774.2,60000,Approver_09,INV-105200,Benford's Law outlier (over-represented leading digit),7.0,Statistical Outlier
TXN-002691,2025-11-12,08:15,Wednesday,Sales,Vendor_021,Consulting,76.54,20000,Approver_12,INV-105213,Benford's Law outlier (over-represented leading digit),7.0,Statistical Outlier
TXN-003779,2025-11-13,17:31,Thursday,Sales,Vendor_045,Equipment,423.69,20000,Approver_15,INV-105215,Benford's Law outlier (over-represented leading digit),4.0,Statistical Outlier
TXN-004444,2025-11-13,12:31,Thursday,Finance,Vendor_005,Misc,7500.0,60000,Approver_05,INV-105216,Benford's Law outlier (over-represented leading digit),7.0,Statistical Outlier
TXN-004460,2025-11-13,16:44,Thursday,Finance,Vendor_015,Misc,4108.18,60000,Approver_13,INV-105224,Benford's Law outlier (over-represented leading digit),4.0,Statistical Outlier
TXN-005905,2025-11-13,17:16,Thursday,IT,Vendor_032,Software,46.71,40000,Approver_07,INV-105233,Benford's Law outlier (over-represented leading digit),4.0,Statistical Outlier
TXN-002895,2025-11-13,15:10,Thursday,Procurement,Vendor_013,Consulting,49.49,50000,Approver_11,INV-105235,Benford's Law outlier (over-represented leading digit),4.0,Statistical Outlier
TXN-005384,2025-11-14,15:52,Friday,HR,Vendor_044,Travel,44.48,15000,Approver_05,INV-105242,Benford's Law outlier (over-represented leading digit),4.0,Statistical Outlier
TXN-001292,2025-11-14,14:02,Friday,Procurement,Vendor_023,Misc,49093.43,50000,Approver_13,INV-105243,Benford's Law outlier (over-represented leading digit),4.0,Statistical Outlier
TXN-003843,2025-11-14,18:09,Friday,Marketing,Vendor_005,Travel,413.26,25000,Approver_08,INV-105246,Benford's Law outlier (over-represented leading digit),4.0,Statistical Outlier
TXN-005462,2025-11-17,15:17,Monday,Sales,Vendor_010,Equipment,7293.21,20000,Approver_12,INV-105255,Benford's Law outlier (over-represented leading digit),7.0,Statistical Outlier
TXN-003747,2025-11-17,17:18,Monday,Operations,Vendor_009,Consulting,70162.3,30000,Approver_14,INV-105257,Benford's Law outlier (over-represented leading digit),7.0,Statistical Outlier
TXN-005497,2025-11-17,17:11,Monday,Sales,Vendor_033,Travel,45039.04,20000,Approver_06,INV-105258,Benford's Law outlier (over-represented leading digit),4.0,Statistical Outlier
TXN-002509,2025-11-17,11:31,Monday,IT,Vendor_016,Travel,7500.0,40000,Approver_02,INV-105264,Benford's Law outlier (over-represented leading digit),7.0,Statistical Outlier
TXN-003089,2025-11-17,08:19,Monday,IT,Vendor_042,Misc,445.66,40000,Approver_12,INV-105267,Benford's Law outlier (over-represented leading digit),4.0,Statistical Outlier
TXN-002986,2025-11-17,13:40,Monday,HR,Vendor_020,Software,469.33,15000,Approver_14,INV-105271,Benford's Law outlier (over-represented leading digit),4.0,Statistical Outlier
TXN-005033,2025-11-17,16:47,Monday,Sales,Vendor_055,Software,7944.78,20000,Approver_06,INV-105275,Benford's Law outlier (over-represented leading digit),7.0,Statistical Outlier
TXN-005013,2025-11-18,15:57,Tuesday,Procurement,Vendor_044,Consulting,48977.14,50000,Approver_10,INV-105289,Benford's Law outlier (over-represented leading digit),4.0,Statistical Outlier
TXN-005477,2025-11-18,17:53,Tuesday,Procurement,Vendor_024,Consulting,75777.25,50000,Approver_13,INV-105290,Benford's Law outlier (over-represented leading digit),7.0,Statistical Outlier
TXN-003318,2025-11-18,09:14,Tuesday,Marketing,Vendor_036,Supplies,461.43,25000,Approver_07,INV-105296,Benford's Law outlier (over-represented leading digit),4.0,Statistical Outlier
TXN-002258,2025-11-19,11:55,Wednesday,IT,Vendor_035,Travel,7869.2,40000,Approver_06,INV-105301,Benford's Law outlier (over-represented leading digit),7.0,Statistical Outlier
TXN-000285,2025-11-19,15:41,Wednesday,IT,Vendor_056,Utilities,441.03,40000,Approver_09,INV-105303,Benford's Law outlier (over-represented leading digit),4.0,Statistical Outlier
TXN-001737,2025-11-19,11:10,Wednesday,Procurement,Vendor_049,Consulting,49006.11,50000,Approver_11,INV-105304,Benford's Law outlier (over-represented leading digit),4.0,Statistical Outlier
TXN-005109,2025-11-19,15:57,Wednesday,Sales,Vendor_048,Travel,40.83,20000,Approver_15,INV-105305,Benford's Law outlier (over-represented leading digit),4.0,Statistical Outlier
TXN-003587,2025-11-19,17:31,Wednesday,IT,Vendor_020,Equipment,71.51,40000,Approver_09,INV-105306,Benford's Law outlier (over-represented leading digit),7.0,Statistical Outlier
TXN-002272,2025-11-20,10:22,Thursday,Finance,Vendor_012,Consulting,754.22,60000,Approver_01,INV-105326,Benford's Law outlier (over-represented leading digit),7.0,Statistical Outlier
TXN-000166,2025-11-20,15:37,Thursday,Procurement,Vendor_023,Consulting,465.15,50000,Approver_02,INV-105327,Benford's Law outlier (over-represented leading digit),4.0,Statistical Outlier
TXN-004177,2025-11-21,15:46,Friday,Procurement,Vendor_016,Supplies,431.85,50000,Approver_02,INV-105342,Benford's Law outlier (over-represented leading digit),4.0,Statistical Outlier
TXN-004371,2025-11-21,11:24,Friday,IT,Vendor_055,Utilities,418.38,40000,Approver_09,INV-105354,Benford's Law outlier (over-represented leading digit),4.0,Statistical Outlier
TXN-004314,2025-11-21,18:20,Friday,Marketing,Vendor_058,Misc,404.65,25000,Approver_05,INV-105359,Benford's Law outlier (over-represented leading digit),4.0,Statistical Outlier
TXN-004724,2025-11-24,15:45,Monday,HR,Vendor_035,Utilities,41687.58,15000,Approver_12,INV-105368,Benford's Law outlier (over-represented leading digit),4.0,Statistical Outlier
TXN-001973,2025-11-24,10:01,Monday,IT,Vendor_015,Software,4902.23,40000,Approver_15,INV-105369,Benford's Law outlier (over-represented leading digit),4.0,Statistical Outlier
TXN-001804,2025-11-24,13:51,Monday,HR,Vendor_049,Equipment,41.21,15000,Approver_01,INV-105375,Benford's Law outlier (over-represented leading digit),4.0,Statistical Outlier
TXN-001830,2025-11-24,18:56,Monday,Sales,Vendor_041,Travel,40.77,20000,Approver_03,INV-105381,Benford's Law outlier (over-represented leading digit),4.0,Statistical Outlier
TXN-001391,2025-11-24,15:07,Monday,Finance,Vendor_033,Software,-4564.72,60000,Approver_05,INV-105386,Benford's Law outlier (over-represented leading digit),4.0,Statistical Outlier
TXN-004282,2025-11-24,11:53,Monday,Marketing,Vendor_058,Misc,7361.1,25000,Approver_14,INV-105388,Benford's Law outlier (over-represented leading digit),7.0,Statistical Outlier
TXN-002530,2025-11-24,18:16,Monday,Procurement,Vendor_041,Software,4009.17,50000,Approver_15,INV-105392,Benford's Law outlier (over-represented leading digit),4.0,Statistical Outlier
TXN-005772,2025-11-25,16:07,Tuesday,HR,Vendor_026,Utilities,448.41,15000,Approver_10,INV-105397,Benford's Law outlier (over-represented leading digit),4.0,Statistical Outlier
TXN-002574,2025-11-25,21:40,Tuesday,Finance,Vendor_051,Utilities,46.15,60000,Approver_02,INV-105406,Benford's Law outlier (over-represented leading digit),4.0,Statistical Outlier
TXN-001523,2025-11-25,16:36,Tuesday,IT,Vendor_012,Utilities,4881.84,40000,Approver_04,INV-105410,Benford's Law outlier (over-represented leading digit),4.0,Statistical Outlier
TXN-000453,2025-11-25,11:18,Tuesday,Sales,Vendor_004,Supplies,750.1,20000,Approver_04,INV-105412,Benford's Law outlier (over-represented leading digit),7.0,Statistical Outlier
TXN-001608,2025-11-25,16:06,Tuesday,Operations,Vendor_058,Consulting,474.68,30000,Approver_10,INV-105414,Benford's Law outlier (over-represented leading digit),4.0,Statistical Outlier
TXN-002310,2025-11-26,11:22,Wednesday,Sales,Vendor_028,Software,72.1,20000,Approver_04,INV-105433,Benford's Law outlier (over-represented leading digit),7.0,Statistical Outlier
TXN-003934,2025-11-26,15:44,Wednesday,Procurement,Vendor_041,Supplies,73319.45,50000,Approver_07,INV-105437,Benford's Law outlier (over-represented leading digit),7.0,Statistical Outlier
TXN-000690,2025-11-27,13:01,Thursday,Marketing,Vendor_014,Utilities,75.15,25000,Approver_07,INV-105449,Benford's Law outlier (over-represented leading digit),7.0,Statistical Outlier
TXN-004453,2025-11-27,16:38,Thursday,HR,Vendor_050,Consulting,4866.01,15000,Approver_02,INV-105450,Benford's Law outlier (over-represented leading digit),4.0,Statistical Outlier
TXN-003016,2025-11-27,18:54,Thursday,Sales,Vendor_029,Supplies,465.05,20000,Approver_01,INV-105453,Benford's Law outlier (over-represented leading digit),4.0,Statistical Outlier
TXN-004812,2025-11-27,13:42,Thursday,HR,Vendor_007,Software,48.71,15000,Approver_09,INV-105454,Benford's Law outlier (over-represented leading digit),4.0,Statistical Outlier
TXN-004199,2025-11-28,15:50,Friday,Operations,Vendor_054,Supplies,-4074.41,30000,Approver_03,INV-105465,Benford's Law outlier (over-represented leading digit),4.0,Statistical Outlier
TXN-002903,2025-11-28,12:52,Friday,Marketing,Vendor_018,Supplies,707.58,25000,Approver_02,INV-105472,Benford's Law outlier (over-represented leading digit),7.0,Statistical Outlier
TXN-005861,2025-11-28,11:16,Friday,IT,Vendor_056,Equipment,43.0,40000,Approver_02,INV-105475,Benford's Law outlier (over-represented leading digit),4.0,Statistical Outlier
TXN-000330,2025-11-28,11:35,Friday,Operations,Vendor_037,Travel,7053.84,30000,Approver_02,INV-105482,Benford's Law outlier (over-represented leading digit),7.0,Statistical Outlier
TXN-001950,2025-12-01,12:27,Monday,Procurement,Vendor_017,Utilities,4537.07,50000,Approver_03,INV-105488,Benford's Law outlier (over-represented leading digit),4.0,Statistical Outlier
TXN-003617,2025-12-01,13:47,Monday,Procurement,Vendor_006,Utilities,43.18,50000,Approver_12,INV-105490,Benford's Law outlier (over-represented leading digit),4.0,Statistical Outlier
TXN-005479,2025-12-01,09:35,Monday,Operations,Vendor_023,Misc,7054.79,30000,Approver_09,INV-105506,Benford's Law outlier (over-represented leading digit),7.0,Statistical Outlier
TXN-003077,2025-12-02,15:01,Tuesday,Sales,Vendor_021,Supplies,456.06,20000,Approver_01,INV-105513,Benford's Law outlier (over-represented leading digit),4.0,Statistical Outlier
TXN-004795,2025-12-02,14:55,Tuesday,Finance,Vendor_057,Travel,465.42,60000,Approver_11,INV-105527,Benford's Law outlier (over-represented leading digit),4.0,Statistical Outlier
TXN-000751,2025-12-02,11:00,Tuesday,Finance,Vendor_054,Misc,73.18,60000,Approver_05,INV-105529,Benford's Law outlier (over-represented leading digit),7.0,Statistical Outlier
TXN-004495,2025-12-02,11:07,Tuesday,Procurement,Vendor_010,Travel,45.96,50000,Approver_01,INV-105532,Benford's Law outlier (over-represented leading digit),4.0,Statistical Outlier
TXN-002633,2025-12-03,11:34,Wednesday,Procurement,Vendor_019,Travel,49719.74,50000,Approver_02,INV-105534,Benford's Law outlier (over-represented leading digit),4.0,Statistical Outlier
TXN-001130,2025-12-03,12:03,Wednesday,Procurement,Vendor_034,Consulting,7692.61,50000,Approver_08,INV-105549,Benford's Law outlier (over-represented leading digit),7.0,Statistical Outlier
TXN-003382,2025-12-03,12:58,Wednesday,HR,Vendor_018,Travel,4125.3,15000,Approver_01,INV-105551,Benford's Law outlier (over-represented leading digit),4.0,Statistical Outlier
TXN-004547,2025-12-03,11:22,Wednesday,Operations,Vendor_058,Equipment,41.0,30000,Approver_11,INV-105553,Benford's Law outlier (over-represented leading digit),4.0,Statistical Outlier
TXN-002264,2025-12-04,18:47,Thursday,Sales,Vendor_011,Supplies,436.18,20000,Approver_13,INV-105557,Benford's Law outlier (over-represented leading digit),4.0,Statistical Outlier
TXN-004287,2025-12-04,16:53,Thursday,IT,Vendor_023,Misc,728.08,40000,Approver_08,INV-105562,Benford's Law outlier (over-represented leading digit),7.0,Statistical Outlier
TXN-004359,2025-12-04,09:06,Thursday,Sales,Vendor_003,Supplies,44.76,20000,Approver_05,INV-105567,Benford's Law outlier (over-represented leading digit),4.0,Statistical Outlier
TXN-005612,2025-12-05,15:14,Friday,Sales,Vendor_024,Consulting,491.88,20000,Approver_05,INV-105583,Benford's Law outlier (over-represented leading digit),4.0,Statistical Outlier
TXN-002718,2025-12-05,16:56,Friday,HR,Vendor_008,Consulting,435.08,15000,Approver_08,INV-105591,Benford's Law outlier (over-represented leading digit),4.0,Statistical Outlier
TXN-005972,2025-12-05,10:44,Friday,Procurement,Vendor_054,Supplies,746.61,50000,Approver_11,INV-105600,Benford's Law outlier (over-represented leading digit),7.0,Statistical Outlier
TXN-003406,2025-12-05,08:22,Friday,Procurement,Vendor_043,Travel,707.85,50000,Approver_01,INV-105601,Benford's Law outlier (over-represented leading digit),7.0,Statistical Outlier
TXN-003070,2025-12-08,18:56,Monday,IT,Vendor_004,Equipment,459.13,40000,Approver_10,INV-105613,Benford's Law outlier (over-represented leading digit),4.0,Statistical Outlier
TXN-002998,2025-12-08,09:36,Monday,Sales,Vendor_043,Travel,702.19,20000,Approver_08,INV-105622,Benford's Law outlier (over-represented leading digit),7.0,Statistical Outlier
TXN-001180,2025-12-08,15:22,Monday,Finance,Vendor_013,Utilities,759.54,60000,Approver_10,INV-105627,Benford's Law outlier (over-represented leading digit),7.0,Statistical Outlier
TXN-004987,2025-12-08,08:44,Monday,HR,Vendor_046,Supplies,7359.94,15000,Approver_07,INV-105631,Benford's Law outlier (over-represented leading digit),7.0,Statistical Outlier
TXN-000018,2025-12-09,11:32,Tuesday,Operations,Vendor_032,Misc,479.41,30000,Approver_10,INV-105634,Benford's Law outlier (over-represented leading digit),4.0,Statistical Outlier
TXN-003407,2025-12-09,13:56,Tuesday,Marketing,Vendor_060,Supplies,7500.0,25000,Approver_02,INV-105635,Benford's Law outlier (over-represented leading digit),7.0,Statistical Outlier
TXN-001463,2025-12-09,12:02,Tuesday,Sales,Vendor_014,Software,76451.58,20000,Approver_09,INV-105645,Benford's Law outlier (over-represented leading digit),7.0,Statistical Outlier
TXN-005966,2025-12-09,15:45,Tuesday,Finance,Vendor_043,Consulting,790.5,60000,Approver_10,INV-105647,Benford's Law outlier (over-represented leading digit),7.0,Statistical Outlier
TXN-004285,2025-12-09,11:58,Tuesday,Marketing,Vendor_003,Software,43166.94,25000,Approver_12,INV-105656,Benford's Law outlier (over-represented leading digit),4.0,Statistical Outlier
TXN-003279,2025-12-10,16:31,Wednesday,IT,Vendor_009,Misc,4890.02,40000,Approver_12,INV-105666,Benford's Law outlier (over-represented leading digit),4.0,Statistical Outlier
TXN-002440,2025-12-10,15:37,Wednesday,Marketing,Vendor_035,Supplies,416.59,25000,,INV-105667,Benford's Law outlier (over-represented leading digit),4.0,Statistical Outlier
TXN-002702,2025-12-10,15:35,Wednesday,Operations,Vendor_014,Travel,77637.04,30000,Approver_14,INV-105674,Benford's Law outlier (over-represented leading digit),7.0,Statistical Outlier
TXN-002659,2025-12-10,10:40,Wednesday,Finance,Vendor_025,Software,72.43,60000,Approver_06,INV-105670,Benford's Law outlier (over-represented leading digit),7.0,Statistical Outlier
TXN-005389,2025-12-10,09:32,Wednesday,Sales,Vendor_012,Software,-4919.97,20000,Approver_06,INV-105678,Benford's Law outlier (over-represented leading digit),4.0,Statistical Outlier
TXN-002791,2025-12-10,12:01,Wednesday,IT,Vendor_018,Equipment,7500.0,40000,Approver_10,INV-105681,Benford's Law outlier (over-represented leading digit),7.0,Statistical Outlier
TXN-004780,2025-12-11,11:19,Thursday,Finance,Vendor_035,Utilities,-4633.87,60000,Approver_09,INV-105699,Benford's Law outlier (over-represented leading digit),4.0,Statistical Outlier
TXN-000715,2025-12-11,13:16,Thursday,Sales,Vendor_031,Misc,426.01,20000,Approver_12,INV-105701,Benford's Law outlier (over-represented leading digit),4.0,Statistical Outlier
TXN-000496,2025-12-11,10:25,Thursday,Procurement,Vendor_047,Equipment,4792.46,50000,Approver_07,INV-105705,Benford's Law outlier (over-represented leading digit),4.0,Statistical Outlier
TXN-005295,2025-12-12,17:19,Friday,Operations,Vendor_028,Equipment,452.15,30000,Approver_09,INV-105712,Benford's Law outlier (over-represented leading digit),4.0,Statistical Outlier
TXN-005910,2025-12-12,15:54,Friday,HR,Vendor_039,Supplies,7500.0,15000,Approver_10,INV-105713,Benford's Law outlier (over-represented leading digit),7.0,Statistical Outlier
TXN-001167,2025-12-12,16:56,Friday,Marketing,Vendor_030,Supplies,745.53,25000,Approver_10,INV-105719,Benford's Law outlier (over-represented leading digit),7.0,Statistical Outlier
TXN-005815,2025-12-12,17:03,Friday,IT,Vendor_029,Utilities,4482.1,40000,Approver_06,INV-105722,Benford's Law outlier (over-represented leading digit),4.0,Statistical Outlier
TXN-003516,2025-12-12,12:43,Friday,IT,Vendor_044,Software,4375.14,40000,Approver_09,INV-105723,Benford's Law outlier (over-represented leading digit),4.0,Statistical Outlier
TXN-001544,2025-12-12,12:44,Friday,Finance,Vendor_019,Misc,76.79,60000,Approver_01,INV-105740,Benford's Law outlier (over-represented leading digit),7.0,Statistical Outlier
TXN-005424,2025-12-15,15:33,Monday,IT,Vendor_042,Travel,7915.16,40000,Approver_02,INV-105754,Benford's Law outlier (over-represented leading digit),7.0,Statistical Outlier
TXN-000295,2025-12-15,09:31,Monday,Marketing,Vendor_005,Software,786.55,25000,,INV-105756,Benford's Law outlier (over-represented leading digit),7.0,Statistical Outlier
TXN-004090,2025-12-15,10:19,Monday,Procurement,Vendor_051,Supplies,431.13,50000,Approver_04,INV-105760,Benford's Law outlier (over-represented leading digit),4.0,Statistical Outlier
TXN-005645,2025-12-16,09:57,Tuesday,Finance,Vendor_016,Supplies,7500.0,60000,Approver_13,INV-105766,Benford's Law outlier (over-represented leading digit),7.0,Statistical Outlier
TXN-004086,2025-12-16,10:12,Tuesday,Procurement,Vendor_057,Travel,466.39,50000,Approver_13,INV-105782,Benford's Law outlier (over-represented leading digit),4.0,Statistical Outlier
TXN-004471,2025-12-17,12:41,Wednesday,HR,Vendor_033,Travel,4266.52,15000,Approver_10,INV-105790,Benford's Law outlier (over-represented leading digit),4.0,Statistical Outlier
TXN-003480,2025-12-17,16:34,Wednesday,Finance,Vendor_038,Misc,479.31,60000,Approver_10,INV-105791,Benford's Law outlier (over-represented leading digit),4.0,Statistical Outlier
TXN-001880,2025-12-17,14:39,Wednesday,HR,Vendor_043,Travel,74363.08,15000,Approver_10,INV-105792,Benford's Law outlier (over-represented leading digit),7.0,Statistical Outlier
TXN-000803,2025-12-17,11:31,Wednesday,IT,Vendor_033,Software,422.76,40000,Approver_14,INV-105796,Benford's Law outlier (over-represented leading digit),4.0,Statistical Outlier
TXN-001198,2025-12-17,17:46,Wednesday,IT,Vendor_037,Equipment,463.65,40000,Approver_03,INV-105799,Benford's Law outlier (over-represented leading digit),4.0,Statistical Outlier
TXN-005871,2025-12-17,12:39,Wednesday,Procurement,Vendor_004,Consulting,74.35,50000,Approver_04,INV-105804,Benford's Law outlier (over-represented leading digit),7.0,Statistical Outlier
TXN-000587,2025-12-18,12:47,Thursday,Sales,Vendor_049,Utilities,73378.9,20000,Approver_06,INV-105822,Benford's Law outlier (over-represented leading digit),7.0,Statistical Outlier
TXN-004510,2025-12-22,15:06,Monday,Sales,Vendor_029,Consulting,7968.24,20000,Approver_02,INV-105842,Benford's Law outlier (over-represented leading digit),7.0,Statistical Outlier
TXN-005104,2025-12-22,17:12,Monday,Procurement,Vendor_010,Supplies,4803.99,50000,Approver_15,INV-105843,Benford's Law outlier (over-represented leading digit),4.0,Statistical Outlier
TXN-003998,2025-12-22,11:04,Monday,Finance,Vendor_038,Supplies,-496.36,60000,,INV-105848,Benford's Law outlier (over-represented leading digit),4.0,Statistical Outlier
TXN-001080,2025-12-22,13:58,Monday,Marketing,Vendor_016,Utilities,744.39,25000,Approver_01,INV-105852,Benford's Law outlier (over-represented leading digit),7.0,Statistical Outlier
TXN-004976,2025-12-22,11:15,Monday,HR,Vendor_054,Equipment,489.8,15000,Approver_14,INV-105856,Benford's Law outlier (over-represented leading digit),4.0,Statistical Outlier
TXN-000130,2025-12-22,15:37,Monday,Marketing,Vendor_023,Supplies,76.14,25000,Approver_09,INV-105860,Benford's Law outlier (over-represented leading digit),7.0,Statistical Outlier
TXN-005806,2025-12-23,14:46,Tuesday,HR,Vendor_028,Equipment,49.27,15000,Approver_13,INV-105868,Benford's Law outlier (over-represented leading digit),4.0,Statistical Outlier
TXN-000463,2025-12-23,15:13,Tuesday,Finance,Vendor_036,Utilities,7294.73,60000,Approver_06,INV-105871,Benford's Law outlier (over-represented leading digit),7.0,Statistical Outlier
TXN-000805,2025-12-23,16:37,Tuesday,Procurement,Vendor_053,Consulting,425.81,50000,Approver_09,INV-105874,Benford's Law outlier (over-represented leading digit),4.0,Statistical Outlier
TXN-000290,2025-12-24,09:01,Wednesday,Marketing,Vendor_008,Misc,4643.6,25000,Approver_02,INV-105886,Benford's Law outlier (over-represented leading digit),4.0,Statistical Outlier
TXN-000713,2025-12-24,16:03,Wednesday,IT,Vendor_029,Consulting,7382.49,40000,Approver_08,INV-105887,Benford's Law outlier (over-represented leading digit),7.0,Statistical Outlier
TXN-004729,2025-12-24,14:57,Wednesday,Sales,Vendor_043,Travel,78779.5,20000,Approver_06,INV-105897,Benford's Law outlier (over-represented leading digit),7.0,Statistical Outlier
TXN-001072,2025-12-24,00:38,Wednesday,Sales,Vendor_038,Misc,412.68,20000,Approver_01,INV-105894,Benford's Law outlier (over-represented leading digit),4.0,Statistical Outlier
TXN-004867,2025-12-25,15:59,Thursday,IT,Vendor_036,Equipment,761.53,40000,Approver_10,INV-105913,Benford's Law outlier (over-represented leading digit),7.0,Statistical Outlier
TXN-000802,2025-12-25,16:21,Thursday,Finance,Vendor_058,Consulting,7359.62,60000,Approver_07,INV-105916,Benford's Law outlier (over-represented leading digit),7.0,Statistical Outlier
TXN-002760,2025-12-25,09:28,Thursday,Operations,Vendor_026,Software,78.11,30000,Approver_02,INV-105920,Benford's Law outlier (over-represented leading digit),7.0,Statistical Outlier
TXN-003496,2025-12-25,10:26,Thursday,Operations,Vendor_021,Travel,45727.36,30000,Approver_03,INV-105924,Benford's Law outlier (over-represented leading digit),4.0,Statistical Outlier
TXN-005455,2025-12-26,11:36,Friday,Operations,Vendor_007,Consulting,42.12,30000,Approver_02,INV-105953,Benford's Law outlier (over-represented leading digit),4.0,Statistical Outlier
TXN-001835,2025-12-26,18:21,Friday,HR,Vendor_059,Utilities,470.51,15000,Approver_15,INV-105956,Benford's Law outlier (over-represented leading digit),4.0,Statistical Outlier
TXN-004126,2025-12-29,14:09,Monday,Operations,Vendor_018,Travel,792.21,30000,Approver_01,INV-105965,Benford's Law outlier (over-represented leading digit),7.0,Statistical Outlier
TXN-002455,2025-12-29,12:56,Monday,Sales,Vendor_020,Software,49.32,20000,Approver_02,INV-105970,Benford's Law outlier (over-represented leading digit),4.0,Statistical Outlier
TXN-003003,2025-12-29,15:53,Monday,Marketing,Vendor_032,Software,753.25,25000,Approver_08,INV-105971,Benford's Law outlier (over-represented leading digit),7.0,Statistical Outlier
TXN-001012,2025-12-29,14:03,Monday,Finance,Vendor_036,Software,7500.0,60000,Approver_01,INV-105972,Benford's Law outlier (over-represented leading digit),7.0,Statistical Outlier
TXN-000427,2025-12-29,11:46,Monday,Procurement,Vendor_003,Supplies,-4371.45,50000,Approver_08,INV-105977,Benford's Law outlier (over-represented leading digit),4.0,Statistical Outlier
TXN-001902,2025-12-30,17:09,Tuesday,IT,Vendor_017,Utilities,4299.64,40000,Approver_14,INV-105980,Benford's Law outlier (over-represented leading digit),4.0,Statistical Outlier
TXN-004278,2025-12-30,12:23,Tuesday,Marketing,Vendor_007,Utilities,4138.83,25000,Approver_12,INV-105981,Benford's Law outlier (over-represented leading digit),4.0,Statistical Outlier
TXN-000004,2025-12-30,14:56,Tuesday,IT,Vendor_025,Software,40.51,40000,,INV-105983,Benford's Law outlier (over-represented leading digit),4.0,Statistical Outlier
TXN-003361,2025-12-30,15:06,Tuesday,Marketing,Vendor_001,Misc,4773.6,25000,Approver_13,INV-105996,Benford's Law outlier (over-represented leading digit),4.0,Statistical Outlier
TXN-002564,2025-12-30,11:37,Tuesday,Finance,Vendor_035,Misc,771.03,60000,Approver_12,INV-105998,Benford's Law outlier (over-represented leading digit),7.0,Statistical Outlier
TXN-005491-D,2025-05-12,11:34,Monday,Marketing,Vendor_039,Software,711.93,25000,Approver_05,INV-102185,Benford's Law outlier (over-represented leading digit),7.0,Statistical Outlier
TXN-003258-D,2025-09-30,11:23,Tuesday,Sales,Vendor_048,Supplies,77.45,20000,Approver_10,INV-104524,Benford's Law outlier (over-represented leading digit),7.0,Statistical Outlier
TXN-002288-D,2025-06-26,16:00,Thursday,HR,Vendor_052,Equipment,72.88,15000,Approver_09,INV-102939,Benford's Law outlier (over-represented leading digit),7.0,Statistical Outlier
TXN-003093-D,2025-07-03,21:46,Thursday,HR,Vendor_015,Travel,492.17,15000,Approver_06,INV-103052,Benford's Law outlier (over-represented leading digit),4.0,Statistical Outlier
TXN-001463-D,2025-12-09,12:02,Tuesday,Sales,Vendor_014,Software,76451.58,20000,Approver_09,INV-105645,Benford's Law outlier (over-represented leading digit),7.0,Statistical Outlier
TXN-002831-D,2025-02-27,12:49,Thursday,Sales,Vendor_001,Consulting,463.14,20000,Approver_14,INV-100931,Benford's Law outlier (over-represented leading digit),4.0,Statistical Outlier
TXN-001481-D,2025-05-26,12:11,Monday,Marketing,Vendor_005,Misc,46.59,25000,Approver_14,INV-102427,Benford's Law outlier (over-represented leading digit),4.0,Statistical Outlier
TXN-001122-D,2025-09-12,12:25,Friday,Sales,Vendor_012,Equipment,475.47,20000,Approver_13,INV-104230,Benford's Law outlier (over-represented leading digit),4.0,Statistical Outlier
TXN-001369-D,2025-01-22,11:09,Wednesday,Marketing,Vendor_010,Equipment,75.64,25000,Approver_11,INV-100354,Benford's Law outlier (over-represented leading digit),7.0,Statistical Outlier
